Haikyuu!!,42395
Shingeki no Kyojin | Attack on Titan,35870
Naruto,26924
Hetalia: Axis Powers,25529
Yuri!!! on Ice (Anime),25180
Kuroko no Basuke | Kuroko's Basketball,17513
Free!,14657
Miraculous Ladybug,12244
Fullmetal Alchemist - All Media Types,11700
僕のヒーローアカデミア | Boku no Hero Academia | My Hero Academia,11024
One Piece,10394
Pocket Monsters | Pokemon - All Media Types,10287
Bleach,9951
Dangan Ronpa - All Media Types,9795
Yu-Gi-Oh! Series,9527
Katekyou Hitman Reborn!,7186
ジョジョの奇妙な冒険 | JoJo no Kimyou na Bouken | JoJo's Bizarre Adventure,7059
Fairy Tail,6961
Kuroshitsuji | Black Butler,6368
Tokyo Ghoul,5919
Gundam & Related Fandoms,5766
Yu-Gi-Oh!,5591
文豪ストレイドッグス | Bungou Stray Dogs,5056
Dangan Ronpa: Trigger Happy Havoc,4877
おそ松さん | Osomatsu-san (Anime),4837
Gundam Wing,4691
The Legend of Zelda & Related Fandoms,4687
TAKAHASHI Rumiko - Works,4598
CLAMP - Works,4579
Death Note & Related Fandoms,4454
ダイヤのA | Daiya no A | Ace of Diamond,4373
Fullmetal Alchemist: Brotherhood & Manga,4303
Death Note (Anime & Manga),4263
InuYasha - A Feudal Fairy Tale,4102
Hunter X Hunter,4050
終わりのセラフ | Owari no Seraph | Seraph of the End,4012
Tennis no Oujisama | Prince of Tennis,3987
DRAMAtical Murder - All Media Types,3789
Bishoujo Senshi Sailor Moon | Pretty Guardian Sailor Moon,3613
Durarara!!,3595
D.Gray-man,3430
Dragon Ball,3420
Persona 4,3234
Love Live! School Idol Project,2850
弱虫ペダル | Yowamushi Pedal,2822
Saiyuki,2723
ワンパンマン | One-Punch Man,2722
Soul Eater,2703
Gintama,2609
Kamen Rider - All Media Types,2444
Digimon - All Media Types,2239
Saint Seiya,2200
名探偵コナン | Detective Conan | Case Closed,2199
K (Anime),2170
Ouran High School Host Club - All Media Types,2043
モブサイコ100 | Mob Psycho 100,1964
Weiß Kreuz,1953
Fullmetal Alchemist (Anime 2003),1888
Pocket Monsters | Pokemon (Anime),1859
Magi: The Labyrinth of Magic,1844
刀剣乱舞 | Touken Ranbu,1808
Fate/stay night & Related Fandoms,1728
Mahou Shoujo Madoka Magika | Puella Magi Madoka Magica,1725
Hikaru no Go,1703
Finder no Hyouteki | Finder Series,1677
Tsubasa: Reservoir Chronicle,1586
幽☆遊☆白書 | YuYu Hakusho: Ghost Files,1486
Love Live! Sunshine!!,1440
Ao no Exorcist | Blue Exorcist,1391
Yu-Gi-Oh! ARC-V,1385
Tales of Zestiria,1342
Yu-Gi-Oh! Zexal,1329
Assassination Classroom,1237
Neon Genesis Evangelion,1115
xxxHoLic,1109
Devil May Cry,1060
Magic Kaito,1056
Tiger & Bunny,1043
No. 6 - All Media Types,1039
Bishoujo Senshi Sailor Moon | Pretty Guardian Sailor Moon (Anime & Manga),1036
Code Geass,1030
Akatsuki no Yona | Yona of the Dawn,1022
Kyou Kara Maou!,1014
Psycho-Pass,1011
美男高校地球防衛部LOVE! | Binan Koukou Chikyuu Bouei-bu LOVE!,1000
Dangan Ronpa 3: The End of 希望ヶ峰学園 | The End of Kibougamine Gakuen | End of Hope's Peak High School,978
Hellsing,951
Kill la Kill,950
闇の末裔 | Yami No Matsuei | Descendants of Darkness,948
Digimon Adventure Zero Two | Digimon Adventure 02,904
Ookiku Furikabutte | Big Windup!,904
NAKAMURA Shungiku - Works,859
Pandora Hearts,855
ノラガミ | Noragami,849
Natsume Yuujinchou | Natsume's Book of Friends,807
Yu-Gi-Oh! GX,803
Aldnoah.Zero (Anime & Manga),795
Shoujo Kakumei Utena | Revolutionary Girl Utena,778
Vampire Knight (Anime & Manga),778
Rockman | Mega Man - All Media Types,759
Cardcaptor Sakura,751
Pocket Monsters: Black & White | Pokemon Black and White Versions,742
FAKE (Manga),738
Rurouni Kenshin,738
Fate/Zero,693
X -エックス- | X/1999,690
Baccano!,678
Uta no Prince-sama,654
Fruits Basket,651
Servamp (Anime & Manga),645
Yu-Gi-Oh! 5D's,620
Pocket Monsters SPECIAL | Pokemon Adventures,599
Digimon Adventure,572
Eroica Yori Ai o Komete | From Eroica with Love,562
Junjou Romantica,553
Princess Tutu,548
Joker Game (Anime),527
Loveless,526
Fate/stay night - All Media Types,514
Eyeshield 21,499
Sengoku Basara,497
No. 6 (Anime & Manga),490
Ranma 1/2,482
Slayers (Anime & Manga),451
Little Witch Academia,450
赤髪の白雪姫 | Akagami no Shirayukihime,449
Beyblade,445
月刊少女野崎くん | Gekkan Shoujo Nozaki-kun,441
Three Kingdoms History & Adaptations - All Media Types,440
Gundam 00,421
Sword Art Online,411
Gravitation,409
Cardfight!! Vanguard,398
Hakuouki,387
亜人 - 三浦追儺 & 桜井画門 | Ajin - Miura Tsuina & Sakurai Gamon,385
Pet Shop of Horrors,381
Howl's Moving Castle - All Media Types,365
Sekai-ichi Hatsukoi,357
GetBackers,356
Mekakucity Actors,354
Pocket Monsters: Diamond & Pearl & Platinum | Pokemon Diamond Pearl Platinum Versions,351
Tokyo Babylon,350
蒼穹のファフナー | Fafner,342
Cowboy Bebop,340
Claymore,334
Ghost - Ambiguous Fandom,326
Diabolik Lovers,325
七つの大罪 | Nanatsu no Taizai | The Seven Deadly Sins,319
Gangsta. (Anime & Manga),314
プリキュア | PreCure | Pretty Cure Series,314
Ginga Eiyuu Densetsu | Legend of the Galactic Heroes,313
残響のテロル | Zankyou no Terror | Terror in Resonance,312
Ghost Hunt,303
Karneval (Anime & Manga),291
Kagaku Ninja Tai Gatchaman & Related Fandoms,287
Skip Beat!,285
Saiyuki Gaiden,283
Berserk,277
Trigun,276
サムライフラメンコ | Samurai Flamenco,274
Kirby - All Media Types,273
D.N. Angel,269
血界戦線 | Kekkai Sensen | Blood Blockade Battlefront,264
響け! ユーフォニアム | Hibike! Euphonium (Anime),262
ハマトラ | Hamatora,258
Magic Knight Rayearth,257
Gundam SEED,249
食戟のソーマ | Food Wars! Shokugeki no Soma,249
Arslan Senki | Heroic Legend of Arslan,247
Pokemon Mystery Dungeon,245
ツキウタ。 | Tsukiuta.,245
スタミュ: 高校星歌劇 | Starmyu | High School Star Musical,241
聖闘士星矢: 冥王神話 | Saint Seiya: The Lost Canvas,239
Digimon Tamers,237
涼宮ハルヒ | Suzumiya Haruhi - All Media Types,232
Ai no Kusabi,228
Digimon Frontier,226
悪魔のリドル | Akuma no Riddle | Riddle Story of Devil,225
Noblesse (Manhwa),225
Sen to Chihiro no Kamikakushi | Spirited Away,225
Sex Pistols | Love Pistols,224
Inazuma Eleven GO,220
Tenkuu no Escaflowne | The Vision of Escaflowne,220
Digimon Adventure tri.,215
Death Note: Another Note,209
Yoroiden Samurai Troopers | Ronin Warriors,209
Higurashi no Naku Koro ni | Higurashi When They Cry,199
BlazBlue,192
07-Ghost,190
Darker Than Black,190
Lupin III,185
World Trigger,183
Gokusen - All Media Types,182
機動戦士ガンダム 鉄血のオルフェンズ | Mobile Suit Gundam: Iron-Blooded Orphans,181
Samurai Champloo,180
ナンバカ | Nanbaka,172
Umineko no Naku Koro ni | When the Seagulls Cry,172
Show By Rock!! - All Media Types,171
AKB48 & Related Fandoms,170
Prince of Stride: Alternative (Anime),170
Yu-Gi-Oh! VRAINS,170
Captain Harlock,168
天使禁猟区 | Tenshi Kinryoku | Angel Sanctuary,166
境界の彼方 | Kyoukai no Kanata | Beyond the Boundary,156
Saiunkoku Monogatari,156
Black Lagoon,154
Tokyo Mew Mew,152
Trinity Blood,151
Fushigi Yuugi,150
Nabari no Ou,148
DOGS (Manga),147
Togainu no Chi,147
Mushishi,142
Tengen Toppa Gurren Lagann,140
91 Days (Anime),139
Shugo Chara!,137
Toriko (Anime & Manga),137
The Count of Monte Cristo - All Media Types,135
Rebuild of Evangelion | Evangelion: New Theatrical Edition,135
Shaman King,134
ALL OUT!! - Amase Shiori (Anime & Manga),133
Mai-HiME,131
Senyuu.,131
僕だけがいない街 | ERASED,130
Wild Adapter,130
学園アリス | Gakuen Alice,128
Gakuen Heaven - All Media Types,127
Kagaku Ninja Tai Gatchaman | Science Ninja Team Gatchaman,126
Tsuritama,126
Cain Saga and Godchild,124
Senki Zesshou Symphogear,122
Future Card Buddyfight,121
Highschool DxD (Anime),121
Peacemaker Kurogane,121
Death Parade (Anime),120
Blood+,119
Beelzebub (Anime & Manga),116
DAYS (Anime & Manga),116
小林さんちのメイドラゴン | Kobayashi-san Chi no Maid Dragon | Miss Kobayashi's Dragon Maid,113
Makai Ouji: Devils and Realist,113
ヴァ二タスの手記 - 望月淳 | The Case Study of Vanitas - Mochizuki Jun,112
Tenimyu RPF,112
Battle Royale - All Media Types,111
疾風！アイアンリーガー | Shippu! Iron Leaguer,111
合法ドラッグ | Gouhou Drug | Legal Drug,110
K-On!,110
.hack - All Media Types,109
Digimon Xros Wars | Digimon Fusion,107
Nurarihyon no Mago | Nura: Rise of the Yokai Clan,107
Classicaloid (Anime),106
未来日記 | Mirai Nikki | Future Diary,105
Bakuten Shoot Beyblade,104
ちはやふる | Chihayafuru,104
Howl no Ugoku Shiro | Howl's Moving Castle,103
THE iDOLM@STER,103
Ghost in the Shell (Anime & Manga),101
Mahou Shoujo Lyrical Nanoha | Magical Girl Lyrical Nanoha,101
Brave Police J-Decker,100
Rockman.EXE | Mega Man Battle Network,100
裏切りは僕の名前を知っている | Uragiri wa Boku no Namae wo Shitteiru | The Betrayal Knows My Name,100
Heart no Kuni no Alice | Alice in the Country of Hearts,98
神々の悪戯 | Kamigami no Asobi,98
Wolf's Rain,98
Gundam Build Fighters,97
宝石の国 - 市川春子 | Houseki no Kuni - Ichikawa Haruko,97
四月は君の嘘 | Shigatsu wa Kimi no Uso | Your lie in April,97
Toaru Majutsu no Index | A Certain Magical Index,97
絶対可憐チルドレン | Zettai Karen Children | Psychic Squad & The Unlimited: Hyoubu Kyousuke,97
Fruits Basket - Takaya Natsuki (Manga),95
Universal Century Gundam,95
Akame ga Kill!,92
Danball Senki,92
Mahou Sensei Negima!,92
ACCA13区監察課 | ACCA 13-ku Kansatsuka,91
Clover - CLAMP,91
Slam Dunk,91
Juuni Kokki | Twelve Kingdoms,90
Metal Fight Beyblade | Beyblade: Metal Fusion,89
Hanazakari no Kimitachi e | Hana-Kimi & Related Fandoms,89
鬼灯の冷徹 | Hoozuki no Reitetsu,89
Sonic X,89
Rosario + Vampire,88
Hyouka & Kotenbu Series,87
Kakumeiki Valvrave | Valvrave the Liberator,87
Full Metal Panic,86
Hana Yori Dango & Related Fandoms,86
ひるなかの流星 | Hirunaka no Ryuusei | Daytime Shooting Star,86
妖怪ウォッチ | Yo-Kai Watch,86
Black Cat (Anime & Manga),85
キズナイーバー | Kiznaiver (Anime),85
モノノ怪 | Mononoke (Anime & Manga),85
Air Gear,84
Shiki (Anime & Manga),84
賭博黙示録カイジ | Tobaku Mokushiroku Kaiji | Ultimate Survivor Kaiji (Anime & Manga),84
吾命騎士 - 御我 | The Legend of the Sun Knight - Yu Wo,83
Monster (Manga),81
Elfen Lied,80
Bakugan Battle Brawlers,78
不機嫌なモノノケ庵 | Fukigen na Mononokean | The Morose Mononokean,78
Hoshi no Kaabii | Kirby: Right Back at Ya!,78
Log Horizon,78
Nana,78
Kimi to Boku | You and I,77
Steins;Gate,77
Fate/stay night: Unlimited Blade Works (Anime 2014),76
Gankutsuou: The Count of Monte Cristo,76
君の名は。| Kimi no Na wa. | Your Name.,76
Last Exile,75
青春×機関銃 | Aoharu x Kikanjuu | Aoharu x Machinegun,74
Digimon Savers | Digimon Data Squad,74
Hataraku Maou-Sama! | The Devil Is a Part-Timer!,74
Kamisama Hajimemashita | Kamisama Kiss,74
神撃のバハムート | Shingeki no Bahamut | Rage of Bahamut (Anime),74
Versailles no Bara | Rose of Versailles,74
Initial D,73
신의 탑 | Tower of God,73
Cyborg 009,72
Bakuman,71
終焉ノ栞プロジェクト | Shuuen no Shiori Project,71
魔法使いの嫁 | Mahou Tsukai no Yome | The Ancient Magus Bride,69
Deadman Wonderland,68
Fruits Basket (Anime),68
Gundam SEED Destiny,68
Strike Witches,68
Dragon Kishi-dan | Dragon Knights,67
アイカツ! アイドルカツドウ! | Aikatsu!,66
ベイブレードバースト | Beyblade Burst (Anime),66
Chobits,66
Weiß Side B (Manga),66
炎の蜃気楼[ミラージュ] | Honoo no Mirage | Mirage of Blaze,65
Liar Game,65
Samurai Deeper Kyo,65
Toaru Kagaku no Railgun | A Certain Scientific Railgun,65
会長はメイド様! | Kaichou wa Maid-sama! | Maid Sama!,64
昭和元禄落語心中 | Shouwa Genroku Rakugo Shinjuu (Anime),64
Vampire Hunter D,64
Gakuen Mokushiroku | Highschool of the Dead,63
Angel Beats!,62
曇天に笑う | Donten ni Warau,62
Noir (Anime),62
Panty & Stocking with Garterbelt,62
Vassalord,62
ああっ女神さまっ | Ah! Megami-sama! | Oh My Goddess!,61
Azumanga Daioh,61
Code Name: Sailor V,61
Keroro Gunsou | Sgt. Frog,61
Mugen no Juunin | Blade of the Immortal,61
Neko no Ongaeshi | The Cat Returns,61
Gatchaman Crowds,60
Haru wo Daiteita | Embracing Love,60
モンスター娘のいる日常 | Monster Musume no Iru Nichijou,59
Soul Eater Not!,59
Hyakujitsu no Bara | Maiden Rose,58
Koi Suru Bou-kun | The Tyrant Falls in Love,58
Dance with Devils (Anime),57
Kuroshitsuji : The Most Beautiful DEATH in the World - Iwasaki/Mori/Mari,57
Shiritsu Horitsuba Gakuen,57
田中くんはいつもけだるげ | Tanaka-kun wa Itsumo Kedaruge | Tanaka is Always Listless,57
Witch Hunter Robin,57
ばらかもん | Barakamon,56
Boruto: Naruto Next Generations,56
Koukyoushihen Eureka Seven | Eureka seveN (Anime),56
Mawaru Penguindrum,56
Mononoke-hime | Princess Mononoke,56
Amnesia (Game & Anime),55
Fate/Apocrypha,55
Gungrave,54
Matantei Loki Ragnarok | Mythical Detective Loki Ragnarok,54
Monochrome Factor,54
ボールルームへようこそ | Ballroom e Youkoso,53
花ざかりの君たちへ | Hanazakari no Kimitachi e | Hana-Kimi (Manga),53
RG Veda (Manga),53
Tytania,53
Sekirei,52
Gorgeous Carat (Manga),51
王室教師ハイネ | Oushitsu Kyoushi Haine | The Royal Tutor (Anime),51
坂本ですが？ | Sakamoto desu ga? | Haven't You Heard? I'm Sakamoto,51
Mach GoGoGo | Speed Racer,50
天地無用! | Tenchi Muyo!,50
ゼロの使い魔 | Zero no Tsukaima | The Familiar of Zero,50
Maria-sama ga Miteru,49
Oban Star-Racers,49
囀る鳥は羽ばたかない | Saezuru Tori wa Habatakanai,49
新白雪姫伝説プリーティア | Shin Shirayuki-hime Densetsu Prétear | Prétear - The New Legend of Snow White,49
BIRDMEN - 田辺イエロウ | Tanabe Yellow,48
Kara no Kyoukai | The Garden of Sinners,48
Rookies - Morita Masanori & Related Fandoms,48
Clannad,47
Okane ga Nai,47
Clamp Gakuen Tanteidan | Clamp School Detectives,46
甲鉄城のカバネリ | Koutetsujou no Kabaneri | Kabaneri of the Iron Fortress (Anime),46
Samurai 7,46
Akira - All Media Types,45
爆れつハンター | Bakuretsu Hunters | Sorcerer Hunters,45
Gregory Horror Show,45
외모지상주의 | Lookism,45
Macross - All Media Types,45
Supernatural: The Animation,45
Yotsuba to! | Yotsuba&!,45
Chrno Crusade,44
New Game! (Anime & Manga),44
Zoids,44
Black Jack (Anime & Manga),43
Brothers Conflict,43
機動戦士ガンダム | Mobile Suit Gundam (TV),43
ぢゅん子 | JUNKO - Works,43
Mai-Otome,43
廃れ夢 | Obsolete Dream,43
進撃の巨人 | Shingeki no Kyojin | Attack on Titan (Movies),43
Drifters (Anime & Manga),42
私がモテてどうすんだ | Watashi ga Motete Dousunda | Kiss Him Not Me,42
Yamato Nadeshiko Shichi Henge | The Wallflower - All Media Types,42
BanG Dream! (Anime),41
마왕일기 | Demon Diary,41
Devilman,41
FRAGILE さよなら月の廃墟 | Fragile Dreams: Farewell Ruins of the Moon,41
スマイルプリキュア! | Smile PreCure!,41
AR∀GO ロンドン市警特殊犯罪捜査官 | Arago,40
Canaan (Anime),40
Girls und Panzer,40
Kiniro no Corda | La Corda d'Oro,40
Majo no Takkyuubin | Kiki's Delivery Service,40
Space ☆ Dandy,40
フレッシュプリキュア! | Fresh Pretty Cure!,39
Kimi ni Todoke | From Me to You,39
Little Busters!,39
Seiyou Kottou Yougashiten | Antique Bakery,39
Ergo Proxy (Anime),38
Ginyuu Mokushiroku Meine Liebe | Meine Liebe,38
賭ケグルイ | Kakegurui (Anime),38
俺物語!! | Ore Monogatari!!,38
聖闘士星矢: 黄金魂 | Saint Seiya: Soul of Gold,38
やはり俺の青春ラブコメはまちがっている。 | My Teen Romantic Comedy SNAFU (Anime),38
ドキドキ！プリキュア | DokiDoki! PreCure,37
Lucky Star - All Media Types,37
Majin Tantei Nougami Neuro,37
Popee the Performer (Anime),37
RH Plus,37
聖闘士星矢Ω | Saint Seiya Omega,37
終末のイゼッタ | Shuumatsu no Izetta | Izetta: The Last Witch (Anime),37
Tsukihime,37
YuruYuri,37
GaoGaiGar,36
ハートキャッチプリキュア! | Heartcatch Precure!,36
Kekkaishi,36
Nodame Cantabile (Anime & Manga),36
selector infected WIXOSS,36
Shirokuma Cafe | Polar Bear's Cafe,36
Tactics (Anime & Manga),36
Ano Hi Mita Hana no Namae o Boku-tachi wa Mada Shiranai,35
Gate 7,35
Groove Adventure RAVE | Rave Master,35
ハピネスチャージプリキュア! | HappinessCharge PreCure!,35
Noein,35
Super Lovers (Anime & Manga),35
TsukiPro the Animation,35
1/2 Wangzi | 1/2 Prince,34
B-PROJECT 鼓動＊アンビシャス | B-PROJECT: Kodou Ambitious,34
CØDE:BREAKER | Code:Breaker,34
.hack//SIGN,34
北斗の拳 | Hokuto no Ken | Fist of the North Star,34
Seirei no Moribito | Guardian of the Sacred Spirit,34
スパイダーライダーズ ~オラクルの勇者たち | Spider Riders ~Oracle no Yuusha-tachi~,34
Strawberry Panic!,34
Tantei Gakuen Q | Detective Academy Q,34
鉄風 | Teppuu (Manga),34
Zombie-Loan,34
Densetsu no Yuusha no Densetsu | The Legend of the Legendary Heroes,33
Hajime no Ippo | Fighting Spirit,33
Love Mode,33
おおかみこどもの雨と雪 | Ookami Kodomo no Ame to Yuki | The Wolf Children Ame and Yuki,33
カーストヘヴン | Caste Heaven,32
Koko wa Greenwood | Here is Greenwood,32
魔法科高校の劣等生 | Mahouka Koukou no Rettousei | The Irregular at Magic High School,32
+Anima,31
Banana Fish,31
Crimson Spell,31
Digimon Universe: Appli Monsters,31
Ginga | Silver Fang,31
Lucky Star (Manga),31
凪のあすから | Nagi no Asukara | Nagi-Asu: A Lull in the Sea,31
R.O.D: Read or Die & Related Fandoms,31
Star Driver: Kagayaki no Takuto,31
Takumi-kun Series,31
Tonari no Kaibutsu-kun | My Little Monster,31
Toradora!,31
バチカン奇跡調査官 | Vatican Kiseki Chousakan | Vatican Miracle Examiner (Anime),31
Another - Ayatsuji Yukito,30
Bubblegum Crisis,30
Clover no Kuni no Alice | Alice in the Country of Clover,30
Dragon Age: Blood Mage no Seisen | Dragon Age: Dawn of the Seeker,30
El Hazard: The Magnificent World,30
orange - 高野苺 | Takano Ichigo,30
聖闘士星矢 Legend of Sanctuary | Saint Seiya: Legend of Sanctuary (2014),30
Sakamichi no Apollon | Kids on the Slope,30
"TRICKSTER - 江戸川乱歩「少年探偵団」より | Trickster: From Edogawa Ranpo's ""The Boy Detectives Club"" (Anime)",30
妖怪人間ベム | Youkai Ningen Bem | Humanoid Monster Bem,30
Blood-C,29
チア男子!! | Cheer Danshi!! | Cheer Boys!!,29
Flip Flappers (Anime),29
神無月の巫女 | Kannazuki no Miko | Destiny of the Shrine Maiden,29
寄生獣 | Kiseiju | Parasyte,29
Kuragehime | Princess Jellyfish,29
魔法少女育成計画 | Mahou Shoujo Ikusei Keikaku | Magical Girl Raising Project (Anime),29
ニセコイ | Nisekoi: False Love,29
Tetsuwan Atom | Astro Boy,29
G Gundam,28
がっこうぐらし! | Gakkou Gurashi! | School-Live!,28
Hachimitsu to Clover | Honey and Clover,28
からくりサーカス | Karakuri Circus,28
Red Garden,28
進撃！巨人中学校 | Shingeki! Kyojin Chuugakkou | Attack on Titan: Junior High,28
少年ハリウッド | Shounen Hollywood (Anime),28
Toward the Terra,28
Baka to Test to Shokanju | Baka and Test: Summon the Beasts,27
The Big O,27
citrus - サブロウタ | citrus - Saburouta,27
Giant Killing,27
Ojamajo Doremi,27
Oniisama E,27
특영반 | Supernatural Investigation Department (S.I.D.),27
私がモテないのはどう考えてもお前らが悪い! | Watamote - No Matter How I Look At It It's You Guys' Fault I'm Unpopular!,27
結城友奈は勇者である | Yuuki Yuuna wa Yuusha de aru | Yuki Yuna is a Hero,27
Amatsuki (Anime & Manga),26
Bakemonogatari,26
Bloody Monday - All Media Types,26
Gake no Ue no Ponyo | Ponyo,26
Gakuen Tokkei DUKLYON | Duklyon: Clamp School Defenders,26
Haibane Renmei,26
幻影ヲ駆ケル太陽 il sole penetra le illusioni | Day Break Illusion,26
Kaze no Tani no Naushika | Nausicaä of the Valley of the Wind,26
Kobato,26
Love Stage!! & Back Stage!!,26
MEGANEBU!,26
Sentou Yousei Yukikaze | Battle Fairy Snowstorm,26
Whistle!,26
Black Clover - 田畠裕基 | Tabata Yuki,25
Black Rock Shooter - All Media Types,25
Genshiken,25
Go! プリンセスプリキュア | Go! Princess Pretty Cure,25
Guilty Crown,25
Kino no Tabi | Kino's Journey - All Media Types,25
マクロス Frontier | Macross Frontier,25
Overlord - Maruyama Kugane & Related Fandoms,25
Re:ゼロから始める異世界生活 | Re:Zero Starting Life in Another World (Anime),25
Saber Rider and the Star Sheriffs,25
Spiral: Suiri no Kizuna,25
Tonari no Totoro | My Neighbor Totoro (1988),25
Vinland Saga (Manga),25
幕末Rock | Bakumatsu Rock - All Media Types,24
コスモウォーリアー零 | Cosmo Warrior Zero,24
Fate/strange fake,24
SD Gundam Force,24
正解するカド | Kado: The Right Answer,24
Sayonara Zetsubou-Sensei,24
Seihou Bukyou Outlaw Star | Outlaw Star,24
SKET Dance,24
Uzumaki,24
Wish (Manga),24
Fate/kaleid liner PRISMA ILLYA,23
Gundam SEED Astray,23
Houshin Engi,23
Mei-chan no Shitsuji,23
쿠베라 | One Last God Kubera,23
オレん家のフロ事情 | Orenchi no Furo Jijou | The Circumstances in My Home's Bathtub,23
Re:CREATORS (Anime),23
天空の城ラピュタ | Tenkuu no Shiro Laputa | Laputa: Castle in the Sky,23
天空侵犯 | Tenkuu Shinpan,23
うる星やつら | Urusei Yatsura,23
Chevalier: Le Chevalier D'Eon,22
FLCL,22
Gantz,22
ラブひな | Love Hina,22
Phantom: Requiem for the Phantom,22
Princess Principal (Anime),22
Ushio to Tora | Ushio and Tora,22
치즈인더트랩 | Cheese in the Trap,21
同級生 - 中村明日美子 | Doukyuusei - Nakamura Asumiko & Related Fandoms,21
Et Cetera (Manga),21
ゴールデンカムイ | Golden Kamuy (Manga),21
Gunslinger Girl,21
灰と幻想のグリムガル | Hai to Gensou no Grimgar | Grimgar of Fantasy and Ash (Anime),21
怪盗ジョーカー | Kaitou Joker | Mysterious Joker,21
Oresama Sensei | Oresama Teacher,21
斉木楠雄のΨ難 | Saiki Kusuo no Sai-nan | The Disastrous Life of Saiki K.,21
Saiyuki Ibun,21
スイート プリキュア♪ | Suite Precure♪,21
Un-Go,21
イース | Ys,21
絶園のテンペスト | Zetsuen no Tempest | Blast of Tempest,21
Ao Haru Ride,20
Are You Alice?,20
City Hunter (Manga),20
Doraemon (Manga),20
イタズラなKiss | Itazura na Kiss | Playful Kiss,20
Jigoku Shoujo | Hell Girl,20
Kichiku Megane,20
Konjiki no Gash!! | Zatch Bell!,20
京四郎と永遠の空 | Kyoushirou to Towa no Sora | Shattered Angels,20
Princess Princess (Anime & Manga),20
Sarai-ya Goyou | House of Five Leaves,20
将国のアルタイル | Shoukoku no Altair | The Stratocracy of Altair,20
Silver Diamond,20
双星の陰陽師 | Sousei no Onmyouji | Twin Star Exorcists,20
The Tarot Café,20
Uchuu no Kishi Tekkaman Blade | Teknoman,20
Battle Royale (Manga),19
Enzai: Falsely Accused,19
IS: Infinite Stratos,19
Kaze no Stigma,19
霧雨が降る森 | Kirisame ga furu mori | Forest of Drizzling Rain,19
クズの本懐 | Kuzu no Honkai | Scum's Wish,19
Litchi Hikari Club | Lychee Light Club,19
Pumpkin Scissors,19
Serial Experiments Lain,19
Seven Days (Manga),19
シドニアの騎士 | Sidonia no Kishi | Knights of Sidonia,19
To Love-Ru,19
Boku no Chikyuu wo Mamotte | Please Save My Earth,18
Café Kichijouji de,18
Candy Candy,18
Corpse Party: Tortured Souls,18
Demashitaa! Powerpuff Girls Z,18
Hyakujuuou GoLion | Beast King GoLion,18
ジョーカーの国のアリス | Joker no Kuni no Alice | Alice in the Country of Joker,18
Kaleido Star,18
Kareshi Kanojo no Jijou | Kare Kano,18
灵契 | Ling Qi | Spiritpact,18
One Outs - All Media Types,18
Paradise Kiss,18
宇宙戦艦ヤマト2199 | Space Battleship Yamato 2199 (Anime),18
Toki o Kakeru Shoujo | The Girl Who Leapt Through Time,18
Boku wa Tomodachi ga Sukunai | Haganai,17
ボクラノキセキ | Bokura no Kiseki,17
Captain Tsubasa (Anime & Manga),17
Jormungand (Manga),17
Koe no Katachi,17
３月のライオン | March Comes in Like A Lion (Manga),17
Munto (Anime),17
Otome Youkai Zakuro,17
乱歩奇譚 Game of Laplace | Ranpo Kitan: Game of Laplace,17
Saint Oniisan | Saint Young Men,17
Shin Sekai Yori | From the New World,17
Switch (Manga),17
Terra Formars,17
Vampire Game,17
ユリ熊嵐 | Yuri Kuma Arashi,17
15 明刹工業高校ラグビー部 | 15 - Meisetsu Kougyou Koukou Rugby Bu,16
カンタレラ - 氷栗優 | Cantarella - Higuri You,16
Charlotte (Anime),16
Ciel: The Last Autumn Story,16
Dorohedoro,16
Hybrid Child (Anime & Manga),16
Kaitou Saint Tail,16
この素晴らしい世界に祝福を! | KonoSuba: God's Blessing on this Wonderful World! - All Media Types,16
Lovely Complex (Anime & Manga),16
No Game No Life - Kamiya Yuu,16
ピンポン The Animation | Ping Pong The Animation,16
Romeo x Juliet (Anime),16
Saint Beast,16
Tenkai Knights,16
Valkyrie Drive: Mermaid,16
Angelic Layer,15
Basara (Anime & Manga),15
Blood Lad,15
Brave 10,15
バディ・コンプレックス | Buddy Complex,15
Captain Future - All Media Types,15
长歌行 | Cháng Gē Xíng | Song of the Long March,15
ダンジョンに出会いを求めるのは間違っているだろうか | DanMachi | Is It Wrong to Try to Pick Up Girls in a Dungeon? (Anime),15
Dengeki Daisy,15
ふたりはプリキュア | Futari wa Pretty Cure,15
学園ベビーシッターズ | Gakuen Babysitters,15
銀河鉄道９９９ | Ginga Tetsudou 999 | Galaxy Express 999,15
Zeta Gundam,15
八犬伝 -東方八犬異聞- | Hakkenden: Eight Dogs of the East,15
神さまのいない日曜日 | Kamisama no Inai Nichiyoubi | Sunday Without God,15
Saki (Anime & Manga),15
Sono Yubi Dake ga Shitte Iru | Only the Ring Finger Knows,15
Sukisho,15
她们的故事 | Their Story,15
Gundam Unicorn,14
Hana Yori Dango | Boys Over Flowers (Anime & Manga),14
Kami Nomi zo Shiru Sekai | The World God Only Knows,14
Kari-gurashi no Arietti | The Secret World of Arrietty,14
MÄR - Märchen Awakens Romance,14
Medabots,14
Ookami to Koushinryou | Spice and Wolf,14
プリティーリズム | Pretty Rhythm,14
Shi ga Futari wo Wakatsu made | Until Death Do Us Part,14
Shounen Onmyouji,14
Tegami Bachi | Letter Bee,14
완전무결하게 사로잡히다 | Totally Captivated (Manhwa),14
有頂天家族 | Uchouten Kazoku | The Eccentric Family,14
Wild ARMs,14
Yes!プリキュア５ | Yes! Precure 5,14
Adekan,13
AKB0048,13
蒼き鋼のアルペジオ | Aoki Hagane no Arpeggio | Arpeggio of Blue Steel,13
Battery (Anime),13
Casshern Sins,13
Chuunibyou Demo Koi Ga Shitai,13
コンクリート・レボルティオ～超人幻想～ | Concrete Revolutio: Choujin Gensou,13
Dance in the Vampire Bund,13
創聖のアクエリオン | Genesis of Aquarion,13
Guyver,13
ハヤテのごとく! | Hayate no Gotoku! | Hayate the Combat Butler,13
蛍火の杜へ | Hotarubi no Mori e,13
Mermaid Melody Pichi Pichi Pitch,13
Mouretsu Pirates | Bodacious Space Pirates,13
ネト充のススメ | Net-juu no Susume | Recovery of an MMO Junkie,13
Nichijou | My Ordinary Life (Anime & Manga),13
Psyren,13
RahXephon,13
ROBOT x LASERBEAM (Manga),13
聖闘士星矢エピソード・ジー | Saint Seiya: Episode G,13
屍者の帝国 | Shisha no Teikoku | Empire of Corpses - All Media Types,13
銀の匙 | Silver Spoon,13
Ten Count,13
Transformers: The Headmasters,13
UQ Holder!,13
Vandread,13
7 Seeds,12
Alice 19th,12
甘々と稲妻 | Amaama to Inazuma | Sweetness & Lightning (Anime),12
Aria (Anime & Manga),12
Battle B-Daman,12
Date A Live,12
elDLIVE (Manga),12
Excel Saga,12
銀河鉄道物語 | Ginga Tetsudou Monogatari | The Galaxy Railways,12
ご注文はうさぎですか? | Gochuumon wa Usagi Desu ka? | Is the Order a Rabbit?,12
ひだまりが聴こえる - 文乃ゆき | Hidamari ga Kikoeru - Fumino Yuki,12
Hourou Musuko | Wandering Son,12
刀語 | Katanagatari (Anime),12
くまみこ | Kuma Miko | Girl Meets Bear,12
Kyoukai no Rinne | Rin-ne,12
ミカグラ学園組曲 | Mikagura School Suite - All Media Types,12
Puzzles & Dragons X (Anime),12
桜Trick | Sakura Trick,12
School Days (Visual Novel & Related Media),12
Simoun (Anime),12
Transformers: Victory,12
Venus Versus Virus,12
Zetsuai and Bronze,12
愛してるぜ ベイベ | Aishiteruze Baby,11
Aquarian Age: Juvenile Orion,11
ボンバーマン | Bomberman - All Media Types,11
Boys Love | Schoolboy Crush,11
Earthian,11
선녀강림 | Faeries' Landing,11
Freezing (Anime & Manga),11
Full Moon o Sagashite,11
ゲート 自衛隊彼の地にて斯く戦えり - 竿尾悟 | Gate: Jietai Kanochi nite Kaku Tatakaeri - Sao Satoru (Manga),11
Hayate X Blade,11
Kamikaze Kaitou Jeanne | Phantom-Thief Jeanne,11
カテキョ! | Katekyo! | Private Teacher!,11
Kizuna,11
言の葉の庭 | Kotonoha no Niwa | Garden of Words (2013),11
Macross Delta,11
Major (Anime & Manga),11
Nightwalker Mayonaka no Tantei | Nightwalker: The Midnight Detective,11
俺の妹がこんなに可愛いわけがない | Ore no Imouto ga Konna ni Kawaii Wake ga Nai | Oreimo,11
PlanetES,11
Pocket Monsters: The Origin | Pokemon Origins,11
秦时明月 | Qín Shí Míngyuè | The Legend of Qin - All Media Types,11
Rozen Maiden,11
RustBlaster,11
Toshokan Sensou | Library War,11
ワルイコトシタイ | Warui Koto Shitai | I Want To Be Naughty! Series,11
Yakitate!! Japan,11
約束のネバーランド | Yakusoku no Neverland | The Promised Neverland (Manga),11
Yellow - 立野真琴 | Tateno Makoto,11
20 Mensou ni Onegai | Man of Many Faces,10
Air (2005),10
Candy Boy (Anime & Manga),10
DOLLS - naked ape,10
ドラえもん | Doraemon (Anime 2005),10
ef - a fairy tale of the two.,10
Hameln no Violin-hiki | Violinist of Hameln,10
Heat Guy J,10
Hidamari Sketch,10
海賊と人魚 - 木内たつや | Kaizoku to Ningyo - Kiuchi Tatsuya,10
仮面ティーチャー | Kamen Teacher - All Media Types,10
神さまの言うとおり - 金城宗幸 & 藤村緋二 | Kami-sama no Iutoori - Kaneshiro & Fujimura,10
Kidou Keisatsu Patlabor | Mobile Police Patlabor,10
Kodomo no Omocha | Child's Toy,10
Murder Princess,10
屋上の百合霊さん | Okujou no Yurirei-san | Kindred Spirits on the Roof,10
Otoyomegatari | The Bride's Stories,10
Rockman Megamix | Mega Man Megamix,10
s-CRY-ed,10
Scrapped Princess,10
Seikon no Qwaser | The Qwaser of Stigmata,10
Sensitive Pornograph,10
Taiyou no Ko Esteban | Les Mystérieuses Cités d'or | The Mysterious Cities of Gold,10
それでも世界は美しい | The World Is Still Beautiful,10
Aitsu no Daihonmei | His Most Favorite,9
アカギ | Akagi,9
蒼い世界の中心で | Aoi Sekai no Chuushin de | World War Blue,9
アクエリオンEVOL | Aquarion Evol,9
Bi no Isu,9
Black Blood Brothers,9
Cesare (Manga),9
告白実行委員会 | Confession Executive Committee,9
Cutie Honey - All Media Types,9
Danshi Koukousei no Nichijou | Daily Lives of High School Boys,9
Digimon Adventure V-Tamer 01,9
Dream Festival! (Anime),9
Druaga no Tou | The Tower of Druaga,9
エル・カザド | El Cazador de la Bruja,9
Fuuma no Kojirou,9
Girl Friends (Manga),9
Horimiya,9
競女!!!!!!!! - 空詠大智 | Keijo!!!!!!!! - Sorayomi Daichi,9
Kimi wa Pet | Tramps Like Us,9
恋と嘘 - ムサヲ | Koi to Uso | Love and Lies - Musawo,9
Komatta Toki ni wa Hoshi ni Kike!,9
Kurosagi Shitai Takuhaibin | Kurosagi Corpse Delivery Service,9
레이디 디텍티브 | Lady Detective | Lizzie Newton : Victorian Mysteries,9
Mars - Souryo Fuyumi,9
Myself; Yourself,9
オオカミ少女と黒王子 | Ookami Shoujo to Kuro Ouji | Wolf Girl and Black Prince,9
Ookami-san to Shichinin no Nakamatachi | Okamisan and her Seven Companions,9
Oumagadoki Doubutsuen,9
이해불능 | Out of Control (Webcomic),9
Persona: Trinity Soul,9
Princess Nine,9
RDG | Red Data Girl,9
煉獄に笑う | Rengoku ni Warau,9
ロック・リーの青春フルパワー忍伝 | Rock Lee's Springtime of Youth | Rock Lee & His Ninja Pals,9
サクラ大戦 | Sakura Taisen | Sakura Wars,9
Sasameki Koto,9
Shakugan no Shana,9
Sono Te wo Dokero | Hands Off!,9
Vividred Operation,9
Working!!,9
山田くんと７人の魔女 | Yamada-kun to 7-nin no Majo,9
Yankee-kun to Megane-chan,9
20世紀少年 | 20th Century Boys (Manga),8
Accel World,8
アポカリプスの砦 | Apocalypse no Toride | Fort of Apocalypse,8
Bakuretsu Tenshi | Burst Angel,8
BECK (Anime & Manga),8
Black Bullet (Anime & Manga),8
ぼくのぴこ | Boku no Pico,8
Bokura no | Bokurano: Ours,8
Bride of the Water God,8
Campione!,8
クロスアンジュ 天使と竜の輪舞 | Cross Ange: Rondo of Angels and Dragons,8
Cuticle Tantei Inaba | Cuticle Detective Inaba,8
Digimon NEXT,8
Digital Monsters X-Evolution,8
Fate/stay night (Anime 2006),8
覆面系ノイズ | Fukumenkei Noise | Anonymous Noise (Anime),8
ふたりはプリキュア スプラッシュ★スター | Futari wa Pretty Cure Splash★Star,8
ゲッターロボ | Getter Robo,8
Giant Robo,8
繰繰れ! コックリさん | Gugure! Kokkuri-san (Anime),8
Hamtaro - All Media Types,8
Harukanaru Toki no Naka de | Within the Expanse of a Distant Time,8
ひとりじめマイヒーロー | Hitorijime My Hero (Anime),8
Inazuma Eleven: Ares no Tenbin,8
Inu x Boku Secret Service | The Dog and Me Secret Service (Anime),8
Itsuwaribito Utsuho,8
Kaikan Phrase | Sensual Phrase,8
Karakuridouji Ultimo,8
Kaze to Ki no Uta | Song of Wind and Trees,8
Last Exile: Fam The Silver Wing,8
소녀왕 | Little Queen,8
Luck & Logic (Anime),8
Ludwig Kakumei,8
Meteor Methuselah | Immortal Rain,8
Mimi wo Sumaseba | Whisper of the Heart,8
マブラヴ | Muv-Luv,8
School Rumble,8
千年迷宮の七王子 | Sennen Meikyuu no Nana Ouji,8
新妹魔王の契約者 | Shinmai Maou No Testament | The Testament of Sister New Devil - All Media Types,8
Starry Sky (Visual Novels) & Related Fandoms,8
Stigma (Manga),8
好きっていいなよ。| Sukitte ii na yo. | Say I Love You. - All Media Types,8
Tenjho Tenge,8
とある科学の一方通行 | Toaru Kagaku no Accelerator | A Certain Scientific Accelerator,8
Tokyo Majin Gakuen Kenpuchou Tou,8
Top o Nerae! Gunbuster,8
Warcraft (Manga),8
幼女戦記 | Youjo Senki | Saga of Tanya the Evil (Anime),8
Yumekui Kenbun: Nightmare Inspector,8
惡の華 | Aku no Hana | Flowers of Evil,7
Angel/Dust (Manga),7
エリアの騎士 | Area no Kishi | The Knight in the Area,7
Bakumatsu Kikansetsu Irohanihoheto | Intrigue in the Bakumatsu,7
Bloody Mary - Samamiya Akaza,7
The Breaker,7
クレヨンしんちゃん | Crayon Shin-chan - All Media Types,7
亜人ちゃんは語りたい | Demi-chan wa Kataritai | Interviews with Monster Girls (Anime),7
Double Arts,7
Dr. Slump,7
炎炎ノ消防隊 | Enen no Shouboutai | Fire Brigade of Flames,7
Gabriel DropOut (Anime),7
Genjuu no Seiza,7
Gilgamesh (Anime),7
銀河へキックオフ!! | Ginga e Kickoff!!,7
Glass no Kamen | Glass Mask,7
Guignol Kyuutei Gakudan | Grand Guignol Orchestra,7
機動戦士ガンダムAGE | Gundam AGE,7
GUNxSWORD,7
.hack//Legend of the Twilight,7
干物妹!うまるちゃん | Himouto! Umaru-chan (Anime),7
Ikki Tousen | Battle Vixens,7
Jyu-Oh-Sei,7
けものフレンズ | Kemono Friends (Anime),7
潔癖男子! 青山くん | Keppeki Danshi! Aoyama-kun | Clean Freak! Aoyama-kun (Anime),7
きんいろモザイク | Kin-iro Mosaic,7
金田一少年の事件簿 | Kindaichi Shounen no Jikenbo | Kindaichi Case Files - All Media Types,7
キラキラ☆プリキュアアラモード | KiraKira ☆ PreCure A La Mode,7
Koi Cha no Osahou | Tea for Two,7
氷の魔物の物語 | Koori no Mamono no Monogatari | The Ice-Cold Demon's Tale,7
Kore wa Zombie Desuka?,7
Kurosagi - All Media Types,7
Maken-Ki!,7
迷家-マヨイガ- | Mayoiga | The Lost Village (Anime),7
流星のロックマン | Mega Man Star Force,7
Mikan no Tsuki | Crescent Moon,7
問題児たちが異世界から来るそうですよ? | Mondaiji | Problem Children are Coming from Another World - All Media Types,7
Neon Genesis Evangelion: Gakuen Datenroku | Campus Apocalypse,7
Opera Susanoh Sword of the Devil,7
ぷちぷり＊ユーシィ | Petite Princess Yucie,7
Psychic Force,7
RD 潜脳調査室 | RD Sennou Chousashitsu | Real Drive,7
六花の勇者 - 山形石雄 | Rokka no Yuusha | Braves of the Six Flowers - Yamagata Ishio,7
聖闘士星矢: 冥王神話 | Saint Seiya: Next Dimension - Myth of Hades,7
Shinreigari GHOST HOUND,7
Sono Hanabira ni Kuchizuke o,7
Sora no Woto | Sound of the Sky,7
Summer Wars (2009),7
Tamako Market,7
Tantei Opera Milky Holmes,7
となりの関くん | Tonari no Seki-kun | My Neighbor Seki,7
妖怪アパートの幽雅な日常 | Youkai Apartment no Yuuga na Nichijou | Elegant Youkai Apartment Life (Anime),7
Zettai Kareshi | Absolute Boyfriend,7
3x3 Eyes,6
秒速5センチメートル | 5 Centimeters Per Second (2007),6
Aoi Hana | Sweet Blue Flowers,6
私立荒磯高等学校生徒会執行部 | Araiso Private High School Student Council Executive Committee,6
Arashi no Yoru ni | One Stormy Night,6
アルカナ・ファミリア | Arcana Famiglia,6
Ayatsuri Sakon | Puppet Master Sakon,6
B'T X,6
バケモノの子 | Bakemono no Ko | The Boy and the Beast (2016),6
Basilisk (Anime & Manga),6
Brigadoon: Marin & Melan,6
Casino Lily,6
Chi's Sweet Home,6
超・少年探偵団NEO | Chou Shounen Tanteidan NEO,6
Dear Boys | Hoop Days,6
Dirty Pair,6
ダンジョン飯 | Dungeon Meshi | Delicious in Dungeon,6
Eiken,6
La Esperança,6
Eve no Jikan | Time of Eve,6
F. COMPO,6
Felarya,6
コクリコ坂から | Kokuriko-zaka Kara | From Up on Poppy Hill,6
牙狼〈GARO〉炎の刻印 | Garo: Honoo no Kokuin | Garo: The Animation,6
Ghost! | Eerie Queerie!,6
極上生徒会 | Gokujou Seitokai | Best Student Council,6
Harukanaru Toki no Naka de Hachiyou Shou,6
El Hazard: The Wanderers,6
Higashi no Eden | Eden of the East,6
異国色恋浪漫譚 | Ikoku Irokoi Romantan | A Foreign Love Affair,6
快傑ゾロ | Kaiketsu Zorro,6
Kanon (Anime 2006),6
風立ちぬ | Kaze Tachinu | The Wind Rises (2013),6
Kiddy Grade,6
Kiss yori mo Hayaku | Faster than a Kiss,6
Kodomo no Jikan,6
Kyuuso wa Cheese no Yume wo Miru | The Cornered Mouse Dreams of Cheese,6
Level E,6
マクロス7 | Macross 7,6
魔界騎士イングリッド | Makai Kishi Ingrid | Hell Knight Ingrid,6
Manyuu Hikenchou,6
Marmalade Boy,6
女神候補生 | Megami Kouhosei | The Candidate for Goddess,6
Mekakushi no Kuni | Land of the Blindfolded,6
Michiko e Hatchin | Michiko to Hatchin,6
Moyashimon | Moyasimon: Tales of Agriculture,6
Nobunaga The Fool,6
On The Way To A Smile: Final Fantasy VII,6
Paprika (2006),6
Peach Girl,6
Pokemon Generations (Anime),6
Redline (Anime),6
Samurai Ragazzi (Manga),6
Sasami-san@Ganbaranai,6
Shin Shunka-den | Legend of Chun Hyang,6
心霊探偵八雲 | Shinrei Tantei Yakumo | Psychic Detective Yakumo - All Media Types,6
侵略!イカ娘 | Shinryaku! Ika Musume | Squid Girl,6
sin 七つの大罪 | sin: Nanatsu no Taizai | Seven Mortal Sins (Anime 2017),6
Sohryuden | Legend of the Dragon Kings,6
Sora wa Akai Kawa no Hotori | Red River,6
Street Fighter II V,6
Suisei no Gargantia | Gargantia on the Verdurous Planet,6
対魔忍アサギ | Taimanin Asagi (Anime),6
Tokyo Crazy Paradise,6
Toukaidou Hisame,6
Ueki no Housoku | Law of Ueki,6
Utawarerumono | The One Being Sung,6
ヤリチン☆ビッチ部 | Yarichin Bitch Club,6
Young Black Jack - All Media Types,6
残酷な神が支配する | Zankoku na Kami ga Shihai Suru | A Cruel God Reigns,6
放課後保健室 | After School Nightmare (Manga),5
Ai Yori Aoshi | Bluer Than Indigo,5
明けのトバリ | Ake no Tobari,5
Allison & Lillia & Related Fandoms,5
あまんちゅ! - 天野こずえ | Amanchu! - Amano Kozue,5
The Animatrix,5
Aphorism (Manga),5
Appleseed - 士郎正宗 | Appleseed - Shirow Masamune,5
Aruosumente | Sage's Dream,5
あさがおと加瀬さん | Asagao to Kase-san | Kase-san and Morning Glories (Manga),5
怪 〜ayakashi〜 | Ayakashi: Samurai Horror Tales,5
Battle Spirits Series (Anime),5
BB戦士 三国伝 | BB Senshi Sangokuden,5
Bible Black (Anime),5
Black Bird (Manga),5
Blue Seed (Anime),5
Bus Gamer,5
Chintsubu,5
落第騎士の英雄譚 | Chivalry of a Failed Knight - All Media Types,5
Điện Biên Phủ (Manga),5
エル･アルコン－鷹－ | El Halcon -The Falcon- (Manga),5
Endride (Anime),5
Erementar Gerad,5
Final Fantasy Unlimited,5
Fushigi no Kuni no Miyuki-chan | Miyuki-chan in Wonderland,5
Ga-Rei,5
機動戦士ガンダム 逆襲のシャア | Gundam: Char's Counterattack,5
機動戦士ガンダム 第08MS小隊 | Mobile Suit Gundam: The 08th MS Team,5
.hack//XXXX,5
Hatenkou Yuugi | Dazzle,5
史上最強の弟子ケンイチ | History's Strongest Disciple Kenichi,5
Houkago no Charisma | Afterschool Charisma,5
Interstella 5555,5
Kämpfer,5
Karin | Chibi Vampire,5
Kemono no Souja & Related Fandoms,5
Kingdom (Anime & Manga),5
恋姫†無双 | Koihime Musou,5
ココロコネクト | Kokoro Connect,5
この男子人魚ひろいました。| Kono Danshi Ningyo Hiroimashita. | This Boy Caught a Merman,5
黒獣～気高き聖女は白濁に染まる～ | Kuroinu: Kedakaki Seijo wa Hakudaku ni Somaru (Anime),5
レ・ミゼラブル 少女コゼット | Les Misérables: Shoujo Cosette (Anime),5
Lotte no Omocha! | Astarotte no Omocha!,5
Maison Ikkoku,5
Medaka Box,5
MeruPuri: Märchen Prince,5
Metropolis (2001),5
Mukuro Naru Hoshi Tama Taru Ko | Shadow Star,5
ナナとカオル | Nana to Kaoru,5
七つの海七つの空 | Nanatsu no Umi Nanatsu no Sora | Seven Seas Seven Skies (Manga),5
ノブナガン | Nobunagun,5
Olimpos (Manga),5
おねがい☆ティーチャー | Onegai Teacher | Please Teacher! (Anime),5
Otogizoushi,5
Pengin Kakumei | Penguin Revolution,5
紅の豚 | Porco Rosso,5
プリパラ | PriPara | Prism Paradise,5
監獄学園 | Prison School (Anime),5
Ravages of Time,5
Reimei no Arcana | Dawn of the Arcana,5
Rinne no Lagrange | Lagrange: The Flower of Rin-ne,5
Ristorante Paradiso,5
ロクでなし魔術講師と禁忌教典 | RokuAka | Akashic Records of Bastard Magic Instructor (Anime),5
Sakigake!! Cromartie Koukou | Cromartie High School,5
Sex Therapist (Manga),5
名探偵ホームズ | Sherlock Hound,5
Shikabane Hime | Corpse Princess,5
Shitsurakuen | Paradise Lost,5
そらのおとしもの | Sora no Otoshimono | Heaven's Lost Property,5
宇宙パトロールルル子 | Space Patrol Luluco (Anime),5
Speed Grapher,5
Stranger Mukou Hadan | Sword of the Stranger,5
Super Dangan Ronpa 2.5,5
Super Gals! Kotobuki Ran,5
Tajuu Jinkaku Psycho | MPD Psycho,5
宝島 | Takarajima | Treasure Island (Anime),5
黄昏乙女×アムネジア | Tasogare Otome x Amnesia | Dusk Maiden of Amnesia,5
Tekkon Kinkreet,5
Tenshi ni Narumon! | I'm Gonna Be An Angel!,5
W Juliet,5
Worst - 髙橋ヒロシ | Takahashi Hiroshi,5
Yatterman,5
逮捕しちゃうぞ | You're Under Arrest,5
Yumeiro Pâtissière,5
Zombie Powder,5
Air Master (Anime & Manga),4
Alien Nine,4
Alive - Saishuu Shinkateki Shounen | Alive: The Final Evolution,4
甘城ブリリアントパーク | Amagi Brilliant Park,4
Arakawa Under the Bridge,4
Armitage III,4
妖しのセレス | Ayashi no Ceres,4
Bastard!! (Anime & Manga),4
Bobobo-bo Bo-bobo (Anime & Manga),4
Border (Manga),4
Boy's Next Door (Manga),4
Chaos;Head - All Media Types,4
CLAMP in Wonderland,4
Combination (Manga),4
カウントダウン７days | Countdown 7 Days,4
Cross Game (Anime & Manga),4
Dangan Ronpa Gaiden: Killer Killer (Manga),4
Devil & Devil,4
古代王者恐竜キング | Dinosaur King,4
Dive!! (Anime),4
Eagle: The Making of an Asian-American President,4
エロマンガ先生 | Eromanga Sensei (Anime),4
Franken Fran,4
Future GPX Cyber Formula,4
Fuyu no Semi | Winter Cicada,4
学校の怪談 | Gakkou no kaidan | Ghost Stories,4
Galaxy Angel,4
銀河旋風ブライガー | Galaxy Cyclone Braiger,4
Generator Gawl,4
銀と金 - 福本伸行 | Gin to Kin - Fukumoto Nobuyuki,4
Gosick,4
Gundam ZZ,4
.hack//Roots,4
Heroman (Anime & Manga),4
Honto Yajuu,4
放課後のプレアデス | Houkago no Pleiades | Wish Upon the Pleiades,4
アイリスzero | Iris Zero,4
一週間フレンズ。 | Isshuukan Friends. | One Week Friends,4
Jiraishin | Ice Blade,4
Juubei Ninpuuchou | Ninja Scroll,4
怪物王女 | Kaibutsu Oujo | Princess Resurrection,4
かみちゃまかりん | Kamichama Karin,4
Kanata Kara | From Far Away,4
Kashimashi: Girl Meets Girl,4
Kaze Hikaru,4
喧嘩番長 乙女 | Kenka Banchou Otome | Girl Beats Boys (Anime),4
Kino no Tabi | Kino's Journey - Keiichi Sigsawa,4
Kirepapa,4
機神咆吼デモンベイン | Kishin Houkou Demonbane,4
Kyougokudou Series - Kyougoku Natsuhiko,4
L/R: Licensed by Royal,4
Macross Plus,4
魔界医師メフィスト | Makai Ishi Mephisto (Manga),4
機動戦艦ナデシコ | Martian Successor Nadesico,4
Mayo Chiki!,4
Mazinger Z,4
Model (Manhwa),4
Monster Rancher,4
ムヒョとロージーの魔法律相談事務所 | Muhyo & Roji's Bureau of Supernatural Investigation,4
熱風海陸ブシロード | Neppu Kairiku Bushi Road,4
Night Head Genesis,4
忍たま乱太郎 | Nintama Rantarou,4
Norn9,4
Ooku: The Inner Chambers,4
おしえて! ギャル子ちゃん | Oshiete! Gyaruko-chan | Please Tell Me! Galko-chan - All Media Types,4
Otomen,4
Ou Dorobou Jing | King of Bandits Jing,4
Phantom: The Animation (2004),4
ファイ・ブレイン 神のパズル | Phi Brain: Kami no Puzzle | Phi Brain: Puzzle of God,4
Pluto (Manga),4
Pocket Monsters Diamond-Pearl Legend: Pokémon DP | Pokemon Diamond and Pearl Adventure!,4
プロジェクトA子 | Project A-Ko,4
Qualidea Code (Anime),4
クイーン・エメラルダス | Queen Emeraldas,4
Ra-I,4
Ragnarok (Manhwa),4
ランペイジ | Rampage,4
REAL (Manga),4
Recca no Honoo | Flame of Recca,4
Reikan Shouhou Kabushikigaisha | Psychic Business Corporation,4
RideBack,4
百变机兽洛洛历险记 | Robo Warriors,4
Robotics;Notes,4
Rules (Manga),4
Saishuu Heiki Kanojo | Saikano: The Last Love Song on This Little Planet,4
Sakende Yaruze! | Shout out Loud!,4
さくら荘のペットな彼女 | Sakurasou no pet na kanojo | The Pet Girl of Sakurasou,4
Samurai Drive,4
キャッ党忍伝てやんでえ | Samurai Pizza Cats,4
さんかれあ | Sankarea: Undying Love,4
サリシノハラ | Sarishinohara (Manga),4
Scared Rider Xechs (Anime),4
Seikai no Monshou | Crest of the Stars,4
灼熱の卓球娘 | Shakunetsu no Takkyuu Musume | Scorching Ping Pong Girls (Anime),4
下ネタという概念が存在しない退屈な世界 | Shimoseka | Shimoneta (Anime),4
新竹取物語 1000年女王 | Shin Taketori Monogatari: Sen-nen Joou | Queen Millennia (Anime),4
真空融接 | Shinkuu Yuusetsu,4
しおんの王 | Shion no Ou,4
白雪姫の伝説 | Shirayuki-hime no Densetsu | The Legend of Snow White (Anime),4
しろがねの王 | Shirogane no Ou,4
Slow Starter (Manga),4
特務戦隊シャインズマン | The Special Duty Combat Unit Shinesman,4
Spriggan (Manga),4
Stray Little Devil,4
Suki Dakara Suki,4
超時空要塞マクロス | Super Dimension Fortress Macross,4
鉄拳チンミ | Tekken Chinmi | Ironfist Chinmi,4
鉄腕バーディー | Tetsuwan Birdy | Birdy the Mighty (Manga),4
Tokimeki Mononoke Jogakkou,4
Twin Signal (Manga),4
Uchuu Densetsu Ulysses 31 | Ulysse 31,4
宇宙兄弟 | Uchuu Kyoudai | Space Brothers,4
Ultra Maniac,4
Uta-kata,4
베리타스 | Veritas (Manhwa),4
Wake Up Girls!,4
Wolverine (Marvel Anime),4
The Woman Called Fujiko Mine,4
World Destruction | Sands of Destruction - All Media Types,4
ヤスコとケンジ | Yasuko and Kenji,4
よろしく・マスター | Yoroshiku Master | Sweet Rein,4
Yozakura Quartet,4
Ze (Manga),4
アキハバラ電脳組 | Akihabara Dennou Gumi | Cyberteam in Akihabara,3
秋山くん | Akiyama-kun (Manga),3
悪魔のオロロン | Akuma no Ororon | The Demon Ororon,3
All You Need is Kill - Sakurazaka Hiroshi,3
Angel's Feather,3
青のフラッグ | Ao no Flag | Blue Flag (Manga),3
Arata Kangatari | Arata: The Legend,3
Arc the Lad (Anime),3
Bamboo Blade,3
Barajou no Kiss | Kiss of Rose Princess,3
Ben-To (Anime),3
ビタートラップ - 高木しげよし | Bitter Trap - Takagi Shigeyoshi,3
신암행어사 | 新暗行御史 | Blade of the Phantom Master,3
Blame! (Manga),3
黄金勇者ゴルドラン | The Brave of Gold Goldran,3
Brave Story - All Media Types,3
C.A.T. - Confidential Assassination Troop,3
Captain Earth,3
Carnival Phantasm,3
Chouja Reideen,3
鋼殻のレギオス | Chrome Shelled Regios,3
Coppelion,3
Dantalian no Shoka | Bibliotheca Mystica de Dantalian | The Mystic Archives of Dantalian,3
デルトラクエスト | Deltora Quest (Anime),3
Devilman Lady,3
ディスク ウォーズ アベンジャーズ | Disk Wars Avengers,3
ドラゴンドライブ | Dragon Drive,3
えびてん 公立海老栖川高校天悶部 | Ebiten: Kouritsu Ebisugawa Koukou Tenmonbu,3
Eden no Ori | Cage of Eden,3
Emma - A Victorian Romance,3
ES Eternal Sabbath,3
封神纪 | Fēng Shén Jì (Manhua),3
Fujimi Ni-choume Koukyou Gakudan | Fujimi Symphony Orchestra,3
普通の女子校生がやってみた。 | Futsuu no Joshikousei ga Locodol Yattemita (Anime),3
Gakuen Senki Muryou | Shingu: Secret of the Stellar Wars,3
銀盤カレイドスコープ | Ginban Kaleidoscope,3
Ginga Tetsudou no Yoru | Night on the Galactic Railroad,3
Glass no Kantai | Glass Fleet,3
갓 오브 하이 스쿨 | The God of High School,3
俺ツインテールになります | Gonna be the Twin-Tail!! (Anime),3
GOTH (Manga),3
Great Teacher Onizuka,3
GUNNM | Battle Angel Alita,3
Haiyore! Nyaruko-san,3
Hakushaku to Yousei | Earl and Fairy,3
Hand Maid May,3
春待つ僕ら - あなしん | Haru Matsu Bokura - Anashin,3
Haunted Junction,3
Heavy Object (Anime),3
棺姫のチャイカ | Hitsugi no Chaika | Chaika - The Coffin Princess (Anime),3
Hokenshitsu no Shinigami,3
Hoshi no Samidare | The Lucifer and Biscuit Hammer,3
Hyakka Ryōran | Samurai Girls,3
Jikuu Tantei Genshi-kun | Flint the Time Detective,3
Jungle wa Itsumo Hare Nochi Guu | Haré+Guu,3
Kabukibu! (Anime),3
下弦の月 | Kagen no Tsuki | Last Quarter of the Moon,3
Kakurenbo | Hide and Seek,3
Kanamemo,3
彼女になる日 - 小椋アカネ | Kanojo ni Naru Hi - Ogure Akane,3
かわいい悪魔 - 班目ヒロ | Kawaii Akuma - Madarame Hiro,3
牙KIBA | Kiba (Anime),3
Kidou Shinsengumi Moeyo Ken,3
Kieli (Manga),3
喜劇 | Kigeki | Comedy,3
ジャングル大帝 | Kimba the White Lion (Anime),3
鬼神童子ZENKI | Kishin Douji Zenki,3
恋するDNA+ | Koi o Suru DNA+,3
Koroshiya Ichi | Ichi the Killer,3
Koukou Debut | High School Debut,3
Koutetsu Sangokushi,3
Let Dai,3
Life (Manga),3
ちっちゃな雪使いシュガー | A Little Snow Fairy Sugar,3
Lodoss-tou Senki | Record of Lodoss War,3
Long Way Home (Manga),3
Love-Com,3
Macross Zero,3
Made in Abyss (Anime),3
Magician's Academy | Macademi Wasshoi!,3
魔法少女サイト | Mahou Shoujo Site | Magic Girl Site (Manga),3
銀河機攻隊 マジェスティックプリンス | Ginga Kikoutai Majestic Prince,3
Marginal Prince (Anime),3
MARGINAL#4,3
Maria Holic,3
魔装学園H×H | Masou Gakuen HxH (Anime),3
Mei-chan no Shitsuji (Manga),3
Minami-ke,3
Miracle Train: Ou-Edo-sen e Youkoso | Miracle Train: Welcome to the Oedo Line,3
MM!,3
Mon Colle Knights,3
モンスターハンター ストーリーズ RIDE ON | Monster Hunter Stories: Ride On (Anime),3
幕星周刊廣告部 | Mosspaca Advertising Department (Manga),3
Mousou Dairinin | Paranoia Agent,3
無人惑星サヴァイヴ | Mujin Wakusei Survive | Uninhabited Planet Survive!,3
紫色のクオリア | Murasakiiro no Qualia | Qualia the Purple,3
無彩限のファントム・ワールド | Musaigen no Phantom World | Myriad Colors Phantom World - All Media Types,3
ホーホケキョとなりの山田くん | My Neighbors the Yamadas (1999),3
ナナマル サンバツ | Nana Maru San Batsu | Fastest Finger First (Anime),3
NHK ni Youkoso! | Welcome to the NHK,3
人魚シリーズ | Ningyo Shirizu | Mermaid Saga,3
西の善き魔女 | Nishi no Yoki Majo | The Good Witch of the West - All Media Types,3
Not Equal (Manga),3
Ore ni Koi Shite Dousunda,3
Oroshitate Musical Nerima Daikon Brothers | Nerima Daikon Brothers,3
Orso e Intellettuale Series,3
Otogi -Jushi Akazukin,3
Otoko ga Otoko wo Aisuru Toki | When a Man Loves a Man,3
Outbreak Company,3
おやすみプンプン | Oyasumi Punpun,3
Papa to Kiss in the Dark,3
Patalliro!,3
Rabbit Doubt,3
ReLIFE (Webcomic),3
Sakura Gari,3
櫻子さんの足下には死体が埋まっている | Sakurako-san no Ashimoto ni wa Shitai ga Umatte Iru | Beautiful Bones,3
少女終末旅行 | Shoujo Shuumatsu Ryokou | Girls' Last Tour (Anime),3
Shounen Oujo,3
Silent Möbius (Anime 1998),3
Sora o Daite Oyasumi | Embrace The Sky And Sleep,3
Sorcerous Stabber Orphen,3
特殊傳說 | Special Fable (Manhua),3
Steam Detectives,3
ストライク・ザ・ブラッド | Strike the Blood (Anime),3
すべてがFになる | Subete ga F ni Naru | The Perfect Insider,3
Superior - ichtys,3
Suzuka (Anime & Manga),3
探検ドリランド | Tanken Driland | Driland,3
四畳半神話大系 | The Tatami Galaxy,3
Tenpou Ibun Ayakashi Ayashi | Ghost Slayers Ayashi,3
Texhnolyze,3
エルフを狩るモノたち | Those Who Hunt Elves,3
Tomie - All Media Types,3
Top wo Nerae 2! Diebuster,3
Transformers: Kiss Players,3
TRASH - Matou Sanami,3
Under the Glass Moon,3
Usagi Drop | Bunny Drop,3
Usavich,3
空せ視に灯 - ハヤカワノジコ | Utsusemi ni Akari - Hayakawa Nojiko,3
Vampire Miyu,3
Virus Buster Serge,3
Voiceful - nawoko,3
湾岸MIDNIGHT | Wangan Midnight,3
Wild Half,3
Wild Rock,3
Wolf Guy: Ookami no Monshou,3
Yosuga no Sora,3
夢喰いメリー | Yumekui Merry | Dream Eater Merry,3
残念ながら違います。| Zannen Nagara Chigaimasu.,3
1 Pound no Fukuin | One-Pound Gospel,2
11th Cat,2
Acid Town (Manga),2
Active Raid - 機動強襲室第八係 | Active Raid: Kidou Kyoushuushitsu Daihachigakari,2
Aho-Girl (Anime & Manga),2
赤ちゃんと僕 | Aka-chan to Boku | Baby and Me,2
Akatoki no Yami,2
赤ずきんチャチャ | Akazukin Chacha,2
Akihabara@DEEP,2
Akikan!,2
All Around Type-Moon (Manga),2
万能文化猫娘 | All Purpose Cultural Cat Girl Nuku Nuku (Anime),2
飴と鞭 | Ame to Muchi | Carrot and Stick (Manga),2
Angel Heart (Anime & Manga),2
あんハピ | Anne Happy | Unhappy Go Lucky! (Anime & Manga),2
アノレクシア~しかばね華子は拒食症~ | Anorexia: Shikabane Hanako wa Kyoshokushou (Manga),2
アクエリオンロゴス | Aquarion Logos,2
装甲騎兵ボトムズ | Armored Trooper Votoms,2
明日のナージャ | Ashita no Nadja,2
綾音ちゃんハイキック! | Ayane's High Kick,2
B型H系 | B Gata H Kei (Manga),2
Baby Steps (Anime & Manga),2
グラップラー刃牙 | Baki the Grappler,2
薔薇王の葬列 | Baraou no Souretsu | Requiem of the Rose King,2
Bartender (Anime & Manga & Drama),2
Basquash!,2
闘神伝 | Battle Arena Toshinden,2
Battle Athletes - All Media Types,2
Battle Rabbits (Manga),2
Beach Stars (Manga),2
Big Order (Anime),2
Bijo ga Yajuu | Beauty is the Beast,2
Binbougami ga!,2
黒博物館 | Black Museum (Manga),2
Black Torch (Manga),2
Blassreiter (Anime),2
Blood: The Last Vampire,2
Blue Drop (Anime),2
Boku no Koe | The Sound of My Voice,2
Boku wa Imouto ni Koi wo Suru,2
Boogiepop Phantom,2
BTOOOM! - All Media Types,2
Bubblegum Crisis Toyko 2040,2
Bukiyou na Silent,2
城下町のダンデライオン | Castle Town Dandelion,2
Cat Street,2
Cat's Eye (Anime & Manga),2
Category: Freaks,2
地球少女アルジュナ | Chikyuu Shoujo Arjuna | Arjuna,2
Classi9 (Manga),2
クローディーヌ...! - 池田理代子 | Claudine...! - Ikeda Riyoko,2
Cluster Edge,2
コブラ - 寺沢武一 | Cobra - Terasawa Buichi,2
Comic Party,2
Crimson Shell - 望月淳 | Mochizuki Jun,2
Cross Epoch,2
Daa! Daa! Daa! | UFO Baby,2
DearS,2
Defense Devil,2
悪魔の花嫁 | Deimosu no Hanayome | Bride of Deimos,2
Dennou Believers | Cy-Believers,2
Dennou Coil | Coil - A Circle of Children,2
Detroit Metal City,2
Di[e]ce (Manga),2
どうしても触れたくない - ヨネダコウ | Doushitemo Furetakunai | No Touching at All - Yoneda Kou,2
Dr. STONE (Manga),2
Dreamland (manga),2
Dropout (Anime),2
エビスさんとホテイさん | Ebisu-san to Hotei-san (Manga),2
Eden: It's an Endless World!,2
Element Hunters,2
Fairy Cube (Manga),2
Fantastic Children,2
Feng Yu Jiu Tian,2
Fire Candy,2
Funny Pets (Anime),2
Fushigiboshi no Futago Hime,2
GA Geijutsuka Art Design Class,2
ガラクタ通りのステイン | Ga-Ra-Ku-Ta: Mr. Stain on Junk Alley (Anime),2
学戦都市アスタリスク | Gakusen Toshi Asterisk | The Asterisk War,2
ゲート 自衛隊彼の地にて斯く戦えり | GATE: Jietai Kanochi nite Kaku Tatakaeri (Anime),2
GEAR戦士電童 | Gear Fighter Dendoh (Anime),2
Ged Senki | Tales from Earthsea (2006),2
Girlish Number (Anime),2
GJ部 | GJ Club,2
Glasslip (Anime),2
極楽青春ホッケー部 | Gokuraku Seishun Hockey Bu | My Heavenly Hockey Club,2
Gun Frontier,2
Gundam F91,2
ガンダム Gのレコンギスタ | Gundam Reconguista in G,2
Turn A Gundam,2
.hack//Alcor,2
Hai to Diamond,2
はじめてのギャル | Hajimete no Gal | My First Girlfriend is a Gal (Anime),2
花と悪魔 | Hana To Akuma,2
花と星 | Hana to Hoshi | The Flower and the Star (Manga),2
花咲ける青少年 | Hanasakeru Seishounen,2
Hanasaku Iroha,2
はらぺこみつばちんこ | Hara Peko Mitsuba Chinko,2
Harlock Saga,2
ハルチカ - 初野晴 | HaruChika Series - Hatsuno Sei,2
はたらく細胞 | Hataraku Saibou | Cells at Work! (Manga),2
初恋モンスター | Hatsukoi Monster | First Love Monster,2
日出処の天子 - 山岸凉子 | Hi Izuru Tokoro no Tenshi - Yamagishi Ryouko,2
Hidan no Aria | Aria the Scarlet Ammo,2
彼岸花の咲く夜に - 竜騎士07 | Higanbana no Saku Yoru ni - Ryukishi07,2
Higanjima,2
High School Fleet | Haifuri (Anime),2
Hikyou Tanken Fam & Ihrie | Ruin Explorers,2
Hotaru no Haka | Grave of the Fireflies (1988),2
ヒャッコ | Hyakko,2
イバラード時間 | Iblard Jikan,2
IGPX: Immortal Grand Prix - All Media Types,2
Ima Soko ni Iru Boku | Now and Then Here and There,2
いなりこんこん恋いろは。| Inari Konkon Koi Iroha (Anime),2
JANE - Tachibana Mizuki & Sakura Rinko,2
Jihai (Manga),2
人狼 | Jin-Roh: The Wolf Brigade (1999),2
仁獣芳烈伝 | Jinjuu Houretsuden (Manga),2
Jinrui wa Suitaishimashita,2
Joou-sama no Inu | Her Majesty's Dog,2
十兵衛ちゃん ーラブリー眼帯の秘密 | Jubei-chan the Ninja Girl: Secret of the Lovely Eyepatch,2
獣神演武 | Juushin Enbu | Hero Tales,2
輝夜姫 - 清水玲子 | Kaguyahime - Shimizu Reiko,2
かみちゅ! | Kamichu!,2
風まかせ月影蘭 | Kazemakase Tsukikage Ran | Carried by the Wind: Tsukikage Ran,2
Kenkou Zenrakei Suieibu Umishou,2
きぐるみ防衛隊 | Kigurumi Boueitai | Kigurumi Guardians,2
Kikaider,2
きみのきらきら | Kimi no Kirakira | Your Sparkles,2
きのう何食べた? | Kinou Nani Tabeta? | What Did You Eat Yesterday?,2
きらりん レボリューション | Kirarin Revolution - All Media Types,2
Kiss x Sis (Anime),2
こっちむいて! みい子 | Kocchi Muite! Miiko - All Media Types,2
Koi Kaze,2
恋スル乙女は肉食系 | The Young Maiden in Love Is a Carnivore,2
巷説百物語 | Kousetsu Hyaku Monogatari | Requiem from the Darkness - All Media Types,2
今宵は君と血のキスを | Koyoi wa kimi to chi no kiss wo | The Kiss of Blood,2
クジラの子らは砂上に歌う | Kujira no Kora wa Sajou ni Utau | Children of the Whales (Anime & Manga),2
KURAU Phantom Memory (Anime),2
Kure-nai,2
黒鉄 | Kurogane (Manga),2
Ladies versus Butlers!,2
ラストゲーム | Last Game (Manga),2
ポケモンカードゲームXY やろうぜ～っ! | Let's Play the Pokémon Card Game XY!,2
ラブモンスター - 宮城理子 | Love Monster - Miyagi Riko,2
LOVE MY LIFE - やまじえびね | Love My Life - Yamaji Ebine,2
死びとの恋わずらい - 伊藤潤二 | Lovesick Dead - Itou Junji,2
Mahou Tsukai ni Taisetsu na Koto | Someday's Dreamers,2
Mahou Tsukai Tai! | Magic User's Club,2
Manga Mitaina Koi Shitai! | Fall in Love Like a Comic!,2
まおゆう魔王勇者 | Maoyuu Maou Yuusha,2
政宗くんのリベンジ | Masamune-kun no Revenge,2
マジンカイザー | Mazinkaiser,2
マジンカイザーSKL | Mazinkaiser SKL,2
Menkui!,2
Mimi wo Sumaseba | Whisper of the Heart (Anime),2
Mnemosyne | RIN - Daughters of Mnemosyne,2
モモキュンソード | Momo Kyun Sword (Anime),2
Na mo Naki Tori no Tobu Yoake | Innocent Bird,2
Narue no Sekai | The World of Narue,2
Necromancer (Manga),2
Needless,2
Neji | Screw,2
Neo Angelique ~Abyss~,2
ネトゲの嫁は女の子じゃないと思った? | NetoYome | And you thought there is never a girl online? (Anime),2
New Cutey Honey,2
NG Life,2
NieA under 7,2
俺の脳内選択肢が学園ラブコメを全力で邪魔している | NouCome - All Media Types,2
Nyan Koi!,2
Occultic;Nine,2
織田信奈の野望 | Oda Nobuna no Yabou | The Ambition of Oda Nobuna (Anime),2
Omamori Himari,2
Onmyou Taisenki,2
Oruchuban Ebichu,2
オズマ | OZMA,2
Pani Poni Dash (Anime),2
Persona x Detective Naoto,2
Pita-Ten,2
소녀교육헌장 | President Dad,2
Princess Knight Catue (Anime),2
Prism (Manga),2
Ran-Sem (Anime),2
Real Account (Manga),2
Recipe (Manga),2
The Record Of A Fallen Vampire,2
リボンの騎士 | Ribbon no Kishi | Princess Knight,2
RIN x SEN (Anime),2
Rin! (Manga),2
롤플레잉겜만화 - 개차반 | RPG - Gaechaban,2
SA: Special A (Anime),2
Saber Marionette J (Anime),2
Sacred Seven (Anime),2
Scuro (Manga),2
Seimaden,2
精霊使いの剣舞 | Seirei Tsukai no Blade Dance | Blade Dance of Elementalers,2
生徒会役員共 | Seitokai Yakuindomo | Student Council Staff Members,2
世界でいちばん強くなりたい! | Sekai de Ichiban Tsuyoku Naritai! | Wanna Be the Strongest in the World!,2
世界鬼 - 岡部閏 | Sekaioni - Okabe Uruu,2
石膏ボーイズ | Sekkou Boys,2
刹那グラフィティ | Setsuna Graffiti,2
Shamanic Princess,2
Shinzou Ningen Casshern | Neo-Human Casshern,2
Shirahime-Syo: Snow Goddess Tales,2
Shirobako (Anime),2
死線の召喚師 | Shisen no Shoukanshi | Deadline Summoner (Manga),2
少年メイド | Shounen Maid (Anime 2016),2
少年メイドクーロ君 - 柊柾葵 | Shounen Maid Kuro-kun - Hiiragi Masaki,2
少年帝国 | Shounen Teikoku | Boys' Empire,2
Solty Rei,2
Soni-Ani: Super Sonico The Animation,2
その向こうの向こう側 | Sono Mukou no Mukougawa | Beyond the Beyond,2
天体のメソッド | Sora no Method | Celestial Method,2
Street Fighter II Movie (1994),2
砂時計 | Sunadokei | Sand Chronicles - All Media Types,2
Suppli - Mari Okazaki,2
スイッチガール!! | Switch Girl!! (Anime),2
対魔忍ユキカゼ | Taimanin Yukikaze (Anime),2
Tears to Tiara,2
古惑仔 | Teddyboy (Manhua),2
Teizokurei Daydream | Ghost Talker's Daydream,2
11人いる! | They Were Eleven - All Media Types,2
Tight-rope (Manga),2
東京レイヴンズ | Tokyo Ravens,2
闘将ダイモス | Toushou Daimos,2
Transformers: Galaxy Force,2
うどんの国の金色毛鞠 | Udon no Kuni no Kin'iro Kemari | Poco's Udon World,2
UFO Robo Grendizer,2
Unkai no Meikyuu Zeguy | Mask of Zeguy,2
ウラカタ!! | Urakata!! | Behind the Scenes!! (Manga),2
うらら迷路帖 | Urara Meirochou (Anime),2
Usotsuki Lily - Komura Ayumi,2
電影少女 | Video Girl Ai,2
ほしのこえ The Voices of a Distant Star,2
W Wish | Double Wish (Anime),2
Wedding Peach,2
Wind Breaker (Manhwa),2
ウィッチクラフトワークス | Witch Craft Works,2
山本善次朗と申します - 槙ようこ | Yamamoto Zenjirou to Moushimasu - Maki Youko,2
ヤミと帽子と本の旅人 | Yami to Boushi to Hon no Tabibito,2
やさしい竜の殺し方 | Yasashii Ryuu no Koroshikata,2
ヨコハマ買い出し紀行 | Yokohama Kaidashi Kikou | Record of a Yokohama Shopping Trip,2
ゆめゆめ煌々堂 | Yume Kira Dream Shoppe (Manga),2
前略、百合の園より | Zenryaku Yuri no Sono Yori | Notes from the Garden of Lilies,2
ジパング | ZIPANG (Manga),2
12 Beast (Manga),1
12時の鐘が鳴る | 12-ji no Kane ga Naru | 12 O'Clock Bell Rings (Manga),1
18if (Anime),1
1999 Nen 7 no Tsuki - Shanghai,1
９番目のムサシ | 9 Banme no Musashi | Musashi No. 9,1
Aチャンネル | A Channel,1
A A',1
Ability Shop (Manga),1
あっちこっち | Acchi Kocchi (Anime),1
Ace wo Nerae! | Aim for the Ace!,1
Adolf ni Tsugu | Adolf | Message to Adolf,1
Adolte and Adarte (Manga),1
Aegis (Manwha),1
Agent Aika (Anime),1
あひるの空 | Ahiru no Sora (Manga),1
Ai Kora,1
相方 | Aikata (Manga),1
悪魔とドルチェ | Akuma to Dolce,1
ねじ巻き精霊戦記 天鏡のアルデラミン | Alderamin on the Sky (Anime),1
あめのちはれ - びっけ | Ame Nochi Hare - Bikke,1
Ange Vierge (Anime),1
天使たちの住処 | Angel Core,1
Angel Densetsu,1
天行記 | Angel Diary (Manhwa),1
Animation Runner Kuromi,1
Anime Sanjuushi | Three Musketeers,1
분녀네 선물가게 | The Antique Gift Shop,1
青い文学シリーズ | Aoi Bungaku Series,1
Aoi Hitsuji no Yume,1
蒼の彼方のフォーリズム | AOKANA: Four Rhythm Across the Blue,1
Arcana (Manhwa),1
ΑΠΗΕΝΤΟ ΣΟΜΑ | Argento Soma,1
ある日森の中 | Aru Hi Mori no Naka,1
アスラクライン | Asura Cryin' (Anime),1
キルミーベイベー | Baby Please Kill Me,1
爆乳BOMB | Bakunyuu Bomb,1
爆乳メイド狩り | Bakunyuu Maid Kari (Anime),1
Barjona Bombers,1
Beast & Feast (Manga),1
Beauty Pop (Manga),1
ベルモンド Le VisiteuR - 石岡ショウエイ | Belmonde le VisiteuR - Ishioka Shouei,1
メタルファイトベイブレードZEROG | Beyblade: Shogun Steel | Metal Fight Beyblade: Zero G,1
貧乏姉妹物語 | Binbou Shimai Monogatari (Anime),1
瓶詰妖精 | Binzume Yousei | Bottle Fairy (Anime),1
Birthday - Sugimoto Ami,1
Bitter Virgin (Manga),1
Black-Box (Manga),1
Blazer Drive,1
Blend S (Anime),1
Blood Alone (Manga),1
Blue - Nananan Kiriko,1
青の6号 | Blue Submarine No. 6,1
僕だけの爆乳オナメイド | Boku dake no Bakunyuu Ona-maid | My Personal Big Breasted Masturbation Maid (Anime),1
"Boku no Imouto wa ""Osaka Okan""",1
僕のセクシャルハラスメント | Boku no Sexual Harassment,1
僕と彼女の××× | Boku to Kanojo no XXX | Your and My Secret (Manga),1
Bokura no Oukoku | Our Kingdom,1
撲殺天使ドクロちゃん | Bokusatsu Tenshi Dokuro-chan | Bludgeoning Angel Dokuro-chan,1
[bónd(z)],1
Bondage Fairies,1
Bondage Game: Shinsou no Reijou-tachi,1
Boy Skirt Series (Manga),1
ブラフマン | Brafman,1
勇者エクスカイザー | Brave Exkaiser (Anime),1
ブレイクブレイド | Broken Blade,1
Bubuki Buranki | BBK/BRNK (Anime),1
Buddy Strike (Manga),1
武装錬金 | Busou Renkin,1
豚姫様 | Buta Hime-sama (Anime),1
C: The Money of Soul and Possibility Control,1
Charisma Doll (Manga),1
Cheju | Island,1
ちびまる子ちゃん | Chibi Maruko-chan,1
小さな巨人ミクロマン | Chiisana Kyojin Microman,1
Chirality,1
Choco Strawberry Vanilla (Manga),1
チョコミミ | ChocoMimi,1
調律葬交Zyklus;CODE | Chouritsu Houmuru Zyklus;Code,1
아기장수 이야기 | Chronicles of the Grim Peddler,1
City of Dead Sorcerer,1
クラスルーム☆クライシス | Classroom Crisis,1
クロックワーク・プラネット | Clockwork Planet (Anime),1
Clover - 平川哲弘 | Tetsuhiro Hirakawa,1
シーラカンス | Coelacanth,1
The Conductor - 神永学 | Kaminaga Manabe,1
コープスパーティー Another Child | Corpse Party: Another Child,1
Corrector Yui (Anime & Manga),1
Crimson Cross,1
Cross Fight B-Daman | B-Daman Crossfire (Anime),1
クロス・マネジ | Cross Manage,1
Crows - 高橋ヒロシ | Takahashi Hiroshi,1
ワンワン三銃士 | D'Artacan y los tres mosqueperros | Dogtanian Series,1
だがしかし | Dagashi Kashi,1
大魔法峠 | Dai Mahou Touge | Magical Witch Punie-chan,1
Daicon IV Opening Animation,1
大魔獣激闘 鋼の鬼 | Daimajuu Gekitou Hagane no Oni,1
DARKNESS HOUND (Manga),1
DD北斗の拳 | DD Hokuto no Ken | DD Fist of the North Star,1
Death Trance,1
Denpa Kyoushi,1
Denpa Onna to Seishun Otoko,1
DETONATORオーガン | Detonator Orgun,1
Diabolo (Manga),1
Dictatorial Grimoire (Anime),1
デ・ジ・キャラット | DiGiCharat,1
Digimon D-Cyber,1
Dimension W (Anime & Manga),1
신령 | Divine Bells (Webcomic),1
Dog Days (Anime),1
Dokuhime | Poison Princess,1
Dolce (Manga),1
Dolly Kill Kill (Manga),1
ドミニオン | Dominion: Tank Police,1
みすて・ないでデイジー | Don't Leave Me Alone Daisy (Anime),1
Donyatsu (Manga),1
Dorobou to Keiji | Thief and Detective,1
Dororo (Manga),1
Dorothy - 손희준 | Dorothy of Oz - Son Hee-joon,1
ダブルハウス - 榛野なな恵 | Double House - Haruno Nanae,1
Dragon Eye (Manga),1
Dragon Half,1
Dragon Voice,1
Dragon Zakura,1
Dragonaut: The Resonance,1
デュアル!ぱられルンルン物語 | Dual! Parallel Trouble Adventure (Anime),1
E's Otherwise,1
エルフ姫ニィーナ | Elf Hime Nina (Anime),1
エルフの双子姫 ウィランとアルスラ | Elf no Futagohime: Willan to Asura (Anime),1
Erotic Fairy Tales (Manga),1
Evil Heart (Manga),1
에뷔오네 | Evyione (Manhwa),1
零 影巫女 - 天樹征丸 | Fatal Frame: Shadow Priestess - Amagi Seimaru,1
私の世界を構成する塵のような何か。| The Feelings We All Must Endure,1
ファイブスター物語 | The Five Star Stories (Manga),1
Flat (Manga),1
Flowers of Evil (Manhwa),1
Frame Arms Girl (Anime),1
腐男子高校生活 | Fudanshi Koukou Seikatsu | The High School Life of a Fudanshi (Manga),1
フカシギフィリア | Fukashigi Philia (Manga),1
Full Moon ni Sasayaite | Until the Full Moon,1
舟を編む | Fune wo Amu | The Great Passage (Anime),1
ふたり遊戯 | Futari Yuugi,1
Futatsu no Spica | Twin Spica,1
風夏 | Fuuka (Manga),1
G Senjou no Neko | Il Gatto Sul G,1
G-Defend,1
悪戯～いたずら～ The Animation | G-spot Express (Anime),1
学園の生贄――慰み者と化した巨乳不良少女 | Gakuen no Ikenie Nagusami Mono to Kashita Kyonyuu Furyou Shoujo (Anime),1
Galaxy Racer Scan2Go,1
ガリレイドンナ | Galilei Donna (Anime),1
Gamerz Heaven,1
牙狼〈GARO〉紅蓮ノ月| Garo: Guren no Tsuki | Garo: The Crimson Moon,1
Gate Keepers,1
ゲゲゲの鬼太郎 | GeGeGe no Kitarou (Anime),1
月光条例 | Gekkou Jourei | Moonlight Act (Manga),1
幻覚ピカソ | Genkaku Picasso,1
Genpei Tenshou Emaki Azamaru,1
Ghiblies (2000),1
義風堂々!! 兼続と慶次 | Gifuu Doudou: Kanetsugu to Keiji (Anime),1
銀蝶奇談 - 本庄りえ | Ginchou Kidan - Honjou Rie,1
ぎんぎつね | Gingitsune (Anime & Manga),1
GIRLSブラボー | Girls Bravo - All Media Types,1
소녀더와일즈 | Girls of the Wild's,1
神魂合体ゴーダンナー!! | Godannar,1
Godhand Teru (Manga),1
極黒のブリュンヒルデ | Gokukoku no Brynhildr | Brynhildr in the Darkness (Anime),1
Golden Boy (Anime),1
ゴールデン・デイズ | Golden Days (Manga),1
Golden Time (Anime),1
加油大魔王 | Good Luck Demon King (Manga),1
Gothic Sports (Manga),1
グレートマジンガー | Great Mazinger (Anime & Manga),1
機動戦士クロスボーン・ガンダム | Crossbone Gundam Series,1
機動戦士ガンダム MSイグルー | Gundam MS IGLOO,1
Gundam SEED Stargazer,1
機動戦士ガンダム サンダーボルト | Gundam Thunderbolt,1
機動戦士ガンダム TWILIGHT AXIS | Gundam Twilight Axis,1
機動戦士Vガンダム | Victory Gundam,1
Gunsmith Cats,1
ギョ - 伊藤潤二 | Gyo - Ito Junji,1
H2 (Manga),1
.hack//Quantum,1
拝啓、兄さん様 | Haikei Niisan-sama | Dear Brother (Manga),1
はきだめと鶴 | Hakidame to Tsuru | Jewel and Dunghill (Manga),1
Hallelujah Overdrive! (Manga),1
花の騎士 | Hana no Kishi,1
花は咲くか | Hana wa Saku ka,1
Hanahaki Otome (Manga),1
花守の狐 - 西澤暁 | Hanamori no Kitsune - Nishizawa Akira,1
ハナヤマタ | Hanayamata,1
Hand Shakers (Anime),1
Happy Lesson (Anime & Manga),1
はぴまり | Happy Marriage!?,1
Harlem Beat wa Yoake Made: Mad Love Chase,1
初告白。| Hatsu Kokuhaku | First Confession (Manga),1
初恋限定 | Hatsukoi Limited | First Love Limited,1
그놈에게 바치는 장미 | He's Dedicated to Roses (Manhwa),1
ヘルタースケルター - 岡崎京子 | Helter Skelter - Okazaki Kyouko - All Media Types,1
Helter Skelter 白濁の村 | Helter Skelter Hakudaku no Mura,1
変身できない | Henshin Dekinai (Manga),1
Hero Heel,1
Heroic Age (Anime & Manga),1
Hi no Ataru Basho | Under Grand Hotel,1
緋色の椅子 - 緑川ゆき | Hiiro no Isu | The Scarlet Chair - Midorikawa Yuki,1
Hiiro no Kakera,1
光の伝説 | Hikari no Densetsu | Legend of Light (Anime),1
Hikari to Mizu no Daphne | Daphne in the Brilliant Blue,1
Hime Chen! Otogi Chikku Idol Lilpri,1
秘めごとあそび - 桜城やや | Himegoto Asobi - Sakuragi Yaya,1
姫騎士Angelica | Himekishi Angelica | Princess Knight Angelica (Anime),1
姫騎士リリア | Himekishi Lilia | Princess Knight Lilia (Anime),1
Himitsu no Akko-chan (Manga),1
ひなろじ | Hina Logi: From Luck & Logic (Anime),1
ひなこのーと | Hinako Note (Anime),1
火ノ丸相撲 - 川田 | Hinomaru Zumou - Kawada,1
一人之下 The Outcast | Hitori no Shita: The Outcast (Anime),1
Honobono Log (Anime),1
Honoka na Koi no Danpen wo | Shards of Affection,1
星空のカラス | Hoshizora no Karasu,1
Hotaru no Hikari,1
花花遊龍 - 星寶兒 | Hua Hua You Long - Xing Bao Ni,1
Hundred (Anime 2016),1
ひゃくまんつぶの涙 | Hyakuman tsubu no namida | Million Tears,1
はいぱーぽりす | Hyper Police (Anime & Manga),1
I My Me! Strawberry Eggs,1
I'll | I'll Generation Basket,1
ハーレム漫画の主人公だが同性愛者なので毎日がつらい | I'm the Main Character of a Harem Manga But I'm Gay... (Manga),1
いばらの王 - 岩原 裕二 | Ibara no Ou | King of Thorn - Iwahara Yuuji,1
いちばんうしろの大魔王 | Ichiban Ushiro no Dai Maou | Demon King Daimao,1
Ichigenme... The First Class is Civil Law,1
家なき子 | Ie Naki Ko | Nobody's Boy: Remi (Anime),1
異界繁盛記ひよこや商店 | Ikai Hanjouki Hiyokoya Shouten | Pick of the Litter (Manga),1
いかさまメモリ | Ikasama Memory | False Memories (Manga),1
Ikenai Navigation | Faulty Navigation,1
イキガミ | Ikigami - All Media Types,1
イルゲネス | Ilegenes,1
Im: Great Priest Imhotep (Manga),1
Immortal Regis,1
淫堕の姫騎士ジャンヌ | Inda no Himekishi Janne | Princess Knight Janne (Anime),1
インフェルノコップ | Inferno Cop,1
異能バトルは日常系のなかで | Inou Battle wa Nichijou-kei no Naka de - All Media Types,1
Inubaka,1
犬神さんと猿飛くんは仲が悪い。 | Inugami-san to Sarutobi-kun wa Naka ga Warui,1
Iono-sama Fanatics,1
Iria: Zeiram the Animation,1
色をも香をも | Iro wo mo Kaori wo mo | Scent of Love,1
鉄の処女JUN | Iron Virgin Jun (Manga),1
無責任艦長タイラー | The Irresponsible Captain Tylor (Anime),1
異世界はスマートフォンとともに | Isekai wa Smartphone to Tomo ni | In Another World With My Smartphone (Anime),1
いとしのアネリ | Itoshi no Anneli | Dear Annel (Manga),1
いとしの猫っ毛 | Itoshi no Nekokke | My Darling Kitten Hair (Manga),1
イトウさん - 冥花すゐ | Itou-san - Kuraka Sui,1
イクシオン サーガ DT | Ixion Saga DT,1
Judge (Manga),1
Junk!Boys - みなみ遥 | Minami Haruka,1
かぐや姫の物語 | Kaguya-hime no Monogatari | The Tale of the Princess Kaguya (2013),1
かぐや様は告らせたい | Kaguya-sama wa Kokurasetai | Kaguya Wants to be Confessed To (Manga),1
怪童丸 | Kai Doh Maru,1
海獣の子供 | Kaijuu no Kodomo | Children of the Sea,1
仮面のメイドガイ | Kamen no Maid Guy,1
Kamen Rider SPIRITS,1
神の子供 | Kami no Kodomo,1
Kami no Shizuku | Les Gouttes de Dieu,1
Kami-sama no Memo-chou | Heaven's Memo Pad,1
KAMUI - Nanami Shingo,1
彼女は誰とでもセックスする. | Kanojo wa Dare to Demo Sex Suru (Anime),1
薫りの継承 | Kaori no Keishou | The Inheritance of Aroma (Manga),1
からめ手で口説いて | Karamete de Kudoite | Take Care About Neighbor (Manga),1
累－かさね－ | Kasane (Manga),1
褐色爆乳×ぽっちゃり熟女荘 | Kasshoku Bakunyuu x Pocchari Jukujo Sou (Manga),1
ケダモノたちの住む家で 第一巻 | Kedamono-tachi no Sumu Ie de (Manga),1
Kenja no Ishi,1
絢爛舞踏祭 The Mars Daybreak | Kenran Butou Sai,1
詭弁学派、四ッ谷先輩の怪談 | Kiben Gakuha Yotsuya Senpai no Kaidan (Manga),1
キックのお姉さん | Kick the Girl!,1
キケンなお隣さん | Kiken na Otonarisan,1
機甲艦隊ダイラガーXV | Kikou Kantai Dairugger XV | Armored Fleet Dairugger XV (Anime),1
きみが恋に溺れる | Kimi ga Koi ni Oboreru | You are Addicted to Love,1
Kimi ga Nozomu Eien | The Eternity You Desire (Anime),1
禁断の恋でいこう | Kindan no Koi de Ikou,1
金魚屋古書店 | Kingyoya Koshoten | Kingyo Used Books,1
傷 | Kizu (Manga),1
Knight's & Magic (Anime),1
恋姫 | Koihime (Anime),1
Koko Kara Dou Suru?,1
孤高の人 | Kokou no Hito | The Climber,1
この男子、魔法がお仕事です。| Kono Danshi Mahou ga Oshigoto Desu | This Boy is a Professional Wizard (Anime),1
この男子 石化に悩んでます。| Kono Danshi Sekika ni Nayandemasu.,1
この中に1人、妹がいる！| Kono Naka ni Hitori Imouto ga Iru! | Nakaimo - My Sister is Among Them! (Anime),1
この音とまれ! | Kono Oto Tomare!,1
このはな綺譚 | Konohana Kitan (Anime),1
殺し屋さん: the hired gun | Koroshiya-san: The Hired Gun (Anime & Manga),1
高校球児 ザワさん - 三島衛里子 | Koukou Kyuuji Zawa-san - Mishima Eriko,1
Koutetsu Tenshi Kurumi | Steel Angel Kurumi,1
Kuro no Kishi | Black Knight,1
黒の探偵 | Kuro no Tantei | The Black Detective (Manga),1
Kuromukuro (Anime),1
黒檻姫と渇きの王 | Kuroorihime to Kawaki no Ou (Manga),1
Kurozuka,1
くさった螺旋 - 緒川千世 | Kusatta Rasen - Ogawa Chise,1
くっつきぼし | Kuttsukiboshi (Anime),1
空中ブランコ | Kuuchuu Buranko | Welcome to Irabu's Office (Anime),1
巨乳令嬢MC学園 | Kyonyuu Reijou MC Gakuen (Anime),1
巨神ゴーグ | Kyoshin Gorg | Giant Gorg (Anime),1
今日から俺は!! | Kyou Kara Ore Wa!!,1
今日のあすかショー | Kyou no Asuka Show,1
境界線上のホライゾン | Kyoukai Senjou no Horizon | Horizon in the Middle of Nowhere,1
京騒戯画 | Kyousougiga,1
吸血遊戯 | Kyuuketsu Yuugi | Vampire Game (Manga),1
Lagoon Engine (Manga),1
The Last Client,1
Legend of DUO,1
Legendz,1
Little Butterfly,1
Lonely Wolf Lonely Sheep (Manga),1
ラブ☆ヒメ | Love Hime,1
Love Recipe (Manga),1
Love so Life (Manga),1
Loveholic (Manga),1
Lovers Doll,1
Ludwig II - You Higuri,1
掠夺敌人的心 | Lueduo Diren De Xin | To Take An Enemy's Heart (Manhwa),1
M. D. Geist,1
Macaroni (Manga),1
魔弾の王と戦姫 | Madan no Ou to Vanadis | Lord Marksman and Vanadis,1
Madness (Manga),1
マジきゅんっ！ルネッサンス | Magic-kyun! Renaissance,1
魔法少女プリティサミー | Magical Project S (Anime),1
Magical x Miracle,1
魔技科の剣士と召喚魔王 - 三原みつき | Magika no Kenshi to Shoukan Maou - Mihara Mitsuki,1
まほらば 〜Heartful Days | Mahoraba ~Heartful Days,1
魔法戦士リウイ | Mahou Senshi Louie | Rune Soldier,1
Mairunovich,1
マジンボーン | Majin Bone - All Media Types,1
魔獣戦士ルナ・ヴァルガー | Majuu Senshi Luna Varga | Demon Warrior Luna Varga (Anime),1
Makai Toshi: Shinjuku | Demon City Shinjuku,1
まけるな!! あくのぐんだん | Makeruna!! Aku no Gundan! (Anime),1
枕男子（まくらのだんし） | Makura no Danshi | Pillow Boys,1
Mamono Hunter Youko | Devil Hunter Yohko,1
Mardock Scramble (Anime),1
Maze | Meizu Bakunetsu Jikuu,1
Midare Somenishi,1
Midnight Horror School,1
Midori no Hibi | Midori's Days,1
みくもとかさね | Mikumo to Kasane,1
Millennium Actress (2001),1
Mitsudomoe,1
Mitsuyaku | Secret Agreement,1
宮河家の空腹 | Miyakawa-ke no Kuufuku - All Media Types,1
百千さん家のあやかし王子 | Momochi-san Chi no Ayakashi Ouji | The Demon Prince of Momochi House (Manga),1
Momokuri (Anime),1
203號室的妖怪先生 | Monster in Room 203 (Manhua),1
モンスターソウル | Monster Soul,1
楽しいムーミン一家 | Moomin (Anime),1
森の陽気な小人たち ベルフィーとリルビット | Mori no Yōki na Kobitotachi: Berufi to Rirubitto | The Littl' Bits (Anime),1
Mother Keeper,1
もーれつア太郎 | Mouretsu Atarou,1
無限のリヴァイアス | Mugen no Ryvius | Infinite Ryvius,1
Muteki Kanban Musume | Ramen Fighter Miki,1
長門有希ちゃんの消失 | Nagato Yuki-chan no Shoushitsu | The Disappearance of Nagato Yuki-chan (Anime),1
ナジカ電撃作戦 | Najika Dengeki Sakusen | Najica Blitz Tactics (Anime),1
Natsuyuki Rendezvous,1
謎の彼女X | Nazo no Kanojo X | Mysterious Girlfriend X (Anime & Manga),1
Nekogami Yaoyorozu | Cat God,1
猫科男子のしつけ方 | Nekoka Danshi no Shitsukekata | How to Train Catboys,1
Never Let Go (Manga),1
新ゲッターロボ | New Getter Robo,1
A Night of a Thousand Dreams (Manhwa),1
Ninja Slayer from Animation (Anime),1
信長協奏曲 | Nobunaga Concerto (Anime & Manga),1
音響生命体ノイズマン | Noiseman Sound Insect,1
Non Non Biyori,1
Nora: The Last Chronicle of Devildom,1
Not/Love (Manga),1
脳内恋愛のススメ | Nounai Renai no Susume,1
のうりん | Nourin | No-Rin (Anime),1
乳牛少女かおり | Nyuugyuu Shoujo Kaori | Dairy Cow Girl Kaori (Manga),1
On Your Mark - Chage & Aska (Music Video),1
獨領風騷 - 李崇萍 | The One - Nicky Lee,1
お姉チャンバラ | OneeChanbara,1
Oniichan dakedo Ai sae Areba Kankeinai yo ne!,1
龍虎門 | Oriental Heroes (Manhua),1
おとぎストーリー 天使のしっぽ | Otogi Story Tenshi no Shippo | Angel Tales (Anime),1
お伽もよう綾にしき | Otogimoyou Ayanishiki,1
Otome wa Boku ni Koishiteru | Otoboku - Maidens are Falling for Me!,1
オトナ経験値 | Otona Keikenchi,1
Oujisama wa Juudenchuu | Android Prince,1
王家の紋章 | Ouke no Monshou | Crest of the Royal Family (Manga),1
Papa no Iu Koto o Kikinasai! | Listen to Me Girls I Am Your Father!,1
ペンギン娘 | Penguin Musume,1
Perfect Blue,1
ペット・お仕事中 | Pet Oshigotochuu | Pet on Duty,1
Photon: The Idiot Adventures (Anime),1
ぴたぴた競泳水着戦士 | Pitapita Kyouei Mizugi Senshi (Manga),1
Plastic Memories,1
プラチナガーデン | Platinum Garden (Manga),1
+αの立ち位置 | Plus Alpha no Tachiichi,1
Pocket Monsters PiPiPi Adventures | Magical Pokemon Journey,1
Pocket Monsters | Pokemon (Anakubo Manga),1
花粉少女注意報！～THE ANIMATION～ | The Pollinic Girls Attack! (Anime),1
平成狸合戦ぽんぽこ | Pom Poko (1994),1
Ppoi!,1
プリティフェイス - 叶恭弘 | Pretty Face - Kanou Yasuhiro,1
王子とヒーロー | Prince and Hero (Manga),1
Princess (Manhwa),1
Project Blue Rose,1
Pupa (Manga),1
Ragnarock City,1
박쥐사육 | Raising a Bat,1
乱と灰色の世界 | Ran to Haiiro no Sekai | Gray and Wonder Around Her (Manga),1
レシピの王子様 | Recipe no Oujisama,1
Regalia: The Three Sacred Stars,1
Reideen (2007),1
Reinouryokusha Odagiri Kyouko no Uso,1
Rental Magica,1
:REverSAL,1
リングにかけろ | Ring ni Kakero (Anime),1
Rio: Rainbow Gate!,1
ロボティカ＊ロボティクス | Robotica Robotics,1
ローリング ガールズ | The Rolling Girls,1
ロマンチカ クロック | Romantica Clock,1
るったとこだま - 藤谷陽子 | Rutta to Kodama - Fujitani Youko,1
Sable Prince,1
冴えない彼女の育てかた | Saekano | How to Raise a Boring Girlfriend (Anime),1
Sagrada Reset (Anime),1
最上の名医 | Saijou no Meii (Manga),1
サイケまたしても | Saike Mata Shite mo | Psyche Once Again (Manga),1
催眠学園 | Saimin Gakuen - All Media Types,1
세인트 마리 - 양여진 | Saint Marie - Yang Yeo-Jin,1
Saint October,1
Sakigake!! Otokojuku,1
桜姫華伝 | Sakura Hime Kaden | Sakura Hime: The Legend of Princess Sakura,1
さくらん | Sakuran - All Media Types,1
Sanctuary (Manga),1
砂糖菓子の弾丸は撃ちぬけない | Satougashi no Dangan wa Uchinukenai | A Lollipop or a Bullet,1
さよなら子供たち | Sayonara Kodomotachi,1
科学救助隊テクノボイジャー | Scientific Rescue Team TechnoVoyager | Thunderbirds 2086 (Anime),1
Secret (Manga),1
聖ヤリマンシスターズ パコパコ日記 THE ANIMATION | Sei Yariman Sisters Pakopako Nikki,1
聖剣使いの禁呪詠唱 | Seiken Tsukai no World Break (Anime),1
Seikimatsu Occult Gakuin | Occult Academy,1
ラ セーヌの星 | La Seine no Hoshi,1
Seishun Kouryakuhon,1
生徒会長に忠告 | Seitokaichou ni Chukoku | Hey Class President!,1
世界は君で廻ってる | Sekai wa Kimi de Mawatteru,1
Sengoku Armors,1
戦國ストレイズ | Sengoku Strays,1
Sengoku Youko,1
Senjutsu Choukoukaku Orion,1
Senki Senki Momotama,1
Senkou no Night Raid | Night Raid 1931,1
千年の雪 | Sennen no Yuki | Millennium Snow,1
せんぱいクラブ | Senpai Club (Anime),1
せんせいのお時間 | Sensei no Ojikan | Doki Doki School Hours,1
Servant x Service (Anime),1
瀬戸の花嫁 | Seto no Hanayome | My Bride is a Mermaid,1
Shangri-La (Anime),1
シバトラ | Shibatora (Manga),1
株式会社四月一日 | Shigatsu Tsuitachi Corporation,1
しまなみ誰そ彼 | Shimamani Tasogare (Manga),1
真ゲッターロボ対ネオゲッターロボ | Shin Getter Robo vs Neo Getter Robo (Anime),1
シニガミxドクター - 唐々煙 | Shinigami x Doctor - Karakara Kemuri,1
紳士同盟† | Shinshi Doumei Cross | The Gentlemen's Alliance Cross,1
しらぬい奇譚録 - 稲井カオル | Shiranui Kitanroku - Inai Kaoru,1
Shounen Dolls,1
少年ノート - 鎌谷悠希 | Shounen Note - Kamatani Yuhki,1
Shuffle! & Related Fandoms,1
シュトヘル - 伊藤悠 | Shut Hell - Itou Yuu,1
Sketchbook (Anime & Manga),1
The Skullman - 石森章太郎 | Skull Man - Ishinomori Shotaro (Manga),1
Slow Step (Manga),1
Snow Line (Manga),1
Softenni,1
Sol Bianca (Anime),1
sola (Anime),1
Soredemo Machi wa Mawatteiru,1
Sougiya Riddle | Undertaker Riddle,1
奏光のストレイン | Soukou no Strain | Str.A.In.: Strategic Armored Infantry,1
Soul Catcher(s),1
SoulTaker (Anime),1
宇宙海賊ミトの大冒険 | Space Pirate Mito,1
봄이 피는 심장 | Spring in the Heart (Manhwa),1
特例措置団体ステラ女学院高等科C3部 | Stella Women's Academy High School Division Class C3,1
宇宙の Stellvia | Stellvia of the Universe,1
Strobe Edge - 咲坂伊緒 | Sakisaka Io,1
終末なにしてますか? 忙しいですか? 救ってもらっていいですか? | SukaSuka | WorldEnd (Anime),1
超時空要塞マクロスII - LOVERS AGAIN - | Super Dimension Fortress Macross II,1
超青春姉弟s | Super Seisyun Brothers,1
超心理現象能力者 ナナキ | Superpsychic Nanaki,1
高速エンジェルエンジン | Supersonic Angel Engine,1
Susume! Kitakou Housoubu | Advance! Kitakou Broadcasting Club,1
Swan (Manga),1
剣と霧 - 琥狗ハヤテ | Sword and Mist - Kuku Hayate,1
台風のノルダ | Taifuu no Noruda (2015),1
大正野球娘。 | Taishou Yakyuu Musume. | Taishou Baseball Girls.,1
たいようのいえ - タアモ | Taiyou no ie | House of the Sun - Taamo,1
太陽の勇者ファイバード | Taiyou no Yuusha Fighbird | The Brave Fighter of Sun Fighbird (Anime),1
Tales of Gekijou,1
Tari Tari,1
Tell Me A Lie [私にウソをついて],1
天 天和通りの快男児| Ten: Tenhoudoori no Kaidanji (Manga),1
天空戦記 シュラト| Tenkuu Senki Shurato | Legend of Heavenly Sphere Shurato (Anime),1
Tenryu: The Dragon Cycle,1
Tenshi na Konamaiki | Cheeky Angel,1
Tenshi no Tamago | Angel's Egg,1
Tentai Senshi Sun Red,1
鉄楽レトラ | Tetsugaku Letra (Manga),1
Thou of the Blossoms - Kano Ayumi,1
とある飛空士への追憶 | Toaru Hikuushi e no Tsuioku | The Princess and the Pilot,1
Tobaku Haouden Rei | Gambling Emperor Legend Zero,1
飛べ!イサミ | Tobe! Isami | Soar High! Isami (Anime),1
東京赤ずきん | Tokyo Akazukin | Tokyo Red Hood,1
東京マグニチュード8.0 | Tokyo Magnitude 8.0,1
東京野蛮の地図 | Tokyo Yaban no Chizu | The Map of Tokyo Savage,1
となりのロボット | Tonari no Robot (Manga),1
Touch (Anime),1
Touka Gettan,1
透明少年 | Toumei Shounen | Invisible Boy,1
Toxic - 高橋燎央 | Takahashi Ryo,1
翼を持つ者 | Tsubasa: Those with Wings (Manga),1
月夜の晩に | Tsukiyo no Ban ni | In the Evening of the Moonlit Night,1
Tsumi ni Nureta Futari,1
徒然チルドレン | Tsurezure Children (Anime),1
Übel Blatt,1
Ultra Battle Satellite (Manga),1
うみものがたり: あなたがいてくれたコト | Umi Monogatari (Anime),1
Uncassandra,1
Unico (Anime & Manga),1
Upotte!!,1
嘘つきボーイフレンド - キリシマソウ | Usotsuki Boyfriend - Kirishima Sou,1
Vexille (2007),1
...Virgin Love,1
ボルテスＶ | Voltes V,1
VS騎士ラムネ&40炎 | VS Knight Lamune & 40 Fire,1
惑星ロボ ダンガードA | Wakusei Robo Danguard Ace | Planetary Robot Danguard Ace,1
ワルキューレ ロマンツェ 少女騎士物語 | Walkure Romanze: Shoujo Kishi Monogatari,1
Waltz - Isaka Kotarou & Oosuga Megumi,1
Wanted (Manga),1
わたしに××しなさい! | Watashi ni xx Shinasai! | Missions of Love,1
ふ~ふ | Wife and Wife (Manga),1
Wild Rose (Manga),1
リーンの翼 | The Wings of Rean (Anime),1
Witch Hunter (Manhwa),1
Wizard's Soul ~恋の聖戦 | Wizard's Soul ~ Holy War of Love (Manga),1
我家大师兄脑子有坑 | Wo Jia Dashi Xiong Naozi You Keng (Anime),1
Wonderful Days (2003),1
薬師アルジャン | Yakushi Argent | Apothecarius Argentum,1
ヤマノススメ | Yama no Susume | Encouragement of Climb,1
吉永さん家のガーゴイル | Yoshinaga-san Chi no Gargoyle | Gargoyle of Yoshinaga House,1
Yousei Hime Ren | Elf Princess Rane,1
ユート | Yuuto (Manga),1
全能のノア | Zennou no Noa | The World of Lostmemories,1
Zetman (Anime & Manga),1
絶対少年 | Zettai Shounen | Absolute Boy,1
ザイオンの小枝 | Zion no Koeda,1
Zone (Manga),1
Zone-00,1
