Marvel,235286
The Avengers - Ambiguous Fandom,105853
The Avengers (Marvel) - All Media Types,103045
DCU,102738
Captain America - All Media Types,59482
Star Wars - All Media Types,58476
Dragon Age - All Media Types,51254
Homestuck,44346
Voltron: Legendary Defender,32192
Thor - All Media Types,29371
The Hobbit - All Media Types,27873
DCU (Comics),27135
Batman - All Media Types,26086
X-Men - All Media Types,24756
Transformers - All Media Types,23380
Marvel (Comics),22022
Disney - All Media Types,21571
Marvel 616,18750
The Walking Dead & Related Fandoms,16721
Mass Effect - All Media Types,16598
Green Arrow - All Media Types,16310
The Flash - All Media Types,16126
Avatar (TV),13287
Star Wars: Rebellion Era - All Media Types,12923
Batman (Comics),12719
Superman - All Media Types,12519
Miraculous Ladybug,12244
Gravity Falls,12026
Transformers Generation One,11582
Spider-Man - All Media Types,10221
Smallville,9345
Steven Universe (Cartoon),8971
Young Justice - All Media Types,8948
RWBY,8705
Avatar: Legend of Korra,7325
Check Please! (Webcomic),6836
Avatar: The Last Airbender,6686
Assassin's Creed - All Media Types,6064
Young Justice (Cartoon),5343
The Transformers (IDW Generation One),5221
Star Wars Original Trilogy,5079
Deadpool - All Media Types,5002
Avengers (Comics),4790
The Legend of Zelda & Related Fandoms,4687
Teenage Mutant Ninja Turtles - All Media Types,4683
Star Wars: The Clone Wars (2008) - All Media Types,4550
Dungeons & Dragons - All Media Types,4453
Archie Comics & Related Fandoms,4317
Fullmetal Alchemist: Brotherhood & Manga,4302
South Park,4093
DC Cinematic Universe,4068
X-Men (Comicverse),3898
Transformers: Prime,3846
Warcraft - All Media Types,3452
DC Animated Universe,3352
Star Wars Legends: Sith Era - All Media Types,2956
Justice League - All Media Types,2842
Young Avengers (Comics),2761
ワンパンマン | One-Punch Man,2722
Ghostbusters - All Media Types,2589
Rick and Morty,2400
Star Wars: Rebels,2342
Hawkeye (Comics),2341
Danny Phantom,2231
Resident Evil - All Media Types,2200
Teen Titans - All Media Types,2148
Nightwing (Comics),2029
モブサイコ100 | Mob Psycho 100,1964
My Little Pony,1873
My Little Pony: Friendship is Magic,1785
Red Hood and the Outlaws (Comics),1753
Captain America (Comics),1736
The Incredible Hulk (2008),1669
Teenage Mutant Ninja Turtles (TV 2012),1667
Red Robin (Comics),1562
Sonic the Hedgehog - All Media Types,1548
Wonder Woman - All Media Types,1528
Eddsworld - All Media Types,1507
Teen Titans (Comics),1497
Transformers Animated (2007),1402
Teen Titans (Animated Series),1365
Justice League & Justice League Unlimited (Cartoons),1319
Fantastic Four,1277
Adventure Time,1275
Camp Camp (Web Series),1247
Watchmen - All Media Types,1237
Deadpool (Comics),1234
Teenage Mutant Ninja Turtles (TV 2003),1215
Tron - All Media Types,1168
Metalocalypse,1114
The Flash (Comics),1031
Thor (Comics),1018
Winter Soldier (Comics),1015
Lego - All Media Types,1014
Star vs. The Forces Of Evil,991
Hellblazer & Related Fandoms,973
Batman: The Animated Series,959
Green Lantern - All Media Types,909
Under the Red Hood,891
Superman (Comics),876
Phineas and Ferb,875
Stand Still Stay Silent,868
Black Widow (Comics),863
Serenity (2005),811
Batman and Robin (Comics),802
Iron Man (Comics),799
Star Wars Legends: New Republic Era - All Media Types,784
Batgirl (Comics),736
The Sandman (Comics),736
X-Men Evolution,722
Over the Garden Wall (Cartoon),721
Spider-Man (Comicverse),684
Robin (Comics),676
Girl Genius (Webcomic),649
Marvel Ultimate Universe,634
Invader Zim,632
Daredevil (Comics),630
Outsiders - Ambiguous Fandom,619
Ben 10 Series,600
Ultimate Spider-Man (Cartoon 2012),598
HAMLETMACHINE - Works,597
Villainous (Cartoon),597
Starfighter (Comic),595
Batman: Arkham - All Media Types,594
Ed Edd n Eddy,586
Green Lantern (Comics),574
Daria (Cartoon),533
The Walking Dead (Comics),530
The Mummy Series,510
Young Justice (Comics),500
Superman/Batman (Comics),496
Total Drama,488
Kim Possible (Cartoon),484
Xiaolin Showdown (Cartoon),480
킬링 스토킹 | Killing Stalking (Webcomic),476
Loki: Agent of Asgard,466
Transformers: Robots in Disguise (2015),466
Archie Comics,460
Fantastic Four (Comicverse),422
Disney Duck Universe,421
Gundam 00,421
Hellboy - All Media Types,420
Wander Over Yonder,416
Batman Beyond,412
Transformers: Shattered Glass,395
Tomb Raider & Related Fandoms,394
Buffy the Vampire Slayer (Comics),380
Wonder Woman (Comics),377
Scooby Doo - All Media Types,369
The Real Ghostbusters,365
Supergirl (Comics),358
Star Wars Legends: X-wing Series - All Media Types,354
Marvel Ultimates,351
Judge Dredd - All Media Types,350
Avengers Assemble (Cartoon),349
Avengers: Earth's Mightiest Heroes,349
Superboy (Comics),340
Cable and Deadpool,336
Problem Sleuth (Webcomic),336
Blade - All Media Types,329
The Transformers (Cartoon Generation One),328
Motorcity,316
Voltron: Lion Voltron,316
Green Arrow (Comics),314
Code Lyoko,307
Guardians of the Galaxy (Comics),301
Futurama,297
Welcome to Hell - All Media Types,296
Marvel Adventures (Comics),293
Deus Ex: Human Revolution,291
Fables (Willingham) - All Media Types,291
Wolverine and the X-Men - All Media Types,290
Gargoyles (TV),288
Transformers: Beast Wars,288
Kagaku Ninja Tai Gatchaman & Related Fandoms,287
Transformers: Rescue Bots,283
Birds of Prey (Comic),282
Justice League of America (Comics),280
Watchmen (Comic),279
Hey Arnold!,278
Legion of Super Heroes - All Media Types,278
Peter Pan & The Pirates,276
World's Finest (Comics),275
X-Ray & Vav (Cartoon),274
Marvel Adventures: Avengers,271
Monster High,271
The Losers (Comic),269
Hellblazer,265
Voltron: Defender of the Universe (1984),264
Tintin - All Media Types,262
ParaNorman (2012),261
19天 - Old先 | 19 Days - Old Xian,259
Harley Quinn (Comics),258
Powerpuff Girls,258
Star Wars: Clone Wars (2003) - All Media Types,252
Grayson (Comics),250
Elfquest,248
Red Hood/Arsenal (Comics),248
The Simpsons,245
Captain Marvel - Ambiguous Fandom,244
Winx Club,240
X-Factor (Comics),237
The Venture Bros,236
Punisher (Comics),234
DreamWorks Dragons (Cartoon),233
Paranatural (Webcomic),230
SpongeBob SquarePants (Cartoon),229
WildStorm,227
V for Vendetta - All Media Types,225
Hanna Is Not A Boy's Name,224
Journey into Mystery,222
My Little Pony: Equestria Girls,222
G.I. Joe - All Media Types,217
Runaways (Comics),217
Evil Dead - All Media Types,209
Penguins of Madagascar,205
Samurai Jack (Cartoon),204
Askewniverse,199
Archer (Cartoon),198
Super Sons (Comics),198
Trollhunters (Cartoon),193
Catwoman - All Media Types,191
The Loud House (Cartoon),187
Suicide Squad (Comics),187
Darkwing Duck (Cartoon),186
Happy Tree Friends,182
Milo Murphy's Law,182
Ava's Demon,179
Castlevania (Cartoon),179
Fairly OddParents,178
Injustice: Gods Among Us,178
St Trinian's - All Media Types,178
New Mutants,177
Winnie-the-Pooh - All Media Types,176
Static Shock,170
New Avengers (Comics),169
Spider-Man (Ultimateverse),169
DuckTales (Cartoon 2017),167
Starman - Ambiguous Fandom,166
Long Exposure (Webcomic),164
Monsters Inc (2001),164
Codename: Kids Next Door,162
Star Wars Legends: New Jedi Order Era - All Media Types,161
Batwoman (Comic),157
Blue Beetle (Comics),155
全职高手 | The King's Avatar (Cartoon),155
Star Wars (Marvel Comics),154
Transformers (Unicron Trilogy),154
The Authority,152
Fables - Willingham,152
Generator Rex,152
Calvin & Hobbes,151
Teenage Mutant Ninja Turtles (TV 1987),148
W.I.T.C.H.,145
Doctor Strange (Comics),144
Journey to Star Wars: The Force Awakens,144
Bob's Burgers (Cartoon),143
BoBoiBoy (Cartoon),143
Randy Cunningham: 9th Grade Ninja,143
Scott Pilgrim - All Media Types,143
X-Force (Comics),141
Penn Zero: Part-Time Hero,140
Green Lantern: The Animated Series,137
X-Men: The Animated Series,137
Invaders (Marvel),136
Justice League International (Comics),136
Looney Tunes | Merrie Melodies,136
The True Lives of the Fabulous Killjoys (Comic),136
Red Hood: Lost Days,135
Sofia the First (Cartoon),134
Marvel Noir,133
Godzilla - All Media Types,130
Sonic the Hedgehog (Comics),130
VASQUEZ Jhonen - Works,130
Family Guy,129
X-Men: First Class (Comics),127
Star Wars Legends: Legacy Era - All Media Types,125
Tron: Uprising,125
Deathstroke the Terminator (Comics),122
Marvel Secret Wars Battleworlds,122
Dark Avengers (Comic),121
OK K.O.! Let's Be Heroes,121
Disney Cartoons (Classic),120
Black Panther (Comics),119
Captain Marvel (Marvel Comics),118
Johnny the Homicidal Maniac,118
Legion of Super-Heroes (Comics),117
Lucifer (Comic),117
Sonic the Hedgehog (Archie Comic),117
Earth 2 - Ambiguous Fandom,116
Battle of the Planets (Cartoon),114
Regular Show,114
Halloween Movies - All Media Types,112
Gotham City Sirens (Comics),111
Marvel 3490,111
Wakfu,111
The Wicked + The Divine,111
Ender's Game - All Media Types,110
Masters of the Universe & Related Fandoms,110
LoliRock (Cartoon),109
Adventures of the Galaxy Rangers,107
The Borrowers - All Media Types,107
Catwoman (Comics),107
DC Elseworlds,107
Dude That's My Ghost!,107
Wolverine and the X-Men (Comics),107
Thundercats - All Media Types,106
Wolverine (Comics),106
All New X-Factor,105
Buzz Lightyear of Star Command,105
Green Lantern Corps (Comics),105
Ms. Marvel (Comics),105
Captain Planet and the Planeteers,102
X-Men (Ultimateverse),102
Hellraiser & Related Fandoms,101
Morning Glories,101
The Batman (Cartoon),100
G.I. Joe (Cartoon),100
Superman: The Animated Series,99
Storm Hawks,98
Blake et Mortimer | Blake and Mortimer,97
A Redtail's Dream (Webcomic),97
Tintin (Comics),97
Satan and Me (Webcomic),96
Captain Marvel (DC),94
Titans (Comics),94
We Bare Bears (TV),94
Майор Гром | Major Thunder,93
Preacher (Comics),93
Constantine (Comic),92
Jem and the Holograms - All Media Types,91
Justice Society of America (Comics),91
New Warriors,91
New X-Men: Academy X,91
American Dragon: Jake Long,90
Gunnerkrigg Court,90
SWAT Kats: The Radical Squadron,90
ReBoot (TV),88
Voltron Force,88
Jackie Chan Adventures,87
Witchblade - All Media Types,87
Invasion America (Cartoon),86
Le Magicien | The Magician (Cartoon),86
Peanuts,85
Rugrats & All Grown Up! (Cartoons),85
Dark Wolverine (Comics),84
Spider-Gwen (Comics),84
Spirou et Fantasio,81
X-23 (Comic),81
Animaniacs,80
Detective Comics (Comics),80
Poison Ivy (Comics),80
Scooby Doo! Mystery Incorporated (TV 2010),80
Booster Gold (Comics),78
Sonic Boom (Cartoon),78
Excalibur (Comic),77
Mike Lu & Og,76
The Adventures of Jimmy Neutron: Boy Genius,75
American Dad!,74
Generation X (Comic),73
The Spectacular Spider-Man (Cartoon),73
Transformers: Armada,72
Transformers: War for Cybertron,72
He-Man and the Masters of the Universe,71
Impulse (Comics),71
Dexter's Laboratory,70
Green Hornet - All Media Types,70
Secret Avengers,70
Dragon Age (Comics),69
DuckTales (Cartoon 1987),69
Gaston (Bande Dessinée),69
The Order of the Stick,69
Sherlock Holmes in the 22nd Century (Cartoon),69
Doctor Who: Scream of the Shalka,67
Spider-Woman (Comic),67
The Crow - All Media Types,66
The Glass Scientists (Webcomic),66
Robotech,66
Thor: Tales of Asgard,65
Aladdin: The Animated Series,64
Midnighter (Comics),64
Oglaf (Webcomic),63
Scooby Doo Where Are You! (TV 1969),63
Biker Mice From Mars,62
Maggot Boy,62
Marvel (House of M),62
Magic School Bus,61
Transformers: Beast Machines,61
Shazam (Comics),60
Aquaman - All Media Types,59
Dungeons and Dragons (Cartoon),59
Forever Evil (Comics),59
Inhumans (Comics),59
Iron Fist (Comic),59
Starfighter Eclipse,59
The Incredible Hulk (Comics),58
Nova (Comics),58
The Property of Hate,58
Robin: Son of Batman (Comics),58
Spider-Man/Deadpool - Joe Kelly (Comics),58
Umbrella Academy,58
Winnie-the-Pooh (Disney),58
Elsewhere University (Webcomic),57
All New X-Men (Comics),56
Elena of Avalor (Cartoon),56
She-Ra: Princess Of Power,56
WordGirl,56
Alvin and the Chipmunks - All Media Types,55
Chaotic (Cartoon),55
Next Avengers,55
Teen Titans Go!,55
Fantastic Four (Ultimateverse),54
Thundercats (2011),54
The Amazing World of Gumball,53
Avengers Academy (Comics),53
Grim Adventures of Billy & Mandy,53
Secret Six,53
Iron Man: Armored Adventures,52
Legion of Super Heroes (TV),51
Max Steel - All Media Types,51
PAW Patrol,51
Super Robot Monkey Team Hyperforce Go!,51
Teenage Mutant Ninja Turtles (Comics),51
Mighty Max,50
The Rocky & Bullwinkle Show,50
Tron: Betrayal,50
Where on Earth is Carmen Sandiego?,50
Batman: The Brave and the Bold,49
Star Wars Legends (Dark Horse Comics),49
변신자동차 또봇 | Tobot,49
In a Heartbeat (Short Film),48
Lackadaisy,48
Nimona (Webcomic),48
Smallville Season 11 (Comics),48
Best Friends Forever (Webcomic),47
Count Duckula,47
The Real Adventures of Jonny Quest,47
The Teahouse,47
Hark! A Vagrant,46
Sin City - All Media Types,46
The Tick - All Media Types,46
El Goonish Shive,45
Mighty Ducks: The Animated Series,45
Transformers (Dreamwave Generation One),45
Courage the Cowardly Dog,44
Johnny Bravo (Cartoon),44
New Teen Titans,44
Pinky and the Brain,44
Where in the World Is Carmen Sandiego?,44
Clockwork (Webcomic),43
Rocket Power (TV),43
Saga (Comics),43
Sonic Underground,43
Squee (Comics),43
凹凸世界 | AOTU Shijie | AOTU World,42
Dan Vs.,42
Ghost Rider (Comics),42
Justice League Dark (Comics),42
Marvel 1602,42
The Question (Comics),42
Wild Kratts,42
Care Bears,41
Code Lyoko Evolution,41
Star Wars: Shattered Empire,41
Disney Ducks (Comics),40
Grojband,40
Spider Riders - All Media Types,40
Tangled: The Series (Cartoon),40
Venom (Comics),40
Avengers: The Initiative,39
SAKANA (Webcomic),39
2000 AD (Comics),38
Earth-12041 (Marvel),38
Gotham Academy (Comics),38
Huntik: Secrets & Seekers,38
MC2 (Marvel),38
Voltron: Vehicle Voltron,38
Captain Scarlet - All Media Types,37
She-Hulk,37
Alpha Flight,36
Aquaman (Comics),36
Batman: Streets of Gotham,36
The Boondocks,36
Foster's Home For Imaginary Friends,36
Garfield - All Media Types,36
Gotham Central,36
The League of Extraordinary Gentlemen,36
Robotech The Macross Saga,36
The Shadow - All Media Types,36
Hellboy (Comics),35
Outsiders (Comics),35
Les Schtroumpfs | The Smurfs,35
Super Dictionary,35
The Unbeatable Squirrel Girl,35
Batman and Robin Eternal (Comics),34
Clarence (Cartoon),34
Inspector Gadget (Cartoon),34
SilverHawks,34
Zatanna (Comics),34
Black Canary (Comics),33
Dan and Mab's Furry Adventures,33
Doctor Who (Comics),33
King of the Hill,33
Moonbeam City,33
RoboCop - All Media Types,33
Superjail!,33
6teen,32
Alias (Comics),32
Angry Birds - All Media Types,32
Batman Incorporated (Comics),32
Jonny Quest,32
Monsterkind (Webcomic),32
Power Girl (Comics),32
Sam & Max,32
Spider-Girl,32
Angela (Marvel Comics),31
Astérix le Gaulois | Asterix the Gaul & Related Fandoms,31
블랙 헤이즈 | Black Haze (Webcomic),31
Blood Bank (Webcomic),31
ChalkZone,31
The Darkness - All Media Types,31
Hot Wheels: Battle Force Five,31
Namesake (Webcomic),31
Star Wars: Poe Dameron (Comics),31
Strangers in Paradise,31
Teenage Mutant Ninja Turtles (IDW Comics),31
Thundercats (1985),31
Wolverine And The X-Men (Cartoon),31
Eerie Crests (Webcomic),30
Homestar Runner,30
Recess,30
The Secret Saturdays,30
Son of Batman (2014),30
Stormwatch (Comics),30
Transformers (Marvel Generation One),30
Bombshells (Comics),29
Guardians of the Galaxy (Cartoon),29
xkcd,29
Batman Eternal (Comics),28
Class of the Titans,28
Rudolph the Red-Nosed Reindeer - All Media Types,28
Yin Yang Yo!,28
Dora the Explorer (Cartoon),27
Extreme Ghostbusters (Cartoon),27
Life and Times of Juniper Lee,27
Max Steel (TV 2000),27
Osmosis Jones (2001),27
Spider-Man the Animated Series (TV),27
Batman: The Killing Joke (Comics),26
Heroes For Hire (Comics),26
Sonic the Hedgehog: The Animated Series,26
Star Trek: The Animated Series,26
Star Wars Legends: Force Unleashed - All Media Types,26
Star Wars Legends: Knights of the Old Republic (Comic),26
Tom and Jerry (MGM/Hanna-Barbera),26
Total Drama Presents: The Ridonculous Race,26
Transformers: Cybertron,26
Yoko Tsuno (Comics),26
Captain Britain and MI: 13,25
Constantine: The Hellblazer (Comics),25
Gambit (Comic),25
Saber Rider and the Star Sheriffs,25
Todd Allison & the Petunia Violet,25
Uncanny Avengers,25
A-Babies Vs. X-Babies,24
Big Hero 6 (Comics),24
CyberSix,24
Galactik Football,24
Legendary Star-Lord,24
Lego Elves: Secrets of Elvendale (Cartoon),24
Mockingbird (Comic),24
Mummies Alive,24
My Life as a Teenage Robot,24
Nextwave (Comic),24
Tiny Toon Adventures,24
Totally Spies,24
Widdershins (Webcomic),24
Arthur (Cartoon),23
Donkey Kong Country,23
The Land Before Time (Movies),23
탈 | TAL (Webcomic),23
The Defenders (Comic),22
Detentionaire (Cartoon),22
LEGO Nexo Knights,22
Max Steel (TV 2013),22
Namor the Sub-Mariner (Comics),22
Nick Fury: Agent of S.H.I.E.L.D.,22
Star Wars: Princess Leia (Comics),22
El Tigre: The Adventures of Manny Rivera,22
V for Vendetta (Comic),22
Ant-Man (Comics),21
Batman Beyond 2.0 (Comics),21
FF (Comics),21
더 게이머 | The Gamer (Webcomic),21
Judge Dredd (Comics),21
Lessa (Webcomic),21
Lumberjanes,21
Moon Knight (Comics),21
Remake/Remodel (Fanart),21
Scarlet Spider (Comics),21
Y: The Last Man,21
Arkham Asylum (Comics),20
Camp Lazlo!,20
Fray,20
Gummi Bears (TV),20
Loonatics Unleashed,20
A Matter of Life and Death (Webcomic),20
Metanoia (Webcomic),20
Questionable Content (Webcomic),20
Rocko's Modern Life,20
Rudolph the Red-Nosed Reindeer (1964),20
A Softer World,20
Trese (Comics),20
As Told By Ginger,19
DC Super Hero Girls (Web Series),19
Dragon Booster,19
Flash Gordon - All Media Types,19
Johnny Test (Cartoon),19
Niels & Gang (Webcomic),19
Scarlet Witch (Comic),19
Sister Claire (Webcomic),19
World of Warcraft (Comics),19
Archipelago (Webcomic),18
Batman vs. Robin (2015),18
Danger Mouse (TV),18
Demashitaa! Powerpuff Girls Z,18
Бесобой | Demonslayer,18
Gloomverse (Webcomic),18
Griefer Belt (Webcomic),18
Honeydew Syndrome,18
Romantically Apocalyptic,18
Slugterra,18
Spider-Man and His Amazing Friends (TV),18
SuperMansion (Cartoon),18
Thunderbolts (Comics),18
Wolverines (Comics),18
Beavis and Butt-head,17
The Flintstones,17
Jane and the Dragon,17
Jem and the Holograms (Comics),17
The Last Unicorn (1982),17
Martin Mystère | Martin Mystery,17
Mass Effect (Comics),17
Power Man and Iron Fist (Comics),17
Scott Pilgrim (Comics),17
Star Trek (Comics),17
Time Squad,17
Usagi Yojimbo,17
Vixen (Cartoon),17
Always Raining Here,16
The Amazing Chan and the Chan Clan,16
Battle Scars (Comics),16
Bee and PuppyCat,16
The Boy Who Fell (Webcomic),16
Countdown to Countdown (Webcomic),16
Housepets!,16
Loki and the Loon,16
Marvel Adventures: Iron Man,16
Moral Orel,16
Penny Arcade,16
Powers (Comics),16
Spy vs Spy,16
Sweet Bro and Hella Jeff,16
This Is Not Fiction (Webcomic),16
Wacky Races,16
The 7D,15
Age of Apocalypse (Comics),15
Angel: The Series (Comics),15
Aqua Teen Hunger Force,15
Bob the Builder,15
Doctor Strange (Animated Movie),15
Drawn Together (Cartoon),15
Fortuna (Webcomic),15
Goof Troop,15
Martian Manhunter (Comics),15
The Ren & Stimpy Show,15
Super Friends,15
Aeon Flux - All Media Types,14
Amulet (Graphic Novels),14
Awesome Land (Cartoon),14
Cuccioli | Pet Pals (Cartoon),14
Dinotrux (TV),14
Exosquad,14
Flashpoint (Comics),14
G.I. Joe: Renegades,14
Hi Hi Puffy Amiyumi (Cartoon),14
New Captain Scarlet,14
짜장소녀 뿌까 | Pucca (TV),14
Shaderunners (Webcomic),14
Starfire (Comics),14
TaleSpin (TV),14
Tank Girl - All Media Types,14
Transmetropolitan,14
Uncle Grandpa,14
Young Allies (Marvel),14
Caillou (Cartoon),13
CatDog (Cartoon),13
The Darkness (Comics),13
Disney's House of Mouse,13
Liberty's Kids,13
Love and Rockets (Comics),13
The Maple Effect (Webcomic),13
Megas XLR,13
Men in Black: The Series,13
Modesty Blaise - Peter O'Donnell,13
The Order (Comics),13
Rat Queens,13
SheZow,13
Swamp Thing (Comics),13
Anya's Ghost,12
Ask the Odd Family from Asgard,12
Bunnicula (Cartoon),12
Daughters of the Dragon,12
De Cape et de Crocs,12
Elektra (Comics),12
FoxTrot,12
G.I. Joe (Marvel Comics),12
Hal Jordan and the Green Lantern Corps (Comics),12
Huntress (Comics),12
Kingdom Come (Comics),12
Midnighter and Apollo (Comics),12
Silk (Comics),12
Supreme Power (Comics),12
Unsounded,12
Wild Thornberrys,12
Books of Magic,11
Demon Knights,11
Dino Squad,11
Duck Dodgers in the 24 1/2th Century,11
Ghostbusters (Comics),11
Global Frequency,11
Godzilla: The Series,11
Hotblood!,11
이런 영웅은 싫어 | I Don't Want This Kind of Hero,11
大日本帝國擬人化海軍深夜隊 | Japanisches Kaiserreich Mitternacht Marine,11
Jonah Hex (Comics),11
Justice League of America's Vibe (Comics),11
Kick Buttowski,11
LEGO Star Wars - All Media Types,11
The Less Than Epic Adventures of TJ and Amal,11
My Little Pony (Cartoon 1984),11
Ninety-Nine Righteous Men (Webcomic),11
Power Pack,11
Prequel (Webcomic),11
Robotech The New Generation,11
Ruby Gloom (Cartoon),11
S.H.I.E.L.D. (Comics),11
Space Ghost Coast to Coast,11
Star Wars: Darth Vader (Comics),11
Transformers: Robots in Disguise (2001),11
Where's Waldo - Martin Handford,11
Atomic Robo (Comics),10
Beware the Batman (Cartoon),10
Boy Meets Boy (Comic),10
Cucumber Quest,10
The Dreamer (Webcomic),10
Hellraiser (Comics),10
Hobbes and Bacon,10
Jem and the Holograms (Cartoon),10
The Littlest Pet Shop,10
Narbonic,10
Robot Chicken,10
Secret Warriors,10
The Silver Eye (Webcomic),10
Star Wars Legends: Dawn of the Jedi (Comics),10
Stoked (Cartoon),10
Super Secret Secret Squirrel (Cartoon),10
Sym-Bionic Titan,10
Taiyou no Ko Esteban | Les Mystérieuses Cités d'or | The Mysterious Cities of Gold,10
Tales of Suspense,10
Thorgal,10
Transformers: Energon,10
Witchblade (Comics),10
Wonder Girl (Comics),10
The Yogi Bear Show (Cartoon),10
Avengers Arena,9
Back to the Future (Cartoon),9
Blacksad,9
Bureau for Paranormal Research and Defense,9
Carciphona (Webcomic),9
Champions (Comics),9
Dinosaur Comics,9
Earth 2 (Comics),9
Ex Machina (Comics),9
Exiles (Marvel),9
Fantastic Four: World's Greatest Heroes,9
Fearless Defenders (Comics),9
Fence (Comics),9
Gayliens! (Webcomic),9
Grim Tales (Webcomic),9
The Invisibles,9
Iron Man (Ultimateverse),9
M.A.S.K.,9
Mixels (Cartoon),9
My Little Pony Tales,9
No Evil (Web Series),9
이해불능 | Out of Control (Webcomic),9
Sammy & Co (Cartoon),9
Die Schule der kleinen Vampire | School for Vampires,9
Starman (Comics),9
Unbelievable Gwenpool,9
Year in Hereafter (Webcomic),9
The Angry Beavers,8
Batwing (Comics),8
Cats Don't Dance (1997),8
The Chronicles of Riddick: Dark Fury,8
Colorless (Webcomic),8
Doug (Cartoon),8
Dumbing of Age,8
FireBreather,8
Freakazoid (Cartoon),8
Ghost World (Comics),8
Grey Is... (Webcomic),8
Hot Wheels AcceleRacers,8
Hulk and the Agents of S.M.A.S.H.,8
Imaginext,8
Iron Man: The Animated Series,8
Justice League 3000,8
Justice League Beyond (Comics),8
Justice League: Doom,8
Kagerou (Webcomic),8
Lady of the Shard (Webcomic),8
Leif & Thorn (Webcomic),8
Making Fiends,8
Mutant League (Cartoon),8
Neo Yokio,8
The New Yogi Bear Show (Cartoon),8
No Rest for the Wicked (Comic),8
The Nutshack (Cartoon),8
Phineas and Ferb: Star Wars,8
Planetary - Warren Ellis,8
ポイズン・バグズ - もげこ | Poison Bugs - Mogeko,8
Poppy O'Possum (Webcomic),8
Quest for Camelot (1998),8
Road Rovers,8
Robin War (Comics),8
Sharp Zero (Webcomic),8
Strontium Dog,8
Super Hero Squad Show,8
Superman (1940),8
Thrillkiller,8
The Tick (TV 1994),8
Watson and Holmes (Comics),8
X-Club,8
Adventures of Sonic the Hedgehog (Cartoon),7
Agent X (Comics),7
Astro City,7
그 끝에 있는 것 | At the End of the Road (Webcomic),7
Batman: Bad Blood (2016),7
Batman: The Dark Knight Returns (Comics),7
Buddy Thunderstruck (Cartoon),7
Captain N: The Game Master,7
Charlie the Unicorn (Web Cartoon),7
Cockroach Inc,7
Courtney Crumrin (Comics),7
The Crow (Comics),7
Dinosaur Train,7
Felix the Cat (Cartoon),7
From Hell,7
Go Diego Go!,7
iZombie (Comics),7
Jurassic Park (Topps Comics),7
Kaijudo,7
Kill Six Billion Demons (Webcomic),7
Klarion (Comics),7
Marvel 2099,7
Marvel Boy (Comics),7
Mytho (Comic),7
Nightcrawler (Comics),7
Robotech Masters,7
Scandinavia and the World,7
Slightly Damned,7
Sonichu (Webcomic),7
Spectre (Comics),7
Star Wars Legends: Tales of the Jedi,7
Terror Titans (Comics),7
Top Cat (Cartoon),7
Turbo FAST,7
UC (Webcomic),7
WildC.A.T.S.,7
Alix (Bande Dessinée),6
All Winners (Marvel),6
Army Of Darkness (Comics),6
Batman and Harley Quinn (2017),6
Bone (Comic),6
Bots Master,6
China Illinois,6
Chowder (Cartoon),6
Cyberchase (Cartoon),6
Dead Romans Society (Webcomic),6
Desert Peach,6
Digger (Comic),6
Empowered,6
The Five Fists of Science,6
FreakAngels,6
Galtar and the Golden Lance,6
GREY: The Web Comic,6
Hawkman (Comics),6
Hero: 108,6
Jungle Cubs,6
Красная Фурия | Krasnaya Furiya,6
Lastman (Cartoon),6
Little Orphan Annie,6
Machine Robo | GoBots,6
The Marvelous Misadventures of Flapjack,6
Mega Babies (Cartoon),6
Mona the Vampire,6
Monster Pop!,6
The Mr. Peabody and Sherman Show (Cartoon),6
Nomad: Girl Without a World,6
Papyrus (Bande Dessinée),6
Peppa Pig (Cartoon),6
The Pirates of Dark Water,6
Pound Puppies (Cartoon),6
Promethea (Comics),6
Rainbow Brite,6
Shaun the Sheep (Cartoon),6
Sinestro (Comics),6
T.U.F.F. Puppy,6
Terinu (Webcomic),6
This Is Not Romance (Webcomic),6
Thrilling Adventures of Lovelace and Babbage,6
Truth: Red White and Black,6
Trying Human,6
The Unwritten,6
Valhalla - Peter Madsen,6
The Weekenders,6
X-Treme X-Men,6
勇者大冒险 | Yǒng Zhě Dà Mào Xiǎn (Cartoon),6
Zeta Project,6
Aaahh!!! Real Monsters,5
Achewood,5
明けのトバリ | Ake no Tobari,5
Alpha Teens On Machines,5
불편한 진실 - 이이런 | An Uncomfortable Truth - EErun,5
Anacrine Complex (Webcomic),5
The Animatrix,5
Atomic Betty,5
The Awesomes (Cartoon),5
Back at the Barnyard (Cartoon),5
Bear Nuts,5
Behind You (Webcomic),5
Bloom County,5
Cage (Comics),5
Candélabres,5
Chip 'n Dale: Rescue Rangers,5
Clone High,5
Les Dalton | The Daltons (Cartoon),5
Demon of the Underground (Webcomic),5
Duncan & Mallory Series - Robert Asprin & Mel White,5
Fillmore!,5
Freefall (Webcomic),5
Futures End (Comics),5
Hawk and Dove (Comics),5
Howard the Duck (Comics),5
Hyperbole and a Half,5
In These Words - Guilt Pleasure,5
Incredible Hercules,5
Infinity Inc,5
Kid n Teenagers (Web Comic),5
Kit 'n' Kate (Cartoon),5
Las Leyendas | Legend Quest (Cartoon),5
League of Super Evil,5
Lobo (Comics),5
Lucky Luke (Bande Dessinée),5
Magi-Nation (Cartoon),5
Mega Man (Cartoon 1994),5
Michel Vaillant (Bande Dessinée),5
Milestone Media (Comics),5
Mina and the Count,5
Minor Acts of Heroism,5
My Little Pony: Rescue at Midnight Castle,5
NEOKOSMOS (Webcomic),5
New Gods (Comics),5
New Guardians (Comics),5
Non-Adventures of Wonderella,5
Nutri Ventures (Cartoon),5
Nyan~ Neko Sugar Girls,5
Paper Roses (Webcomic),5
PKNA - Paperinik New Adventures,5
Rapaces,5
Robotboy (Cartoon),5
Rock and Riot (Webcomic),5
Salad Fingers,5
Scary Godmother Series - Jill Thompson,5
Sealab 2021 (2001),5
Secret Agent Men (Webcomic),5
Seven Soldiers of Victory,5
Something You Want (Webcomic),5
Sonic the Comic,5
Spider Riders (Cartoon),5
Star Wars Legends: Republic (Comics),5
Stasis (Webcomic),5
Supernoobs (Cartoon),5
Tawur (Comics),5
Teenage Mecha Ninja Turtles,5
Under the Aegis (Webcomic),5
Whiteout,5
The Woods (Comics),5
xkcd 1110 (Click and Drag),5
xkcd 1190 (Time),5
Yet Another Fantasy Gamer Comic,5
Yo Yogi! (Cartoon),5
Zoophobia (Webcomic),5
Aeon Flux (Cartoon),4
Afterlife With Archie,4
Always Human (Webcomic),4
Amalgam Comics,4
Ame-Comi Girls,4
American Vampire,4
The Animals of Farthing Wood (TV),4
The Animals of Farthing Wood - All Media Types,4
Ask Rose And Company (Webcomic),4
Autophobia (Webcomic),4
Avialae (Webcomic),4
Barbie in The Nutcracker (2001),4
Batman: Europa (Comics),4
Bonkers,4
Bucky O'Hare and the Toad Wars (Cartoon),4
Camp Lakebottom,4
Cattanooga Cats (Cartoon),4
Charlie and Lola,4
Chew,4
Delilah and Julius,4
Dessert Anime (Webcomic),4
Dino-Riders,4
Dinosaucers,4
Doc McStuffins,4
Dragon Tales,4
Emma Frost (Comics),4
Enigma (Comics),4
Extreme Dinosaurs (Cartoon),4
Fanboy & Chum Chum (Cartoon),4
Firestorm (Comics),4
Girls With Slingshots,4
Goofus and Gallant (Comics),4
Gotham Girls,4
Grayscale,4
Hanazuki: Full of Treasures (Cartoon),4
I Feel Sick,4
Infinity Train (Cartoon),4
Инок | Inok,4
Jake and the Never Land Pirates,4
Johan et Pirlouit | Johan & Peewit,4
Kake (Comics),4
Krypto the Superdog (Cartoon),4
Lazarus (Comics),4
Lenore: The Cute Little Dead Girl,4
Lex Luthor: Man of Steel,4
Locke & Key,4
Marvel Divas,4
Mekanix,4
Mighty Thor (Cartoon),4
Miss Pas Touche | Miss Don't Touch Me,4
Monstress (Comics),4
Monsuno,4
Mouse Guard,4
Mr Benn,4
Mr. Bean - All Media Types,4
My Gym Partner's a Monkey,4
Mysticons (Cartoon),4
Nomad (Comics),4
Nyx (Comics),4
Outcast (Comics),4
Paradox Space (Webcomic),4
Pilot (Webcomic),4
Planet Sheen,4
Princess Gwenevere and the Jewel Riders (Cartoon),4
The Proud Family,4
Ricochet Rabbit & Droop-a-Long (Cartoon),4
Robotech/Voltron (Comics),4
Santa Claus Is Coming to Town (1970),4
Schoolhouse Rock,4
Scream Street (Cartoon),4
The Secret Show,4
Seuls (Bande Dessinée),4
Sgt. Fury and His Howling Commandos,4
Shadow Raiders,4
Sidekick (Cartoon),4
Snooper and Blabber (Cartoon),4
Soul's Fate (Webcomic),4
Spider-Man (Cartoon 2017),4
Spider-Man and the X-Men,4
SpieZ! Nouvelle Génération | The Amazing Spiez!,4
The Superior Foes of Spider-Man,4
Superman/Batman: Public Enemies,4
Supurbia (Comics),4
Teen Wolf (Cartoon),4
Tek Jansen (Comic),4
This Is the Worst Idea You've Ever Had!,4
Time Warp Trio (Cartoon),4
Top Ten (Comic),4
トランスフォーマー 超神マスターフォース | Transformers: Super-God Masterforce,4
Transfusions (Webcomic),4
Trap Door,4
Trinity (Comics),4
Uchuu Densetsu Ulysses 31 | Ulysse 31,4
Ugly Americans,4
Violent Messiahs,4
Visionaries: Knights of the Magical Light,4
Vixen (Comics),4
We Are Robin (Comics),4
Wilde Life (Webcomic),4
Wolverine (Marvel Anime),4
Young Heroes in Love,4
Young X-Men,4
009; (Webcomic),3
304th Study Room (Web Comic),3
All-Star Western (Comics),3
Ambiguously Gay Duo,3
Apothecia (Webcomic),3
Atom Ant (Cartoon),3
Avengers Undercover,3
Batman & Dracula: Red Rain,3
Batman: The Dark Knight Strikes Again (Comics),3
Beetle Bailey (Comic),3
Belial and Reno (Webcomic),3
Beyond the Western Deep,3
Bite Me!,3
Le bleu est une couleur chaude | Blue is the Warmest Color (Bande Dessinée),3
Blueliners (Webcomic),3
Bullet Points (Comics),3
Castle Waiting,3
Charby the Vampirate,3
Circles (Comics),3
Damage Control (Comics),3
Darths & Droids,3
Daughter of the Lilies (Webcomic),3
Dave the Barbarian,3
DC: The New Frontier,3
Djinn (Comics),3
Doki (Cartoon),3
Doom Patrol,3
Dr. Havoc's Diary (Web Series),3
DreamKeepers,3
Drowtales: Moonless Age,3
Dykes to Watch Out For,3
Earth X (Marvel Comics),3
Earthworm Jim (Cartoon),3
Evil Con Carne,3
Экслибриум | Exlibrium (Comics),3
Frosty The Snowman (1969),3
Gadget Boy & Heather (Cartoon),3
Geek & Girly,3
Girls Next Door (Webcomic),3
Goblins (Webcomic),3
Gotham by Midnight (Comics),3
Gravedale High,3
Green Hornet: Parallel Lives,3
Green Lantern: Emerald Knights,3
Grossology (Cartoon),3
Harvey Beaks (Cartoon),3
Harvey Birdman: Attorney at Law (Cartoon),3
Heartstopper (Webcomic),3
HERO (Webcomic),3
How It Should Have Ended (Web Series),3
Injection (Comics),3
Knights-Errant (Webcomic),3
Lady Lovely Locks and the Pixietails,3
Lanfeust de Troy & Related Fandoms,3
Largo Winch,3
The Legend of Zelda (Cartoon 1989),3
Looking for Group (Webcomic),3
Mafalda (Comic),3
Magneto (Comics),3
Manhunter (Comics),3
MECH.MANS (Webcomic),3
Mélusine (Comics),3
Monster Boy (Webcomic),3
Mr. Men & Little Miss - All Media Types,3
The Mummy: The Animated Series,3
Muppet Babies,3
Mutant X (Comics),3
Nebula (Webcomic),3
No Homo (Webcomic),3
Les Nombrils | The Bellybuttons (Bande Dessinée),3
O Human Star (Webcomic),3
The Octonauts (Cartoon),3
Phantom Stranger (Comics),3
Pineapple Soda,3
The Pink Panther - All Media Types,3
Plastic Man (Comics),3
Pocoyo (TV),3
Polly and the Pirates,3
R.E.B.E.L.S (Comics),3
Red Star (Graphic Novel),3
Regal Academy (Cartoon),3
ReLIFE (Webcomic),3
The Replacements (Cartoon),3
Robotech II: The Sentinels,3
Saihôshi,3
Sandman Mystery Theatre,3
Sanjay and Craig (Cartoon),3
Schlock Mercenary (Webcomic),3
Scooby-Doo! and the Reluctant Werewolf (1988),3
Secret Society of Super Villains (Comics),3
Secret Squirrel (Cartoon),3
Sex Criminals,3
Sheep in the Big City (Cartoon),3
Silver Sable and the Wild Pack,3
Skin Horse (Webcomic),3
Slamacow Minecraft Animations (Web Series),3
Sleepless Domain (Webcomic),3
Small Trolls (Webcomic),3
Snotgirl (Comics),3
Space Battle Lunchtime (Comics),3
Spacejinx,3
Spawn (Comics),3
Star Darlings - All Media Types,3
Star Wars: Darth Maul (Comics),3
Starveil (Comic),3
Stretch Armstrong and the Flex Fighters (Cartoon),3
Stupidly Beautiful (Webcomic),3
태극천자문 | Tai Chi Chasers,3
Tales to Astonish (Comics),3
Talon (Comics),3
The Impossibles (Cartoon),3
Thundarr the Barbarian (Cartoon),3
Transformers: Combiner Wars (Cartoon),3
Vampirella (Comics),3
Wanted (Comics),3
West Coast Avengers,3
Whatever Happened to Robot Jones?,3
Worldview (Webcomic),3
X-Terminators,3
The Young Protectors (Webcomic),3
8-Bit Theater,2
A-Next (Comics),2
Ace of Beasts (Webcomic),2
Adventures of Barry Ween Boy Genius,2
The Adventures of Puss in Boots (Cartoon),2
Alex + Ada (Comics),2
Aliens: Defiance (Comics),2
Amethyst: Princess of Gemworld,2
Angel's Friends,2
Angelina Ballerina: The Next Steps (Cartoon),2
Animal Man,2
The Anime Club (Webcomic),2
안나라수마나라 | Annarasumanara (Webcomic),2
Another One (Webcomic),2
The Arrival - Shaun Tan,2
asdfmovie (Cartoon),2
Augie Doggie and Doggie Daddy (Cartoon),2
Avenger Penguins (Cartoon),2
Awful Hospital (Webcomic),2
Bad Machinery,2
Ballad of Halo Jones,2
Be Calm (Webcomic),2
Beanworld (Comics),2
Beverly Hills Teens,2
Die Biene Maja | The Adventures of Maya the Bee - All Media Types,2
Black Lightning (Comics),2
Blackhawk (Comics),2
Blood Syndicate (Comics),2
The Brady Kids,2
超絶倫人 ベラボーマン | Bravoman - All Media Types,2
Broodhollow (Webcomic),2
Brum (Cartoon),2
Carrot Soup (Webcomic),2
Chasseurs de Dragons | Dragon Hunters,2
Le Chat du rabbin | The Rabbi's Cat,2
Clifford the Big Red Dog (Cartoon),2
Cloak & Dagger (Comics),2
Les Compagnons du Crépuscule,2
Counterfeit Cat (Cartoon),2
Crimson (Comics),2
Le cycle de Cyann (Bande Dessinée),2
Danger Rangers,2
Darken (Webcomic),2
Deadman (Comics),2
Death Brigade,2
Death Vigil (Comics),2
Delilah Dirk and the Turkish Lieutenant,2
Devil's Candy (Webcomic),2
Dex Hamilton: Alien Entomologist (Cartoon),2
Donjon | Dungeon (Bande Dessinée),2
Doonesbury,2
닥터 프로스트 | Dr. Frost (Web Comic),2
Dragon Bros (Webcomic),2
Dragon Flyz,2
dream scar (Webcomic),2
Edgar & Ellen (Cartoon),2
El Eternauta,2
F is for Family (Cartoon),2
Les Fils du Rome (Cartoon),2
Finder (Comics),2
The Flame (Comics),2
Footrot Flats (Comics),2
Frankenstein Jr. (Cartoon),2
Friends till Death (Webcomic),2
полный пока | Full Stop,2
G-Force: Guardians of Space,2
G.I. Joe (IDW Comics),2
A Girl and Her Plesiosaur (comic),2
Goodbye Chains,2
Gormiti (Cartoon 2008),2
Gotham City Garage (Comics),2
Grey & Jingga (Webcomic),2
Grimm Fairy Tales (Comics),2
Hack/Slash,2
Harrow County (Comic),2
Heathcliff (Cartoon),2
Hot Stuff the Little Devil (Comics),2
The House of Secrets (DC Comics),2
그집 사정 | Household Affairs (Webcomic),2
I Love Yoo (Webcomic),2
Icarus (Webcomic),2
Incorruptible (Comics),2
The Incredible Hulk (Cartoon 1982),2
Insektors,2
James Bond Jr. (Comic),2
Jamie (Webcomic),2
Jay Jay the Jet Plane,2
Jayce and the Wheeled Warriors,2
Jelly Jamm (Cartoon),2
JLA/Avengers (Comics),2
Josie and the Pussycats (Cartoon),2
Justice (Comics),2
Justice League Action (Cartoon),2
Kabuki (Comic),2
Смешарики | Kikoriki,2
Kingdom Chums,2
Kozha da Kosti | Skin and Bones,2
Le Scrameustache (Bande Dessinée),2
Lefranc (Bande Dessinée),2
The Legends of Treasure Island (Cartoon),2
LEGO Star Wars: The Freemaker Adventures (Cartoon),2
LEGO Star Wars: The Yoda Chronicles,2
Les Normaux (Webcomic),2
Light in the Return (Webcomic),2
Lines (Webcomic),2
Little Einsteins (Cartoon),2
龙与地下室 | Lóng Yǔ Dìxiàshì (Webcomic),2
Love Diary (Comics),2
Luann (Comics),2
La Luna (Pixar Short),2
Le Manège enchanté | The Magic Roundabout (Cartoon),2
Marvel Her-Oes,2
Mega Man (Archie Comics),2
Michael Leunig Cartoons,2
Midnight Nation (Comics),2
The Modifyers (Cartoon),2
Monkey Dust (Cartoon),2
Monster Allergy,2
Monster Pulse (Webcomic),2
Monte Carlo Doctrine (Webcomic),2
Mortifer (Webcomic),2
The Movement (Comics),2
Mr. Pickles (Cartoon),2
Mucha Lucha (Cartoon),2
My Dear Cold-Blooded King (Webcomic),2
Natacha (Bande Dessinée),2
Nemi,2
Never Satisfied (Webcomic),2
NFL Rush Zone,2
Night Nurse (Marvel Comics),2
Nothing Can Possibly Go Wrong (Graphic Novel),2
Les Nouvelles Aventures de Lucky Luke | The New Adventures of Lucky Luke (Cartoon),2
NusantaRanger,2
Oblivion Tears (Webcomic),2
Oggy and the Cockroaches (Cartoon),2
Olympus Overdrive (Webcomic),2
On The Importance of Space Travel - Svetlana Chmakova (Comic),2
Outgroup (Webcomic),2
Pac-Man and the Ghostly Adventures (Cartoon),2
Pandect (Webcomic),2
Paper Girls (Comics),2
Perkeros,2
Phonogram,2
Pocket God (Comics),2
Popeye - All Media Types,2
Powerpuff Girls Doujinshi (Webcomic),2
Pretty Deadly (Comics),2
Princeless,2
Pulse (Webcomic),2
PVPonline (Webcomic),2
Quality Comics,2
Red Lanterns (Comics),2
Return to the Labyrinth (Comics),2
Rising Stars,2
RoboCop: Alpha Commando,2
Robot and Monster,2
Ruse (Comics),2
Sabrina the Teenage Witch (Comics),2
SacreD (Comic),2
Sam and Fuzzy,2
Scaredy Squirrel (Cartoon),2
Science & Violence (Webcomic),2
The Search For Henry Jekyll (Webcomic),2
Shadowpact,2
Shark Tale (2004),2
Shoot Around (Webcomic),2
双生灵探 | Shuangsheng Lingtan | Twin Spirit Detectives (Cartoon),2
Skeptical (Webcomic),2
Skim,2
Skylanders Academy (Cartoon),2
Sluggy Freelance,2
Snorks (Cartoon),2
Solomon Kane - All Media Types,2
Solstoria,2
Space Hop (Webcomic),2
Sparkling Generation Valkyrie Yuuki,2
Squidbillies,2
St Trinian's (Comics),2
Star Wars: Lando (Comics),2
Stickin' Around,2
Street Sharks (Cartoon),2
Strindberg and Helium,2
Stripperella (Cartoon),2
The Stuff Of Legend,2
Sugarshock! (Webcomic),2
Sugoi Quest For Kokoro,2
Suiciders (Comics),2
Sunstone (Webcomic),2
Super Best Friends Forever (DC Nation Videos),2
Supergirl: Cosmic Adventures in the 8th Grade,2
Technicolor London,2
That Which Wills (Webcomic),2
The Lampies (Cartoon),2
虹猫蓝兔七侠传 | The Story of Hongmao and Lantu,2
The Thief and the Cobbler (1993),2
Tiny Titans (Comics),2
Titans Hunt (Comics),2
Tom and Jerry (Van Beuren),2
Les tuniques bleues,2
Unravel (Webcomic),2
Unshelved,2
Upin & Ipin (Cartoon),2
Василиса Микулишна | Vasilisa Mikulishna,2
The Vermillion Academy and GenCrawl,2
Wayside (Cartoon),2
Weapon X (Comics),2
When Curiosity Met Insanity,2
Wild West C.O.W.-Boys of Moo Mesa (Cartoon),2
WordWorld,2
World's Finest (1997),2
The Wotch (Webcomic),2
The X's,2
X-Men Legacy,2
少年锦衣卫 | The Young Imperial Guard,2
Zoo Academy (Webcomic),2
3-2-1 Penguins! (Cartoon),1
30 Days of Night (Comics),1
5th & Main,1
The 9 Lives - Bayou & Rachel Manija Brown,1
바람이 머무는 난 | Abide in the Wind (Webcomic),1
Action Man (IDW Comics),1
Приключения капитана Врунгеля | Adventures of Captain Vrungel - All Media Types,1
The Adventures of Dr. McNinja,1
The Adventures of Superhero Girl,1
The Adventures of Teddy Ruxpin,1
Agents of Atlas,1
Alfdis + Gunnora (Webcomic),1
Alfred's Playhouse,1
Alien Legion,1
All For Love (Comics),1
All of Space Left to Go (Webcomic),1
All True Romance (Comics),1
Allen Gregory (Cartoon),1
The Amazing Screw-On Head,1
Amelia Rules!,1
Angela Anaconda (Animated Series),1
Angelot du Lac (Bande Dessinée),1
Annihilators (Comics),1
Antiheroes (Webcomic),1
Apartment 3-G,1
ArchEnemies,1
Archie Comics (2015),1
Argaï la prophétie | Argai: The Prophecy (Cartoon),1
Arif & Imam (Webcomic),1
Arkham Manor (Comics),1
Artemis: Requiem (Comics),1
Artifacts (Comics),1
Artifice (Webcomic),1
Assigned Male (Webcomic),1
Attendance (Webcomic),1
The Avenger (Magazine Enterprises),1
Les Aventures de Tanguy et Laverdure,1
Axe Cop (Webcomic),1
Back to the Future (IDW Comics),1
The Badger,1
Bananaman,1
Barbie: Star Light Adventure (2016),1
Barbie: The Princess & the Popstar (2012),1
Bard Quest (Webcomic),1
Les Barneidor,1
Barnum! In Secret Service to the USA,1
Barracuda (Bande Dessinée),1
후레자식 | Bastard (Webcomic),1
The Batman and Robin Adventures (Comics),1
The Batman vs Dracula (2005),1
Batman: Gotham Knights (Comics),1
Battle For Dream Island (Web Series),1
Bayou (Comics),1
Be Cool Scooby Doo! (Cartoon 2015),1
Bedlam (Image Comics),1
Bee-Man (Comics),1
Before You Go (Comic),1
京剧猫 | Beijing Opera Cats (Cartoon),1
Belle et Sébastien,1
Bicycle Boy (Webcomic),1
Big Mouth (Cartoon),1
바이클론즈 | Biklonz,1
Billy la Bufanda - Señor Wooly (Music Video),1
Bio-Revelation (Webcomic),1
Bionic Dog (Webcomic),1
Bizenghast (Comics),1
The Black Monday Murders (Comics),1
Blackwater (Comics),1
Blaze and the Monster Machines,1
Blindsprings (Webcomic),1
Bloodshot (Valiant Comics),1
Bob the Squirrel (Comics),1
Bobby's World,1
Bolts and Blip (Cartoon),1
Born From Death (Webcomic),1
Boy Loves Girl (Comics),1
Boy Meets Girl (Comics),1
The Brak Show (Cartoon),1
Brandy & Mr. Whiskers (Cartoon),1
BraveStarr (Cartoon),1
Breaks (Webcomic),1
Brenda Starr (Comics),1
Brickleberry,1
"Bride of the Rose Beast - Michelle ""Misha"" Krivanek",1
Bride’s Diary (Comic Series),1
bro'Town,1
Brodie's Law,1
Broken Saints,1
Brother Swan (Webcomic),1
Bubble Guppies (Cartoon),1
Buck Godot: Zap Gun For Hire,1
But I'm a Cat Person,1
Button Moon (Cartoon),1
Buzz! (Graphic Novel),1
Cadmus (Comics),1
Camelot 3000,1
Camp Weedonwantcha (Webcomic),1
Captain Atom (Comics),1
Casanova (Aircel Comics),1
Casper's Scare School (Cartoon),1
Cédric (Bande Dessinée),1
Chouette de classe,1
Cirque du Royale (Webcomic),1
Class of 3000 (Cartoon),1
The Cleveland Show,1
Clipped Wings (Webcomic),1
College Roomies from Hell!!!,1
Complainte des Landes Perdues,1
Confessions of the Lovelorn (Comics),1
Connie to the Wonnie,1
Conspiracy Friends! (Webcomic),1
Corneil et Bernie | Watch My Chops (Cartoon),1
Corto Maltese (Comics),1
Cosmoclysm,1
The Cramp Twins (Cartoon),1
Crash Zoom (Cartoon),1
Creeps (Webcomic),1
The Critic (Cartoon),1
Crow Cillers (Cartoon),1
Cuccioli Cerca Amici | Puppy in my Pocket: Adventures in Pocketville (Cartoon),1
CyberSteel,1
ワンワン三銃士 | D'Artacan y los tres mosqueperros | Dogtanian Series,1
D.I.C.E. (Cartoon),1
Dan Dare - All Media Types,1
Danger & Eggs (Cartoon),1
다크 헤븐 | Dark Heaven (Web Comic),1
Darkchylde (Comics),1
Darling Love (Comics),1
David el Gnomo | The World of David the Gnome,1
Dawn (Comics),1
The Deep (Cartoon),1
Defenders of the Earth (Cartoon),1
The Demon (Comics),1
Demon (Comics),1
Demon House (Webcomic),1
Diary Secrets (Comics),1
Dignity and Respect (Comics),1
Dilbert,1
Distant Soil,1
District X (Comic),1
The Divine (Cha Cha Comics),1
Dofus: Aux trésors de Kérubim | Dofus: The Treasures of Kerubim,1
Dog Mendonça e Pizzaboy (Comics),1
Dogstar (Cartoon),1
독고 | Dokgo (Webcomic),1
The Dom + The Machine,1
Dominic Deegan (Webcomic),1
Doodlez (Cartoon),1
Dorkly Comics,1
Dot X (Webcomic),1
Dr. Brinner Ghost Psychiatrist,1
Dr. Tran (Cartoon),1
The Dreaming (Comics),1
Drop-Out (Webcomic),1
Duckman,1
방과 후 전쟁활동 | Duty After School (Webcomic),1
DV8,1
Eagles Over the Western Front,1
An Easy Target (Webcomic),1
Eerie Cuties,1
Empire (Comic),1
Ensemble (Webcomic),1
Ensign Sue Must Die (Webcomic),1
Erfworld,1
The Escapist (Fictional Comic),1
Il était une fois… | Once Upon a Time... (Cartoon),1
Everafter (Webcomic),1
Faceless Leaves (Webcomic),1
Fake News Rumble,1
Fallen Angels (Marvel Comics),1
Falling in Love (Comics),1
Family Circus (Comic Strip),1
Fangbone! (Cartoon),1
Felidae - All Media Types,1
The Filth (Comics),1
Fireman Sam (Cartoon),1
FireWire (Webcomic),1
First Fantasy (Webcomic),1
First Kiss (Comics),1
Fish Hooks (TV),1
Fish Police (Cartoon),1
Fisheye Placebo,1
Flaming Carrot Comics,1
Flourus University (Webcomic),1
설레는 기분 | Fluttering Feelings (Webcomic),1
The Foldings (Comics),1
Four Corners (webcomic),1
Franklin (Cartoon),1
Frostbite (Comics),1
果宝特攻 | Fruity Robo (Cartoon),1
Fugget About It,1
Fun And Fancy Free (1947),1
Furious (Comics),1
G.I. Joe: Resolute,1
G.I. Joe: Sigma Six (Cartoon),1
Gen13,1
Generation Hope,1
George of the Jungle (Cartoon 1967),1
A Ghost Story (Webcomic),1
Ghost Teller (Webcomic),1
Ghost's Dilemma (Webcomic),1
Ghostbusters: Legion,1
GI Sweethearts (Comic Series),1
Giacomo C.,1
Giant Days (Comics),1
Ginger Meggs (Comics),1
Girl Confessions (Comics),1
Girls' Romances (Comics),1
Go Go Gophers,1
Gold Digger (Comics),1
Gravston (Webcomic),1
Grendel (comics),1
Grim Trigger (Webcomic),1
Grimms Manga (Comic),1
The Groovenians (Cartoon),1
Growing Up Creepie (Cartoon),1
Guardian Ghost (Webcomic),1
Gudetama (Cartoon),1
H2O: Reborn (Webcomic),1
교수인형 | Hanged Doll (Cartoon),1
Happy Ness: The Secret of the Loch (Cartoon),1
Harbinger (Comics),1
Harlequin Valentine - Neil Gaiman,1
Haru-Sari,1
Hawaiian Dick,1
Hawkworld (Comics),1
He Done Her Wrong (Graphic Novel),1
천계지부 로망컴퍼니 | Heaven & Hell Roman Company (Webcomic),1
Heck - Zander Cannon,1
Helvetica (Webcomic),1
Hemlock (Webcomic),1
Henry & Glenn Forever And Ever (Comics),1
Herculoids (Cartoon),1
Hereville,1
Hexed (Comics),1
Hexus Elegia (Webcomic),1
The Highwaymen (Comics),1
Hillbilly (Comics),1
Histeria! (Cartoon),1
Hitman (Comics),1
Holystone (Webcomic),1
Home Movies (Cartoon),1
Hoodwinked! (2005),1
House of Mystery (Comics),1
A Hundred Days of Night (Webcomic),1
Hydroman (Comics),1
I Love You (Comics),1
I Luv Halloween,1
I Vampire (Comics),1
I Was Kidnapped By Lesbian Pirates From Outer Space,1
I'm Strange (And So Are You) (Webcomic),1
Icon (Comics),1
Identity Crisis (Comics),1
Illicit Miracles,1
The Immortal Nadia Greene (Webcomic),1
The Interwebs Series (Webcomic),1
Invincible (Image Comics),1
Irmão do Jorel | Jorel's Brother (Cartoon),1
Jacked (Comics),1
Jailbreak (Webcomic),1
Jamie and the Magic Torch,1
Jenny Haniver (Webcomic),1
Jingle Belle (Comics),1
JLA Adventures: Trapped in Time,1
Johnny Wander,1
JoJo in the Stars (Short Film),1
Jonni Thunder (Comics),1
Josie and the Pussycats (Comics),1
Justice Friends,1
KaBLaM!,1
KaitoShuno (Webcomic),1
Kari - Amruta Patil,1
Khaos Komix,1
Kid Radd (Webcomic),1
Kidd Commander (Webcomic),1
Knight and Squire,1
Konrad und Paul - Ralf König,1
Kosh & Vse-vse-vse,1
Krazy Kat (Comic),1
Kri: the Unseen Essence (Webcomic),1
Last Blood (Webcomic),1
Lazer Tag Academy (Cartoon),1
League of Extraordinary Gentlemen: America 1988,1
The Legend of Prince Valiant (Cartoon),1
Legends: The Collection (Comics),1
LEGO Star Wars: Droid Tales,1
Li'l Mell,1
Liberty Vocational,1
Las Lindas (Webcomic),1
Linus et Boom | My Giant Friend (Cartoon),1
Little Bill - All Media Types,1
Little Nemo in Slumberland,1
Little Teeth (Webcomic),1
Loading Artist (Webcomic),1
LoserDex (Webcomic),1
Lost Fantasy Hero (Comics),1
Love and Capes,1
Love Confessions (Comics),1
Love Romances (Comics),1
Love Secrets (Comics),1
Love Stories of Mary Worth (Comics),1
Love Tales (Comics),1
Lovelorn (Comics),1
Lovers (Comics),1
Lucky Penny (Webcomic),1
Mad Magazine,1
Magasin Général (Bande Dessinée),1
Maggie and the Ferocious Beast,1
Magical How? (Webcomic),1
Magnus Robot Fighter (Comics),1
Les Malheurs de Sophie | The Misfortunes of Sophie - All Media Types,1
Малыш и Карлсон | Malysh i Karlson,1
Manly Guys Doing Manly Things,1
Marcus Level (Cartoon),1
Marmalade Johansen (Comics),1
Martha Speaks (Cartoon),1
Marvel 113500,1
Megatokyo (Webcomic),1
Mesmo Delivery,1
Mia and Me (Cartoon),1
Micronauts (IDW Comics),1
Mike Tyson Mysteries (Cartoon),1
Mind Snap (Webcomic),1
Minnie's Bow-Toons (Cartoon),1
A Miracle of Science (Webcomic),1
Miss Spider's Sunny Patch Friends,1
Mission Invisible | I.N.K. Invisible Network of Kids (Cartoon),1
Modern Love (E.C. Comics),1
Modest Medusa,1
Monstrous (Webcomic),1
Morbus Gravis (Comics),1
모리타트 | Moritat (Web Comic),1
Mortadelo y Filemón | Mort & Phil (Comics),1
Mother Panic (Comics),1
The Moving House (Comics),1
Mr. Charlie (Webcomic),1
Multiple Warheads (Comics),1
The Multiversity (Comics),1
Muppet Peter Pan,1
Мурзилка | Murzilka (Comics),1
My Love (Comics),1
My Love Secret (Comics),1
My Master is a Naga,1
My Own Romance (Comics),1
My Romantic Adventures (Comics),1
My Terrible Romance (Comics),1
Nailbiter (Comics),1
Necromancer Club (Webcomic),1
Neighbors From Hell (Cartoon),1
The Nesting Place (Graphic Novel),1
Névé,1
Nick Fury's Howling Commandos,1
Night Physics (Webcomic),1
Nikolai Dante (Comics),1
Ninjak (Valiant Comics),1
No End (Webcomic),1
Noddy's Toyland Adventures (Cartoon),1
normal (Webcomic),1
Not Drunk Enough (Webcomic),1
Obituary: A Grave Beginning (Cartoon),1
Oceanfalls (Webcomic),1
Off Beat (Comics),1
Okotowari Shimasu (Webcomic),1
Operation S.I.N.,1
The Other End (Webcomic),1
Ouija is Not a Suitable Party Game (Webcomic),1
Our Secret (Comics),1
Outwards - Elephant Wendigo,1
Owly,1
Pac-Man: The Animated Series (Cartoon),1
Pacific Heat (Cartoon),1
Packages From Planet X (Cartoon),1
Padz and Friends (Webcomic),1
Les Passagers du Vent,1
Pearls Before Swine (Comics),1
Pecola (Cartoon),1
The Perils of Penelope Pitstop (Cartoon),1
Periwinkle Blue (Webcomic),1
Persepolis - Marjane Satrapi,1
Pet Alien,1
Pictorial Romances (Comics),1
Piled Higher and Deeper,1
PJ Masks (Cartoon),1
Placid et Muzo (Bande Dessinée),1
Planetary Moe (Webcomic),1
Plume (Webcomic),1
Poison Elves (Comics),1
Pondus (Comic Strip),1
Princess Princess (Webcomic),1
Prisoner Zero (Cartoon),1
Proceed to Eden,1
Przygody kota Filemona | The Adventures of Filemon the Cat (Cartoon),1
The Pulse (Comics),1
Quantum and Woody (Comics 2013),1
Queen & Country,1
The Quick Draw McGraw Show,1
Куми-Куми | Qumi-Qumi (Cartoon),1
The Raccoons (Cartoon),1
Rahan (Bande Dessinée),1
RAVEN KING (Webcomic),1
Ravine (Comics),1
Re-Nightmare (Webcomic),1
Red Moon Rising,1
Red Sonja (Comics),1
Red String (Webcomic),1
Red Thorn (Comics),1
Rescue Heroes (Cartoon),1
Retoast and Clockwise (Webcomic),1
Return Of The Dapper Men (Graphic Novel),1
Revolution (IDW Comics),1
Rex Morgan M.D. (Comic Strip),1
Ring of the Nibelung (Comics),1
Rip Kirby (Comic Strip),1
RObotzi (Cartoon),1
RollBots (Cartoon),1
ROM (IDW Comics),1
Romantic Confessions (Comics),1
Romantic Hearts (Comics),1
Rose is Rose (Comics),1
Route 666 (Comics),1
Royal Servant (Manhwa),1
Runewriters (Webcomic),1
Saddle Romances (Comics),1
The Saga of Noggin the Nog,1
Sali Mali,1
Salvation Run (Comics),1
Sambre (Bande Dessinée),1
The Sanity Circus (Webcomic),1
Sarah & Duck,1
Savage Dragon,1
Scrambled (Webcomic),1
Search for Love (Comics),1
The Second Crimean War (Webcomic),1
Secret Asian Man (Comics),1
Secret Hearts (Comics),1
Secret Romance (Comics),1
Secrets of Love and Marriage (Comics),1
Secrets of Young Brides (Comics),1
Selkie (Webcomic),1
Sensation Comics,1
Sentinel (Comics),1
Serenity Rose (Webcomic),1
Shadow's Tale (Webcomic),1
Sherlock Holmes in the 23rd Century,1
Sherman's Lagoon,1
The Silver Brumby (Cartoon),1
Sinbad Jr. and his Magic Belt,1
Skin Deep (Webcomic),1
Sky Dancers (Cartoon),1
Slingers,1
Small Gods (Comics),1
Soda (Bande Dessinée),1
Sombulus (Webcomic),1
The Space Between (Webcomic),1
Spliced (Cartoon),1
The Spooktacular New Adventures of Casper (Cartoon),1
Spurs and Stripes (Webcomic),1
Squadron Supreme,1
Star Blazers (Cartoon),1
Star Wars Legends (Marvel Comics),1
Star Wars Legends: Jedi vs. Sith (Comic),1
Stars and S.T.R.I.P.E. (Comics),1
The Strange Talent of Luther Strode (Comic),1
Stray Dog (Webcomic),1
Strays (Webcomic),1
Stressed Eric,1
String Theory (Webcomic),1
Subnormality (Webcomic),1
Sugar High,1
Sunbow Universe,1
Sundaze (Webcomic),1
Sweethearts (Comics),1
SWORD (Comics),1
Tabaluga (Cartoon),1
Tales of Alethrion (Cartoon),1
Tales of Beatrix (Comics),1
Tales of Honor (Comics),1
Teen-Age Love (Comics),1
Teen-Age Romances (Comics),1
Templar Arizona,1
그 해 여름 | That Summer (Webcomic),1
아랫집 제빵사 | The Baker On The First Floor,1
The Spacebots (Cartoon),1
爱的比热容 | The Specific Heat Capacity of Love (Webcomic),1
The Unforgiving (Comics),1
Thieves & Kings,1
Three Delivery,1
Three Simple Doods (Webcomic),1
Timothy Goes to School (Cartoon),1
Tistow (Webcomic),1
Toad Patrol (Cartoon),1
Tobias and Guy (Webcomic),1
Tom Goes to the Mayor,1
Tomb of Dracula (Comics),1
Tomboy (Comics 2015),1
Too Much Coffee Man (Comics),1
Travesty - Ursula Wood & Jennifer Doyle,1
Treasure Chests (Webcomic),1
Tripping the Rift (Cartoon),1
Trollkins (Cartoon),1
True Life Secrets (Comics),1
True Secrets (Comics),1
True War Romances (Comics),1
Turma da Mônica Jovem | Monica's Gang Teen (Comics),1
Tutenstein (Cartoon),1
Twelve Forever (Cartoon),1
Twokinds (Webcomic),1
The Umbrella Academy (Comics),1
Uncle Sam (Comics),1
Undercurrent - Paul Blackwell,1
Underdog (Cartoon),1
Underworld Love Story (Webcomic),1
Unknown Code (Webcomic),1
unOrdinary (Webcomic),1
미숙한 표현｜Unripe Expression,1
Venena (Comics),1
Venus Envy,1
Victor and Hugo: Bunglers in Crime,1
Vigilante (Comics),1
The Wake (Comics),1
Walkyverse,1
We Are Pharmacists (Webcomic),1
Welcome Back (Comic),1
Whistles (Webcomic),1
Whitetail (Webcomic),1
Who Hurt You (Webcomic),1
Wicked Hero (Webcomic),1
윈드브레이커 | Wind Breaker (Web Comic),1
윈터우즈 | Winter Woods (Web Comic),1
Wondermark (Webcomic),1
Woo Hoo! (Webcomic),1
Włatcy móch,1
xkcd 1812 (Onboarding),1
Youjin (Webcomic),1
Young Love (Comics),1
Young Romance (Comics),1
YU+ME: dream,1
Zeke's Pad (Cartoon),1
Zesty!,1
Zevo-3 (Cartoon),1
Zig & Sharko,1
Zits (comic),1
Zodiac Starforce (Comic),1
