Marvel,235288
Marvel Cinematic Universe,190780
Supernatural,174301
Sherlock Holmes & Related Fandoms,109339
The Avengers - Ambiguous Fandom,105854
DCU,102741
Sherlock (TV),100564
Teen Wolf (TV),88924
Doctor Who & Related Fandoms,58730
Star Trek,48277
Doctor Who,46132
Stargate - All Media Types,42151
Jossverse,37811
Once Upon a Time (TV),36218
Glee,31934
Arthurian Mythology & Related Fandoms,31361
Thor - All Media Types,29371
Merlin (TV),29308
A Song of Ice and Fire & Related Fandoms,29199
Doctor Who (2005),28739
Batman - All Media Types,26086
Buffy the Vampire Slayer,25656
Star Trek: Alternate Original Series (Movies),24259
The 100 (TV),24203
Stargate Atlantis,23552
Agents of S.H.I.E.L.D. (TV),21681
Disney - All Media Types,21571
Game of Thrones (TV),21552
Stargate SG-1,19764
The Shadowhunter Chronicles - All Media Types,19034
Hannibal (TV),17490
The Walking Dead & Related Fandoms,16721
Green Arrow - All Media Types,16310
The Flash - All Media Types,16126
Arrow (TV 2012),16006
The Flash (TV 2014),15192
The Walking Dead (TV),15149
Supergirl (TV 2015),14727
Shadowhunters (TV),14407
Criminal Minds (US TV),13658
Torchwood,13412
Hawaii Five-0 (2010),12184
due South,11274
NCIS,10949
Shameless (US),10307
The Sentinel,9992
Smallville,9345
The Vampire Diaries & Related Fandoms,8967
Angel: the Series,8966
The X-Files,8469
Star Trek: The Original Series,8369
The Vampire Diaries (TV),7499
Daredevil (TV),7306
Person of Interest (TV),7198
White Collar,7115
DC's Legends of Tomorrow (TV),6088
Queer as Folk (US),5917
Firefly,5694
Leverage,5474
Battlestar Galactica - All Media Types,5440
Battlestar Galactica (2003),5161
Highlander - All Media Types,5083
Star Trek: Voyager,4929
Power Rangers,4848
Agent Carter (TV),4715
House M.D.,4715
The Musketeers (2014),4687
Teenage Mutant Ninja Turtles - All Media Types,4683
Gotham (TV),4578
Emmerdale,4544
Death Note & Related Fandoms,4454
The Man From U.N.C.L.E. (TV),4433
Highlander: The Series,4387
Star Trek: Enterprise,4319
Archie Comics & Related Fandoms,4317
SKAM (TV),4142
Riverdale (TV 2017),4136
Stranger Things (TV 2016),4030
Tennis no Oujisama | Prince of Tennis,3987
Law & Order: SVU,3839
Tokusatsu,3798
Doctor Who (1963),3731
Orphan Black (TV),3662
Star Trek: Deep Space Nine,3637
Bishoujo Senshi Sailor Moon | Pretty Guardian Sailor Moon,3613
Castle,3523
Suits (US TV),3431
Primeval,3205
The Magnificent Seven (TV),3199
The West Wing,3170
Heroes (TV),3147
Star Trek: The Next Generation,2951
American Idol RPF,2906
Black Sails,2762
Starsky & Hutch,2704
Downton Abbey,2683
Blake's 7,2606
The Professionals,2560
Inspector Morse & Related Fandoms,2554
Veronica Mars - All Media Types,2549
Kamen Rider - All Media Types,2444
Veronica Mars (TV),2344
Wynonna Earp (TV),2342
Life on Mars & Related Fandoms,2320
CSI: Crime Scene Investigation,2276
Canadian 6 Degrees,2251
Warehouse 13,2217
Revolution (TV),2151
Sanctuary (TV),2133
Grey's Anatomy,2118
Spartacus Series (TV),2114
Elementary (TV),2092
Life on Mars (UK),2085
Lewis (TV),2084
Generation Kill,2079
Produce 101 (TV),2076
Girl Meets World,2057
Grimm (TV),2047
Ouran High School Host Club - All Media Types,2043
How to Get Away with Murder,2020
Psych,2013
Pride and Prejudice & Related Fandoms,2008
Numb3rs,1999
Sleepy Hollow (TV),1998
Lucifer (TV),1978
The Blacklist (TV),1974
The Originals (TV),1933
Dracula & Related Fandoms,1923
Band of Brothers,1920
Brooklyn Nine-Nine (TV),1876
Community (TV),1856
The Big Bang Theory (TV),1853
Fringe (TV),1797
Babylon 5 & Related Fandoms,1791
The Dresden Files - All Media Types,1731
Lost,1722
The Librarians (TV 2014),1717
Miss Fisher's Murder Mysteries,1717
Babylon 5,1704
Being Human (UK),1700
Bones (TV),1675
The Mentalist,1657
Parks and Recreation,1614
Vikings (TV),1602
True Blood,1565
Holby City,1531
Wonder Woman - All Media Types,1528
LazyTown,1509
Super Sentai Series,1503
Gilmore Girls,1484
Charmed (TV),1472
Robin Hood - All Media Types,1445
The Wizard of Oz & Related Fandoms,1416
Haven (TV),1397
Prison Break,1376
Pretty Little Liars,1375
Rizzoli & Isles,1353
Oz (TV),1339
NCIS: Los Angeles,1331
Legend of the Seeker,1316
American Horror Story,1296
It's Always Sunny in Philadelphia,1289
Sons of Anarchy,1287
Scorpion (TV 2014),1211
In the Flesh (TV),1208
Farscape,1204
CSI: Miami,1203
Breaking Bad & Related Fandoms,1187
Chuck (TV),1178
Jessica Jones (TV),1176
Dark Angel,1173
Xena: Warrior Princess,1173
Terminator - All Media Types,1171
Robin Hood (BBC 2006),1158
Lost Girl,1111
The A-Team - All Media Types,1109
Forever (TV),1104
The Voice RPF,1102
Breaking Bad,1094
Japanese Drama,1089
Thunderbirds,1084
CSI: NY,1081
Wentworth (TV),1072
Red Dwarf,1070
Eyewitness (US TV),1045
Turn (TV 2014),1042
Outlander & Related Fandoms,1040
Almost Human,1037
Pundit & Broadcast Journalist RPF (US),1021
Dollhouse,1013
Broadchurch,984
Eureka (TV),981
Justified,973
From Dusk Till Dawn: The Series,967
Gossip Girl,961
The Good Wife (TV),953
Burn Notice,945
The Eagle - Ambiguous Fandom,944
Mission: Impossible,942
Sense8 (TV),938
The Fosters (TV 2013),930
In the Loop (2009) & The Thick of It,925
Tatort,922
The Thick of It (TV),920
Stargate Universe,902
The Voice (US) RPF,887
Korean Drama,881
Dirk Gently's Holistic Detective Agency (TV 2016),863
The Almighty Johnsons,859
Spooks | MI-5,830
The Newsroom (US TV),828
Jonathan Strange & Mr Norrell & Related Fandoms,815
Sports Night,815
The Mindy Project,803
Forever Knight,794
Alias (TV),786
Big Time Rush (TV),781
Jeeves & Wooster,774
The White Queen (TV),774
Terminator: The Sarah Connor Chronicles,768
How I Met Your Mother,765
Damien (TV),755
Major Crimes (TV),751
MASH (TV),751
Call the Midwife,735
General Hospital,727
Rookie Blue,723
Hornblower (TV),711
Silicon Valley (TV),711
My Mad Fat Diary,706
Mighty Morphin Power Rangers,699
Orange is the New Black,698
琅琊榜 | Nirvana in Fire (TV),696
Pitch (TV 2016),692
Baby-Sitters Club & Related Fandoms,687
Victorious,686
The Office (US),675
Twin Peaks,661
As the World Turns,660
Sarah Jane Adventures,648
The OC,640
The Defenders (Marvel TV),637
Outlander (TV),637
True Detective,636
Skins (UK),627
Outsiders - Ambiguous Fandom,619
Poldark - All Media Types,606
Degrassi,604
Spartacus: Vengeance,598
Borgias - Ambiguous Fandom,593
Fake News,590
Penny Dreadful (TV),584
Mr. Robot (TV),583
Constantine (TV),567
Reign (TV),563
Baby-Sitters Club - All Media Types,559
Homeland,559
The Punisher (TV 2017),553
Kaizoku Sentai Gokaiger,547
The Mighty Boosh (TV),543
Riptide (TV),540
Emergency!,529
Andromeda (TV),522
The Closer,520
Jonathan Strange & Mr Norrell (TV),514
Quantum Leap,513
Mad Men,511
Jane the Virgin (TV),510
The Following,509
Friday Night Lights,507
Hit the Floor (TV),505
Days of Our Lives,500
MacGyver (TV 2016),492
The Pacific (TV),490
The A-Team (TV),487
New Girl,485
Spartacus: War of the Damned,484
伪装者 | The Disguiser (TV),480
Hercules: The Legendary Journeys,480
Fargo (TV),477
Friends (TV),468
Dexter Series - All Media Types,465
Class (TV 2016),462
Whitechapel (TV),462
Ashes to Ashes (UK TV),459
E.R.,458
Kings (TV 2009),458
Tin Man (2007),458
Common Law (TV),455
Preacher (TV),453
13 Reasons Why (TV),452
Law & Order,452
Poldark (TV 2015),452
Star Trek: Discovery,452
Fear the Walking Dead (TV),448
Mortal Kombat - All Media Types,444
American Horror Story: Coven,442
Three Kingdoms History & Adaptations - All Media Types,440
Kamen Rider Gaim,435
Power Rangers Dino Thunder,435
Pushing Daisies,432
Dexter (TV),429
Endeavour (TV),421
Timeless (TV 2016),420
Roswell (TV),419
iZombie (TV),414
Stitchers (TV),412
Addams Family - All Media Types,406
Sherlock Holmes (1984 TV),403
Political Animals,402
Flashpoint (TV),399
The Tudors (TV),399
The Magicians (TV),398
Faking It (TV 2014),397
Code Black (TV),396
Moonlight (TV),395
The Hour,389
Scream (TV),389
Power Rangers Dino Charge,388
Victoria (TV),388
Hemlock Grove,383
X Factor RPF,383
Dawson's Creek,382
Mercy Street (TV),379
The Borgias (Showtime TV),377
Dominion (TV),375
Chicago Fire,372
Scooby Doo - All Media Types,369
Atlantis (UK TV),367
Law & Order: Criminal Intent,362
Peaky Blinders (TV),360
The Pretender (TV),360
Falling Skies,359
Kamen Rider OOO,353
Lie to Me (TV),349
Power Rangers Ninja Storm,344
Dr. Horrible's Sing-Along Blog,343
iCarly,343
The Muppets - All Media Types,339
Big Brother RPF,333
Chicago PD (TV),333
Impractical Jokers,330
Bates Motel (2013),327
Ghost - Ambiguous Fandom,326
Da Vinci's Demons,325
Sapphire and Steel,325
Luke Cage (TV),323
Boardwalk Empire,322
Kamen Rider W (Double),322
Star Trek: Mirror Universe,322
Revenge (TV),320
Veep (TV),320
Scandal (TV),319
Blindspot (TV),316
Alice (TV 2009),311
Iron Fist (TV),310
Slings & Arrows,310
The Fall (TV 2013),301
Once Upon a Time in Wonderland (TV),299
The Get Down (TV),293
Boy Meets World,292
Alias Smith and Jones,288
Dark Shadows - All Media Types,288
Nikita (TV 2010),287
Wallander - All Media Types,287
In Plain Sight,285
London Spy,284
Power Rangers S.P.D.,283
Highlander: The Raven,282
Scrubs (TV),281
Mystery Science Theater 3000,279
The Tomorrow People - All Media Types,277
seaQuest,275
Blood Ties (TV),272
달의 연인-보보경심 려 | Moon Lovers: Scarlet Heart Ryeo (TV),272
Misfits (TV 2009),271
Voyage to the Bottom of the Sea,270
American Gods (TV),268
Graceland - Ambiguous Fandom,267
Life (TV),267
Inspector Lynley - All Media Types,264
Inspector Lynley Mysteries (TV),263
The Young Riders,263
Blue Bloods (TV),262
Graceland (TV),260
Hogan's Heroes,260
Waking the Dead (TV),260
Lab Rats (TV 2012),259
Wallander (UK TV),259
24 (TV),258
Arrested Development,258
Degrassi the Next Generation,258
Dark Matter (TV),257
JAG,257
NCIS: New Orleans,256
Saturday Night Live,253
Death in Paradise,249
Power Rangers in Space,249
Covert Affairs,247
The Good Place (TV),247
Kamen Rider Ex-Aid,247
The Simpsons,245
Power Rangers R.P.M.,243
Humans (TV),242
Knight Rider - All Media Types,241
Real News RPF,240
Terra Nova (TV),240
That '70s Show,240
Power Rangers Samurai,239
Versailles (TV 2015),239
House of Cards - Ambiguous Fandom,237
Killjoys (TV),237
Gunsmoke,234
Without a Trace,233
Z Nation (TV),232
War of the Worlds (TV),230
Knight Rider (1982),228
Ripper Street,228
Jericho (US 2006),227
American Horror Story: Murder House,226
Boston Legal,223
Dalton Academy Series,222
Foyle's War,222
Bonanza,220
House of Cards (US TV),218
Power Rangers Jungle Fury,216
Guiding Light,215
MacGyver (TV 1985),214
One Tree Hill,214
Luther (TV),212
The Shannara Chronicles (TV),212
Ghost Adventures (TV),211
The Monkees (TV),208
Life with Derek,206
Power Rangers Zeo,204
The Grand Tour (TV) RPF,203
Hawaii Five-O (1968),202
Dark Shadows (1966),200
Askewniverse,199
Nashville (TV),199
Sharpe - All Media Types,199
Poirot - All Media Types,198
Arthur of the Britons,197
Being Human (US/Canada),197
12 Monkeys (TV),195
Dead Like Me,195
The Invisible Man - All Media Types,193
Longmire (TV),193
One Life to Live,191
Ugly Betty,191
The Doctor Blake Mysteries,189
Galavant (TV),189
Battle Creek (TV),188
The Bold Type,188
The Dresden Files (TV),187
The Worst Witch - All Media Types,187
The Hollow Crown (2012),186
Power Rangers Time Force,186
Spartacus: Blood and Sand,186
The Bill (TV),185
Defiance (TV),185
Kamen Rider Ghost,184
Queer as Folk (UK),184
Bishoujo Senshi Sailor Moon | Pretty Guardian Sailor Moon (Live Action TV),183
Gokusen - All Media Types,182
Homicide: Life on the Street,182
21 Jump Street - All Media Types,181
EastEnders,180
Kamen Rider Drive,179
Zorro - All Media Types,179
Hollyoaks,177
Rome (TV 2005),175
30 Rock,174
Alles was zählt,174
Fake News FPF,174
The Invisible Man (TV 2000),174
Black Books,173
Wizards of Waverly Place,170
Bad Education (UK TV),169
Big Wolf on Campus,169
New Avengers (Comics),169
Power Rangers Turbo,169
Kung Fu: The Legend Continues,168
Brothers & Sisters,167
Still Star-Crossed (TV),167
महाभारत | Mahabharat (TV 2013),166
Starman - Ambiguous Fandom,166
The Avengers (TV),165
American Horror Story: Asylum,164
Entourage,163
Lois & Clark: The New Adventures of Superman,163
Crazy Ex-Girlfriend (TV),162
The Night Manager (TV),162
ウルトラシリーズ | Ultra Series,162
Chicago Med,161
Poltergeist: The Legacy,161
Better Call Saul (TV),160
Dorian Gray - All Media Types,159
Southland,159
Coronation Street,157
Grace and Frankie (TV),157
Home Fires (UK TV),155
The Middleman (TV),154
Selfie (TV),153
The Big Valley,152
Power Rangers Mystic Force,152
Frasier (TV),151
Jeremiah (TV),151
Carnivale,150
Everwood,150
The Last Ship (TV),150
Starman (TV),150
UFO | Gerry Anderson's UFO,150
Kung Fu Panda - All Media Types,149
Bomb Girls,147
The Gifted (TV 2017),147
Wild Wild West (TV),147
Tarzan - All Media Types,145
The Unusuals,145
Once a Thief (TV),144
Power Rangers Megaforce,144
The Tomorrow People (2013),144
Wiseguy,144
North and South - Ambiguous Fandom,143
Birds of Prey (TV),142
The Expanse (TV),142
Secret Diary of a Call Girl (TV),142
Dracula (TV 2013),141
Nathan Barley (TV),141
Kamen Rider Fourze,140
The Strain (TV),140
V - All Media Types,140
The Killing,139
Desperate Housewives,138
Tokumei Sentai Go-Busters,138
North and South - Elizabeth Gaskell | UK TV,137
Taggart (TV),137
The Nanny,134
Power Rangers Lost Galaxy,134
Halt and Catch Fire,133
Strike Back,133
Eerie Indiana,132
La Femme Nikita,132
Smash (TV),132
21 Jump Street (TV),131
Airwolf,131
Battlestar Galactica (1978),131
The Dead Zone,131
The Young Ones (TV 1982),131
Franklin & Bash,130
Robin of Sherwood,129
S.W.A.T. - All Media Types,129
Women's Murder Club (TV),129
2 Broke Girls,128
The Secret Circle (TV),128
Designated Survivor (TV),127
Scarecrow and Mrs. King,127
Deadwood,125
Power Rangers Wild Force,125
Zyuden Sentai Kyoryuger,125
Private Practice,124
Sesame Street (TV),124
Samurai Sentai Shinkenger,124
Westworld (TV),124
Lucha Underground,123
Power Rangers Lightspeed Rescue,123
The Exorcist (TV),122
花郞 | 화랑 | Hwarang (TV),122
Return to Treasure Island (TV 1996),122
Horrible Histories,121
Full House (US),119
Human Target (TV 2010),119
Saving Hope,118
Earth 2 - Ambiguous Fandom,116
Murdoch Mysteries,116
American Horror Story: Freak Show,115
Mansfield Park - All Media Types,115
American Horror Story: Hotel,114
Drake & Josh,114
Kamen Rider Wizard,113
Studio 60 on the Sunset Strip,113
X Factor (UK) RPF,113
The Muppet Show,111
欢乐颂 | Ode to Joy (TV),111
พี่ว้ากตัวร้ายกับนายปีหนึ่ง | SOTUS: The Series (TV),111
Yes Minister,111
쓸쓸하고 찬란하神 - 도깨비 | Goblin (TV),110
Remington Steele (TV),110
宇宙戦隊キュウレンジャー | Uchu Sentai Kyuranger,110
Law & Order: UK,109
Royal Pains,109
人民的名义 | In the Name of the People (TV),108
Kaamelott,108
Twisted (TV),108
Last Tango In Halifax,107
Young Dracula,107
Zorro (TV 1990),107
상속자들 | The Heirs,106
Kamen Rider Den-O,106
Hart of Dixie,105
Messiah Project - All Media Types,105
Grease - All Media Types,104
The Man in the High Castle (TV),104
Andi Mack (TV),103
Damages,103
Pride and Prejudice (1995),103
烈車戦隊トッキュウジャー | Ressha Sentai ToQger,103
Alphas (TV),102
Third Watch,102
CHAOS (TV 2011),101
老九门 | Old Nine Gates (TV),101
The Worst Witch (TV 2017),101
Beetlejuice - All Media Types,100
Grantchester (TV),100
The Lone Gunmen (TV),100
Modern Family (TV),100
Zoo (TV),100
Blackadder,99
Diagnosis Murder,99
IT Crowd,99
The Rat Patrol,99
Sān guó yǎn yì | Romance of the Three Kingdoms - All Media Types,99
The Wire,99
Cold Case,98
Pan Am,98
Press Gang,98
The 4400,97
Casualty (TV),97
The Royals (TV 2015),97
All My Children,95
Ghost Whisperer,94
Brimstone,93
Beauty and the Beast (TV 1987),92
Degrassi: Next Class,92
Inspector Morse (TV),92
Kamen Rider Kuuga,92
Lethal Weapon (TV),92
Miami Vice (TV),92
GARO (TV),91
The L Word,91
No.MERCY (TV),91
Scott & Bailey,91
Hanazakari no Kimitachi e | Hana-Kimi & Related Fandoms,89
Houston Knights,89
Lancer (TV),89
Power Rangers Operation Overdrive,89
X Company (TV),89
Beauty and the Beast (TV 2012),88
The Tomorrow People (1992),88
Conviction (TV) - Ambiguous Fandom,87
The Night Shift (TV 2014),87
Witchblade - All Media Types,87
The Americans (TV 2013),86
Hana Yori Dango & Related Fandoms,86
Tremors - All Media Types,86
10th Kingdom,85
Black Mirror,85
Joan of Arcadia,85
Marco Polo (TV),85
My Babysitter's A Vampire,85
Kamen Rider Decade,84
Quantico (TV),84
Californication (TV),83
Superstore (TV),83
Bad Girls (TV),82
Batman (1966),82
Caprica (TV),82
Father Brown (2013),82
V (2009),82
Kamen Rider Kiva,81
Thomas the Tank Engine - All Media Types,81
And Then There Were None (TV 2015),80
The Bletchley Circle,80
Do No Harm (TV),80
Primeval: New World,80
Empire (TV 2015),79
Midsomer Murders - All Media Types,78
Miranda (TV),78
Queen Sugar (TV),78
Austin & Ally,77
Conviction (TV 2016),77
The Dukes of Hazzard (TV),77
Earth 2 (TV 1994),77
Galileo (TV Japan),76
Miracles (TV),76
Mutant X,76
Space: Above and Beyond,76
War and Peace (TV 2016),76
Emerald City (TV 2016),75
Looking (TV),75
Brideshead Revisited - All Media Types,74
The Facts of Life,74
The Fast Show,74
Midnight Texas (TV),74
New Avengers (TV),74
Sabrina the Teenage Witch (TV),74
Simon and Simon (TV),74
Madam Secretary,73
Nobuta wo Produce,73
Passions (TV),73
Sungkyunkwan Scandal,73
Continuum (TV),72
I Spy (1965),72
Killer Instinct (TV),72
A Series of Unfortunate Events (TV),72
Spartacus: Gods of the Arena,72
Witchblade (TV),72
Kamen Rider Kabuto,71
Tremors: The Series,71
Mighty Med,70
Popular (TV),70
Scream Queens (TV 2015),70
CI5: The New Professionals,69
Earth: Final Conflict,69
Sam & Cat (TV),69
The Aquabats! Super Show!,68
Catfish: The TV Show,68
Clue | Cluedo - All Media Types,68
The White Princess (TV),68
X Factor (US) RPF,68
Addams Family (TV 1964),67
FlashForward,67
The Path (TV),67
The Unit (US TV),67
Adam Adamant Lives!,66
Agatha Christie's Poirot (TV),66
Houdini & Doyle (TV),66
Kommissar Rex | Inspector Rex | Il commissario Rex,66
Profiler,66
Reaper (TV),66
Crusade,65
Hustle,65
Jekyll (TV),65
Kyle XY,65
Yes Prime Minister,65
The Big C (TV),64
Dr. Quinn Medicine Woman,64
Early Edition,64
H2O: Just Add Water,64
Neues aus Büttenwarder,64
Sharpe (TV),64
The Middle (TV),63
Frank Herbert's Children of Dune (2003),62
New Blood (TV),62
Northern Exposure,62
Soldier of Fortune Inc.,62
Tour of Duty (1987),62
Crossing Lines,61
Dallas - All TV Series,61
The Halcyon (TV),61
Harper's Island,61
UnREAL (TV),61
Will & Grace,61
Golden Girls,60
Greek (TV),60
Legion (TV),60
Nowhere Boys (TV),60
The Persuaders,60
Star-Crossed (TV 2014),60
Switched at Birth (TV),60
Taboo (TV 2017),60
Veritas: The Quest,60
Wire in the Blood,60
Criminal Minds: Suspect Behavior,59
Crossing Jordan,59
Fastlane,59
Green Wing,59
Monk (TV),59
The Streets of San Francisco,59
V (1983),59
Bewitched,58
Charlie's Angels - All Media Types,58
태양의 후예 | Descendants of the Sun (TV),58
IT (1990),58
Lab Rats: Elite Force (TV),58
The Lone Ranger - All Media Types,58
Relic Hunter,58
Wonderfalls,58
The Worst Witch (TV 1998),58
Garrison's Gorillas,57
Limitless (TV),57
The Lion Guard (TV),57
Masters of Sex,57
Thomas the Tank Engine & Friends,57
Bionic Woman (2007),56
Freaks and Geeks,56
The Shield (TV),56
The OA (TV),56
Twilight Zone,56
The Cape (2011),55
The Good Fight (TV),55
Happy Days,55
Kamen Rider 555,55
Kingdom (TV 2014),55
Mob City,55
Partička (Czech Republic TV),55
Kamen Rider Ryuki,54
Murder She Wrote,54
GoGo Sentai Boukenger,54
Animal Kingdom (TV),53
Backstage (TV 2016),53
Black Donnellys,53
Murder in Suburbia (TV),53
My So-Called Life,53
Queen of Swords,53
The Tomorrow People (1973),53
The Adventures of Brisco County Jr.,52
Hex (TV),52
SCTV (Canada TV),52
Шерлок Холмс | Sherlock Holmes (TV 2013),52
Sweet/Vicious (TV),52
The Thundermans,52
High and Low: the Story of S.W.O.R.D. (TV),51
Jake 2.0,51
The Smoke (TV),51
South of Nowhere,51
The Tribe (TV),51
Wolfblood (TV),51
BoJack Horseman,50
Bull (TV 2016),50
Mach GoGoGo | Speed Racer,50
Perry Mason - All Media Types,50
The Secret Adventures of Jules Verne,50
Silent Witness (TV),50
Tru Calling,50
X Factor (Italy) RPF,50
The Flying Doctors,49
Make It or Break It,49
Touched by an Angel,49
北平无战事 | All Quiet in Peking,48
Animorphs (TV),48
Blackpool,48
他来了请闭眼 | Love Me If You Dare (TV),48
Max Headroom (TV),48
Rookies - Morita Masanori & Related Fandoms,48
Under the Dome - All Media Types,48
Suite Life,47
CHiPs (TV),46
Dallas (TV 2012),46
Parade's End - All Media Types,46
Le Petit Journal (TV),46
Saturday Night Live Sketches,46
The Tick - All Media Types,46
Bitten (TV),45
Bunheads,45
Casanova (UK),45
Hana Yori Dango | Boys Over Flowers (TV),45
Mindhunter (TV 2017),45
Runaways (TV 2017),45
Space Cases (TV),45
Tokusou Sentai Dekaranger,45
True Love (TV),45
Wuthering Heights - All Media Types,45
Adam-12,44
The Adventures of Sinbad (TV),44
JONAS,44
Kamen Rider Amazons (2016),44
Minority Report (TV 2015),44
Spaced,44
Where in the World Is Carmen Sandiego?,44
Zorro (TV 1957),44
Anne with an E (TV),43
Backstrom (TV),43
Better Off Ted,43
BrainDead (TV),43
Chouseishin Gransazer | Super Star God Gransazer,43
Cupid (TV),43
House of Anubis,43
Jekyll and Hyde (TV),43
Laverne & Shirley (TV),43
Malcolm in the Middle,43
Powers (TV),43
Traders (TV 1995),43
The Young and the Restless,43
Alien Nation,42
A Bit of Fry and Laurie,42
The Good Doctor (TV 2017),42
Hell on Wheels (TV),42
Heroes Reborn (TV),42
Liv and Maddie,42
Verbotene Liebe,42
Yamato Nadeshiko Shichi Henge | The Wallflower - All Media Types,42
Flight of the Conchords - All Media Types,41
Hetty Wainthropp Investigates,41
Hidarime Tantei EYE (TV),41
Knightmare - All Media Types,41
Planet of the Apes (TV),41
Big Love,40
Dickensian (TV),40
Eastwick (TV),40
Hamish MacBeth (TV),40
金光布袋戲 | Jīnguāng Bùdàixì (TV),40
Kamen Rider Blade,40
The Politician's Husband,40
Tensou Sentai Goseiger,40
VeggieTales,40
仙劍奇俠傳 | Xiānjiàn Qíxiá Zhuàn | The Legend of Sword and Fairy | Chinese Paladin - All Media Types,40
Babylon (TV),39
Being Erica,39
The Bold and the Beautiful,39
Breakout Kings,39
The Equalizer (TV),39
The Fugitive,39
Hannah Montana (TV),39
너를 기억해 | Hello Monster,39
The Inside (TV),39
कुमकुम भाग्य | Kumkum Bhagya,39
QI (TV) RPF,39
พี่ว้ากตัวร้ายกับนายปีหนึ่ง | SOTUS: The Series (TV) RPF,39
Adventures of Sherlock Holmes and Dr. Watson (TV Russia),38
Coupling (UK),38
The Crimson Field,38
Cupid (TV 1998),38
Dance Academy,38
Kids Incorporated,38
I Medici | Medici: Masters of Florence (TV),38
Necessary Roughness,38
Outsiders (TV 2016),38
Perry Mason (TV),38
룸메이트 | Roommate (TV),38
Sliders,38
Trailer Park Boys,38
Unbreakable Kimmy Schmidt,38
Yonderland (TV),38
Young Hercules,38
Durham County,37
Get Smart - All Media Types,37
Good Game (TV 2017),37
The Listener (TV),37
法医秦明 | Medical Examiner Dr. Qin (TV),37
RH Plus,37
Suburban Shootout,37
Under The Dome (TV),37
Upstairs Downstairs,37
Beetlejuice (TV 1989),36
Eye Candy (TV),36
The Handmaid's Tale (TV),36
Jonathan Creek (TV),36
Letterkenny (TV),36
Mr. Selfridge (TV),36
New Tricks,36
霹靂布袋戲 | Pili Glove Puppetry (TV),36
Rejseholdet | Unit One,36
Rush Hour (TV 2016),36
학교 | School (2013),36
The Shadow of the Tower,36
SS-GB (TV),36
Sue Thomas: F.B.Eye,36
Suite Life of Zack & Cody,36
星动亚洲 | Super Idol,36
The Orville (TV),36
Twitch City,36
Body of Proof,35
Inspector George Gently,35
The Late Show with Stephen Colbert (TV),35
Nip/Tuck,35
The Prisoner (1967),35
Show Me the Money (Korea TV),35
Standoff,35
The State Within,35
手裏剣戦隊ニンニンジャー | Shuriken Sentai Ninninger,35
Threshold (2003),35
Waterloo Road (TV),35
Zoey 101,35
Army Wives,34
As Time Goes By,34
到爱的距离 | The Distance of Love,34
Farsantes,34
Gilligan's Island,34
Girls (TV),34
Goosebumps - All Media Types,34
Gracepoint (TV),34
El Ministerio del Tiempo (TV),34
Nurse Jackie (TV),34
Sinbad (TV),34
Six Feet Under,34
Sonny with a Chance,34
Engine Sentai Go-Onger,34
Teletubbies (TV),34
ウルトラマンオーブ | Ultraman Orb,34
如果蜗牛有爱情 | When A Snail Falls In Love (TV),34
Baby Daddy (TV),33
Dear Ladies,33
Happy Endings (TV),33
Helix (TV),33
The Inbetweeners,33
The Incredible Hulk (TV),33
Kickin' It,33
Mock the Week RPF,33
Monty Python's Flying Circus,33
Night Court,33
RoboCop - All Media Types,33
Sirens (UK),33
Spies of Warsaw (TV),33
7th Heaven,32
Lizzie McGuire (TV),32
Murphy Brown (TV),32
Perception (TV),32
우리 결혼했어요 | We Got Married,32
The Catch (TV),31
Colditz (1972),31
Father Ted,31
Fresh Meat (TV),31
I Dream of Jeannie,31
Inhumans (TV 2017),31
Ringer (TV),31
Silk (TV),31
Day Break,30
Doc (TV),30
Finding Carter (TV),30
Intelligence (US TV 2014),30
Kamen Rider Build,30
Kitchen Confidential,30
Medium (TV),30
Red Band Society,30
Two Guys a Girl and a Pizza Place,30
무사 백동수 | Warrior Baek Dong Soo,30
Weeds,30
妖怪人間ベム | Youkai Ningen Bem | Humanoid Monster Bem,30
소년24 | BOYS24 (TV) RPF,29
Camelot (TV),29
Cuffs (TV),29
Doctor Who (Season 6B),29
Don't Trust the B---- in Apartment 23,29
Frontier (TV 2016),29
Hellcats,29
Henry Danger (TV),29
Janet King (TV),29
Kindred: The Embraced,29
Lonesome Dove (US),29
Mako Mermaids,29
Mission: Impossible (TV),29
Narcos (TV),29
A Passionate Woman (TV),29
Sex and the City (TV),29
Swingtown,29
Takin' Over the Asylum,29
Touching Evil (US),29
タンブリング | Tumbling,29
The Tunnel (TV),29
Upstairs Downstairs (2011),29
Viva La Bam RPF,29
Wanted (TV 2005),29
Arctic Air,28
Bloodline (TV 2015),28
Criminal Minds: Beyond Borders,28
Fortysomething,28
GLOW (TV 2017),28
Happy Valley (TV),28
Hardy Boys/Nancy Drew Mysteries (TV),28
Into the Badlands (TV),28
Keeping Up Appearances,28
Magnum P.I. (TV),28
People of Earth (TV 2016),28
Rankin-Bass Holiday Specials,28
放弃我抓紧我 | Stay With Me (TV),28
Kyouryuu Sentai Zyuranger,28
Tom Sawyer and Huckleberry Finn & Related Fandoms,28
Travelers (TV),28
Cambridge Spies,27
First Monday,27
The Guild (Web Series),27
Majisuka Gakuen,27
Murder Rooms: The Dark Beginnings of Sherlock Holmes,27
Ne rodis krasivoy | Don't Be Born Pretty,27
North and South (UK TV),27
Power Rangers Ninja Steel,27
Profit,27
獣拳戦隊ゲキレンジャー | Juuken Sentai Gekiranger,27
Ultraviolet (TV),27
Youkai Ningen Bem (TV 2011),27
'Allo 'Allo!,26
Banshee (TV),26
Bedlam (TV),26
Bloody Monday - All Media Types,26
Clan Mitchell - Fandom,26
Corner Gas,26
Hanazakari no Kimitachi e - Ikemen Paradise | Hana-Kimi (TV),26
Heartbeat (UK TV),26
Lexx,26
The Pinkertons (TV),26
Republic of Doyle,26
Sons of Liberty (TV),26
The Tick (TV 2017),26
Le visiteur du futur | Visitor from the Future: Neo Versailles,26
Young Americans (TV),26
เดือนเกี้ยวเดือน | 2 Moons The Series (TV),25
Barney Miller (TV),25
Best Friends Whenever (TV),25
Boss - Ambiguous Fandom,25
꽃보다 남자 | Boys Over Flowers,25
Candle Cove,25
Colbert Report FPF,25
Cougar Town,25
Dirty Sexy Money,25
Flander's Company,25
Harlots (TV),25
Jessie (TV),25
The Last Kingdom (TV),25
温州一家人 | Legend of Entrepreneurship (TV),25
The Living and the Dead (TV),25
The Lost World - All Media Types,25
Neighbours (TV),25
Secret Life of the American Teenager (TV),25
動物戦隊ジュウオウジャー | Doubutsu Sentai Zyuohger,25
Tenko (TV),25
Thorne,25
Ultraman Gaia,25
8 Out of 10 Cats RPF,24
Action!,24
Ash vs Evil Dead (TV),24
Awkward. (TV),24
Captain Scarlet and the Mysterons,24
Charlie's Angels (TV 1976),24
Cranford - All Media Types,24
CyberSix,24
Harsh Realm,24
John Adams (TV),24
Nikki & Nora,24
The Office (UK),24
Pointless (TV),24
Rush (TV 2008),24
Sea Patrol,24
Seinfeld,24
Single Father (TV),24
힘쎈여자 도봉순 | Strong Woman Do Bong Soon (TV),24
Mahou Sentai Magiranger,24
Two and a Half Men (TV),24
ウルトラマンレオ | Ultraman Leo,24
Absolutely Fabulous,23
Are You Being Served?,23
Arthur (Cartoon),23
The Brittas Empire,23
Da Vinci's Inquest,23
Dead of Summer (TV),23
Deadliest Catch RPF,23
Degrassi High,23
Doc Martin (TV),23
Friday the 13th: The Series (TV),23
Großstadtrevier,23
Gypsy (US TV),23
Hero Corp,23
Huge,23
Ivanhoe - All Media Types,23
รักวุ่น วัยรุ่นแสบ | Love Sick the Series,23
Mei-chan no Shitsuji,23
NYPD Blue,23
Odyssey 5,23
Party Animals (TV),23
Reba (TV),23
Road to Avonlea,23
Roseanne,23
The Sopranos,23
Strange Empire (TV),23
Hikari Sentai Maskman,23
The Voice (Germany) RPF,23
Walker Texas Ranger,23
Witches of East End (TV),23
Alarm für Cobra 11,22
American Horror Story: Cult,22
Barney & Friends,22
The Brave (TV 2017),22
Callan (TV),22
Copper,22
Fraggle Rock,22
League of Gentlemen (TV),22
Legends (2014),22
Rosemary and Thyme,22
To the Ends of the Earth - All Media Types,22
Adventure Inc.,21
Blood Drive (TV),21
Bread (TV),21
치즈인더트랩 | Cheese in the Trap,21
Comanche Moon (TV),21
Desperate Romantics,21
Dog The Bounty Hunter,21
Dracula (TV 1968),21
Hawaii (TV),21
The Hollow Crown: The Wars of the Roses (2016),21
Home and Away,21
The Lost World (TV),21
더 러버 | The Lover (TV),21
Port Charles,21
Powerless (TV 2017),21
Saved By the Bell (TV),21
Thunderbolt Fantasy 東離劍遊紀 (TV),21
When Calls the Heart (TV),21
American Gothic (TV 1995),20
Beastmaster,20
Beverly Hills 90210 (1990),20
Blade: The Series,20
Cheers (TV),20
Diners Drive-ins and Dives,20
心理罪 | Evil Minds (TV),20
Garrow's Law,20
Good Luck Charlie,20
경성스캔들 | Gyeongseong Scandal | Capital Scandal,20
Harry & Paul (TV),20
Inspector Spacetime,20
Instant Star,20
イタズラなKiss | Itazura na Kiss | Playful Kiss,20
Moonlighting (TV),20
Ouroboros (TV),20
Parenthood (2010),20
Remember WENN,20
Salvation (TV),20
Shetland (TV),20
State of Play (TV),20
Suite Life on Deck,20
Seijuu Sentai Gingaman,20
Touche Pas A Mon Poste ! RPF,20
Traveler,20
Dante's Cove,19
The Devil's Whore,19
E/R (1984),19
Eleventh Hour (US TV),19
Flash Gordon - All Media Types,19
Frank Herbert's Dune (2000),19
Fresh Prince of Bel-Air,19
The Greatest American Hero,19
Knight Rider 2000,19
Muhteşem Yüzyıl | Magnificent Century,19
Mysterious Ways,19
Rawhide (TV),19
Rosewood (TV),19
Salatut elämät,19
Saving Grace (TV),19
Still Game (TV),19
Survivors (TV 2008),19
Wonder Woman (1976),19
Big School (TV),18
BOSS (Japan TV),18
C.I.D. (India TV),18
커피프린스 1호점 | Coffee Prince,18
Columbo,18
Dark Shadows (1991),18
The Division (TV),18
Fairly Legal,18
Have I Got News For You RPF,18
浮出水面 | Head Above Water (TV),18
Hell's Kitchen (US TV) RPF,18
Historical Farm (UK TV),18
Keen Eddie,18
Legend (TV 1995),18
Little House on the Prairie (TV),18
Mei-chan no Shitsuji (TV),18
Nash Bridges (TV),18
New Amsterdam,18
The New Normal,18
One Day at a Time (TV 2017),18
Peacemakers (2003),18
Prey (TV 1998),18
Rules of Engagement (TV),18
The Saint - All Media Types,18
Salem's Lot - All Media Types,18
Seven Brides for Seven Brothers (TV),18
Strangers With Candy,18
This Is Us (TV),18
Vicar of Dibley,18
Will (TV 2017),18
Wolf Lake,18
Wycliffe (TV),18
The Young Pope (TV),18
Anne of Green Gables (TV 1985) & Related Fandoms,17
Bravest Warriors (TV),17
Caïn (TV 2012),17
Demons (TV 2009),17
Farscape: The Peacekeeper Wars (2004),17
Glue (TV),17
极限挑战 | Go Fighting! (TV),17
Journeyman,17
Kamen Rider: Dragon Knight,17
Medical Investigation (TV),17
Mission: Impossible (TV 1966),17
Ned's Declassified School Survival Guide,17
Outcast (TV 2016),17
Peep Show,17
Please Like Me (TV),17
ReGenesis,17
Riese the Series,17
Screenplay (TV 1986),17
Seachange (TV),17
Space: 1999,17
Swamp Thing (TV),17
Wayward Sisters (TV),17
Yamada Tarou Monogatari | The Story of Yamada Taro (TV),17
Alcatraz (TV),16
Caroline in the City,16
Counterstrike (TV),16
Crucible Cast Party - SNL Sketch,16
Drunk History,16
Encantadia,16
GARO: Makai Senki,16
Hardcastle and McCormick,16
Hooten & the Lady (TV),16
Lonesome Dove: The Outlaw Years,16
メタルヒーローシリーズ | Metal Hero Series,16
Mozart in the Jungle (TV),16
The Nine Lives of Chloe King,16
九州·天空城 | Novoland: The Castle in the Sky,16
Party Down,16
La Reina del Sur (TV),16
Renegade (TV),16
Salem (TV),16
Shake It Up! (US TV),16
Shiritsu Bakaleya Koukou,16
Sisters (1991 TV),16
Skins (US),16
Denji Sentai Megaranger,16
Hyakujuu Sentai Gaoranger,16
外科风云 | Surgeons (TV),16
The Sweeney (TV),16
我的前半生 | The First Half of My Life (TV),16
Trinity (TV 2009),16
미남이시네요 | You're Beautiful,16
Young & Hungry,16
청춘시대 | Age of Youth (TV),15
The Andy Griffith Show,15
Black-ish (TV),15
Brady Bunch,15
Chasing Life (TV),15
Chicago Code,15
Dark Blue (TV),15
Death Note (Live Action TV),15
Defying Gravity (TV),15
Designing Women,15
Dynasty (TV),15
Endgame (TV),15
The Finder (TV),15
The Gates,15
The Good Life | Good Neighbors,15
House of Cards Trilogy (UK),15
Invasion (TV),15
Jack of All Trades (TV),15
Jam and Jerusalem,15
Kids in the Hall,15
Lost In Austen,15
Melissa & Joey (TV),15
The New Adventures of Old Christine,15
Nodame Cantabile (Live Action TV),15
Phil of the Future,15
Rectify (TV),15
Signed Sealed Delivered (TV),15
Mirai Sentai Timeranger,15
That's So Raven,15
This is Wonderland,15
Twelve O'Clock High (TV),15
United States of Tara,15
Utopia (TV 2013),15
Workaholics (TV),15
燃烧吧少年! | X-Fire RPF,15
3rd Rock from the Sun,14
All Hail King Julien,14
응답하라 1988 | Answer Me 1988,14
Apparitions (TV),14
Bagpuss,14
Bella and the Bulldogs (TV),14
Black Hole High | Strange Days at Blake Holsey High,14
Blue Mountain State,14
Bunk'd,14
Cow and Chicken (TV),14
The Crown (TV),14
Dallas (TV 1978),14
白夜追凶 | Day and Night (TV),14
Dinotrux (TV),14
Doug Anthony All Stars,14
Dragnet (TV),14
Enlisted (TV),14
Eternal Law,14
Good Behavior (US TV),14
古剑奇谭 | Gujian Qitan (TV),14
Hill Street Blues,14
Indian Summers (TV),14
Kamen Rider Hibiki,14
The Kill Point (TV),14
아는 형님 | Knowing Bros | Ask Us Anything,14
The L.A. Complex,14
레전드히어로 삼국전 | Legend Hero Samgukjeon (TV),14
Mech-X4 (TV),14
Melrose Place (1992),14
刺客列传 | Men with Sword (TV),14
Miami Medical,14
My Life in Film,14
Nazotoki wa Dinner no Ato De,14
No. 1 Ladies' Detective Agency - All Media Types,14
The Paradise,14
Playboy Club,14
Public Eye (TV),14
Randall and Hopkirk (Deceased) (2000),14
The Sandbaggers,14
ShakespeaRe-Told,14
Shark (TV),14
닥치고 꽃미남 밴드 | Shut Up Flower Boy Band,14
Silk Stalkings,14
SK Kölsch,14
Ninpuu Sentai Hurricaneger,14
Taken (TV 2002),14
Three Rivers,14
Tipping the Velvet (TV),14
Tower Prep,14
Ultraman Mebius,14
Wet Hot American Summer: First Day of Camp (TV),14
少年大钦差 | The Young Imperial Envoy (TV),14
90210 (2008),13
응답하라 1997 | Answer Me 1997,13
The Catherine Tate Show,13
The Champions (TV),13
Cucumber | Banana | Tofu (TV),13
大谦世界 | Dà Qiān Shì Jiè (TV),13
Degrassi Junior High,13
Doctor Who: The Curse of Fatal Death,13
Drop Dead Diva,13
Fortitude (TV),13
Frequency (TV 2016),13
Go On (TV),13
GoShogun | Macron 1 (TV),13
Los Hombres de Paco,13
还珠格格 | Huán Zhū Gé Gé | Princess Returning Pearl,13
Молодежка | Junior League (TV),13
Kalyeserye (TV),13
Kolchak: The Night Stalker,13
Las Estrellas (TV),13
The Lodge (UK TV),13
Mad Dogs (TV),13
Maeri-neun Webakjung | Marry Me Mary!,13
Mister Rogers' Neighborhood,13
Mork & Mindy,13
My Boss My Hero (TV),13
Randall and Hopkirk (Deceased) (1969),13
Reno: 911!,13
The Take (TV),13
Tarzan (TV 2003),13
Vampire High,13
Weekend Update (SNL),13
Whiskey Echo,13
WKRP in Cincinnati,13
American Horror Story: Roanoke,12
앵그리맘 | Angry Mom,12
Bad Boys J,12
나쁜 녀석들 | Bad Guys (TV 2014),12
Ballykissangel,12
Bizaardvark (TV),12
Chicago Justice (TV),12
China Beach,12
The Coroner (TV),12
The Crow: Stairway To Heaven,12
Dracula: The Series,12
Emily Owens M.D.,12
신의 | Faith | The Great Doctor,12
The Firm (TV),12
The Flash (TV 1990),12
The Goodies (TV),12
Half Moon Investigations,12
The House of Eliott,12
Judging Amy,12
Kagi no Kakatta Heya | The Locked Room Murders,12
Kamen Rider Agito,12
Knight Rider (2008),12
Lip Service,12
Little Britain,12
Mary Tyler Moore Show,12
The Master (TV),12
McLeod's Daughters,12
Murder In Mind,12
별에서 온 그대 | My Love From the Star,12
Neverland (TV),12
The Phantom of the Opera (TV 1990),12
Polizeiruf 110,12
Prime Suspect (UK),12
Probe (TV),12
Raven (TV 1992),12
Ray Donovan (TV),12
The Rich Man's Daughter (TV),12
Seven Days (TV),12
Trial & Retribution,12
ウルトラマンゼロ THE CHRONICLE | Ultraman Zero: The Chronicle,12
Unsere Mütter unsere Väter | Generation War,12
Vicious (TV),12
Wallander (Sweden TV),12
Wayward Pines (TV),12
후아유 - 학교 2015 | Who Are You - School 2015,12
Alias Grace (TV),11
Awake (TV),11
Babylon 5: Legend of the Rangers,11
Believe (TV 2014),11
Big Fat Quiz of the Year RPF,11
Brian Pern (TV),11
Bulman,11
Cagney and Lacey,11
鬼吹灯之精绝古城 | Candle in the Tomb (TV),11
Channel Zero (TV),11
The Chief (UK),11
Cory in the House,11
Deutschland 83,11
Dirty Dozen (TV),11
Enemy at the Door (TV),11
F Troop,11
Flesh and Bone (TV),11
The Goldbergs (TV),11
The Golden Hour (TV),11
Heartland (TV),11
臨床犯罪学者 火村英生の推理 | Himura Hideo no Suiri | Criminologist Himura and Mystery Writer Arisugawa (TV),11
I Claudius,11
I Love Lucy,11
Kid vs. Kat (TV),11
Laramie (TV),11
Las Vegas (TV 2003),11
Last Week Tonight With John Oliver (TV),11
The League (TV),11
The Long Firm,11
Lost in Space (TV),11
미생 | Misaeng | Incomplete Life (TV),11
Les Misérables (TV 1972),11
Power (TV),11
秦时明月 | Qín Shí Míngyuè | The Legend of Qin - All Media Types,11
Rescue Me (US TV),11
The Royal (TV 2003),11
Seis Hermanas (TV),11
Bakuryuu Sentai Abaranger,11
Le tour du monde en quatre-vingts jours | Around the World in Eighty Days - All Media Types,11
Transporter: The Series,11
Undercovers,11
Vinyl (TV),11
The Voice (UK) RPF,11
Wizards vs Aliens,11
Wolf Hall (TV),11
Y Gwyll | Hinterland,11
You're The Worst (TV),11
Yuukan Club (TV),11
The Adventures of Pete & Pete,10
军师联盟 | The Advisors Alliance (TV),10
Ally McBeal (TV),10
Benson (TV),10
Bramwell (TV),10
The Carrie Diaries,10
Combat! (TV),10
Conviction (TV 2006),10
Deadline Gallipoli (TV),10
Dear White People (TV),10
Dog with a Blog,10
이웃집 꽃미남 | Flower Boy Next Door,10
Forbrydelsen | The Killing,10
The Glades (TV),10
Hand Aufs Herz | Hand Over Heart,10
In the Heat of the Night,10
In Treatment,10
착한 남자 | The Innocent Man,10
The Invisible Man (TV 1975),10
仮面ティーチャー | Kamen Teacher - All Media Types,10
The Knick (TV),10
Life Unexpected,10
醉玲珑 | Lost Love in Times (TV),10
Matt Houston (TV),10
Merlí (TV),10
The Messengers (TV 2015),10
My Boys (TV),10
My Life as a Dog (TV),10
Nanalan' (TV),10
The Next Step,10
Now and Again,10
Once and Again,10
The Outsiders (TV 1990),10
Les Petits Meurtres d'Agatha Christie (TV),10
A Place to Call Home (TV),10
Ravenswood (TV),10
Sasuke (TV),10
School of Rock (TV),10
Sherlock Holmes (US TV 1954),10
進撃の巨人 反撃の狼煙 | Shingeki no Kyojin: Hangeki no Noroshi | Attack on Titan: Counterattack's Beacon (TV),10
Some Girls (TV),10
水球ヤンキース | Suikyuu Yankees,10
Survivor (TV 2000),10
Three's Company,10
河神 | Tientsin Mystic (TV),10
ウルトラセブン | Ultra Seven,10
ウルトラマンＸ | Ultraman X,10
Van Helsing (TV 2016),10
VR.5,10
The Adventures of Superman,9
After School Club (TV),9
America's Got Talent RPF,9
The Bachelorette (TV),9
Beowulf: Return To The Shieldlands (TV),9
Black Sheep Squadron,9
Blue's Clues,9
Borgen (TV),9
Bron | Broen | The Bridge,9
Buck Rogers in the 25th Century,9
Chasing Rainbows (TV),9
Chuno | The Slave Hunters,9
Containment (TV),9
Cutie Honey - All Media Types,9
Danger 5,9
Dirk Gently (TV 2010),9
Eli Stone (TV),9
The Escape Artist,9
Fame (TV),9
Family Ties (TV),9
Flight 29 Down,9
Frankie (TV 2013),9
Fuuma no Kojirou,9
김과장 | Good Manager (TV),9
Grease: Live,9
Hatfields & McCoys (TV 2012),9
Here Come the Brides,9
The High Chaparral,9
Jane Eyre (2006),9
John Doe (TV),9
The Joy of Painting (TV),9
K.C. Undercover (TV),9
The Last Man on Earth (TV),9
Last Resort (TV),9
The Leftovers,9
Lucky Seven (TV 2012),9
Maou,9
Maverick - All Media Types,9
Mickey Mouse and Friends (TV),9
Mortal Kombat Conquest,9
Motive (TV),9
The Munsters,9
Noah's Arc (TV),9
Not Going Out (TV),9
Our Girl,9
Pillars of the Earth,9
Raising Hope (TV),9
The Ranch (TV),9
Resurrection (US TV),9
Roadies (TV),9
Route 66,9
Santa Clarita Diet (TV),9
Second Chance (TV 2016),9
The Secret World of Alex Mack,9
Shameless (UK),9
She-Wolf of London (TV),9
So Weird (TV),9
麻雀 | Sparrow (TV),9
The Sparticle Mystery,9
The Storyteller (TV),9
Choujin Sentai Jetman,9
Time After Time (TV 2017),9
Tyrant (TV),9
UC: Undercover,9
ウルトラマンジード | Ultraman Geed,9
Underground (TV),9
Unforgettable (TV),9
Valentine (2008),9
Wishbone (TV),9
The Affair (TV),8
The Amazing Race RPF,8
American Gothic (TV 2016),8
Another World (TV),8
Big Little Lies (TV),8
The Brokenwood Mysteries,8
Bù Bù Jīng Xīn | Scarlet Heart,8
Burning Zone,8
Cape Wrath | Meadowlands,8
The Chronicle (2001),8
City Hunter (TV),8
Doogie Howser MD,8
Earth Angels,8
Everybody Loves Raymond,8
来势凶猛 | Ferocious,8
GARO: Makai no Hana,8
유령 | Ghost,8
Giant Robo,8
The Girl from U.N.C.L.E.,8
Good Guys (TV 2010),8
Good Witch (TV),8
Grange Hill,8
Green Hornet (TV),8
구가의 서 | Gu Family Book,8
The Guardian (US TV),8
Harukanaru Toki no Naka de | Within the Expanse of a Distant Time,8
Higher Ground,8
Hot in Cleveland,8
House of Lies,8
I Didn't Do It (TV 2014),8
It Ain't Half Hot Mum,8
Jeon Woo Chi (TV),8
K9 and Company,8
The Lair (TV),8
Law & Order: Los Angeles,8
Law & Order: Trial by Jury,8
Leave It to Beaver,8
Line of Duty,8
Little Mosque on the Prairie,8
The Lost Room (TV),8
구르미 그린 달빛 | Love in the Moonlight (TV),8
Martial Law (TV),8
Mission: Impossible (TV 1988),8
Mulberry (TV),8
Murder Call (TV),8
Ninja Turtles: The Next Mutation,8
Only Fools and Horses,8
Point Pleasant,8
Prisoner (TV),8
Raven's Home,8
Rescue: Special Ops,8
The Riches,8
Rubicon,8
Семнадцать мгновений весны | Seventeen Moments of Spring,8
Shattered (Canada TV),8
She Spies,8
Special Unit 2,8
Star Wars Holiday Special (TV),8
Star Wars Legends: Ewoks,8
StartUp (TV),8
Stuck in the Middle (TV),8
Tales of the Gold Monkey,8
Tatta Hitotsu no Koi,8
The Tick (TV 1994),8
The Tick (TV 2001),8
Total Recall 2070,8
Trophy Wife (TV),8
TUGS (TV),8
ウルトラギャラクシー大怪獣バトル | Ultra Galaxy Mega Monster Battle,8
Unfabulous (TV),8
Unnatural History,8
Vampire Geomsa | Vampire Prosecutor,8
Vera (TV),8
Weirdsister College,8
Who's the Boss?,8
Whodunnit? (TV),8
Wizards and Warriors (TV),8
Younger (TV),8
Zone Stad,8
Ace Lightning,7
Against the Wall,7
All in the Family (TV),7
APB (TV 2016),7
Aquarius (US TV),7
箭在弦上 | Arrows on the Bowstring (TV),7
Baywatch (TV),7
Berlin Station (TV),7
The Best Years (TV),7
Billy the Exterminator (TV),7
Borgia: Faith and Fear,7
Broad City (TV),7
Code Blue: Doctor Heli Kinkyuu Kyuumei,7
Commander in Chief (TV),7
Crashing (UK TV),7
Diego Calls His Mom - SNL Sketch,7
The District,7
Dominic (TV),7
龙器 | Dragon Container (TV),7
Drive (TV 2007),7
Drop the Dead Donkey,7
기황후 | Empress Ki (TV),7
Fantasy Island,7
Fingersmith (TV),7
First Wave,7
Flash Gordon (2007),7
フラジャイル | Fragile (TV),7
Gaksital | Bridal Mask,7
Garth Marenghi's Darkplace,7
गोत...हुई सबस पराई | Geet...hui Sabse Parayi,7
The Ghost and Mrs. Muir (TV),7
A Gifted Man,7
雷霆掃毒 | Highs and Lows,7
Home Improvement (TV),7
The Hunger (TV 1997),7
I'm Dying Up Here (TV),7
I'm in the Band,7
Jordskott (TV),7
Kavanagh QC,7
Keizoku 2: SPEC | SPEC ~ First Blood,7
金田一少年の事件簿 | Kindaichi Shounen no Jikenbo | Kindaichi Case Files - All Media Types,7
Kingdom (TV 2007),7
Kurosagi - All Media Types,7
The Last Enemy (TV),7
The Last Tycoon (TV),7
Look and Read,7
M.I. High,7
Man from Atlantis,7
Manchild,7
Mannix,7
Mighty Morphin Alien Rangers,7
Millennium (TV),7
My Own Worst Enemy,7
My Secret Identity,7
My Two Dads,7
NewsRadio,7
Nicky Ricky Dicky & Dawn (TV),7
No Ordinary Family,7
Noel Fielding's Luxury Comedy,7
The Odd Couple (TV 1970),7
Orthros no Inu,7
Outer Limits,7
장난스런 키스 | Playful Kiss,7
The Prisoner (2009),7
פצועים בראש | Ptzuim BaRosh | Scarred,7
River (TV 2015),7
The Rockford Files,7
Rose Red (TV),7
Salem's Lot (TV 1979),7
Sān guó | Three Kingdoms (TV 2010),7
발칙하게 고고 | Sassy Go Go (TV),7
Shades of L.A.,7
Shadow Chasers,7
Sirens (TV 2014),7
Spirited,7
Choujuu Sentai Liveman,7
太王四神記 | Tae Wang Sa Shin Gi | The Legend (TV),7
Taskmaster (TV),7
Terriers,7
Time Tunnel,7
ウルトラマン | Ultraman (TV 1966),7
ウルトラマンティガ | Ultraman Tiga,7
等你爱我 | Waiting for You (TV),7
화이트 크리스마스 | White Christmas (2011),7
暗金丑岛君 | Yamikin Ushijima-kun | Ushijima the Loan Shark (TV),7
Young Blades (TV),7
Zettai Kareshi | Absolute Boyfriend,7
诛仙青云志 | Zhū Xiān Qīngyún Zhì (TV),7
10 Things I Hate About You (TV),6
世界青年说 | A Bright World (TV),6
A.N.T. Farm,6
응답하라 1994 | Answer Me 1994,6
Barbarians Rising (TV),6
Ben and Kate (TV),6
Bergerac (TV),6
Blind Justice (TV),6
The Book Group (TV),6
Boomtown (TV 2002),6
The Booth at the End,6
Bourbon Street Beat,6
Breaking In (TV),6
Britannia High,6
愛上哥們 | Bromance (TV),6
Chopped (US),6
The Class,6
Claws (TV),6
The Client List (TV),6
Covington Cross,6
Crusoe (TV),6
CSI: Cyber,6
Dad's Army,6
Duudsonit | The Dudesons RPF,6
Family Feud (TV),6
Felicity (TV),6
The Field of Blood,6
The Flying Nun (TV),6
Forsyte Saga - All Media Types,6
Frosty the Snowman - All Media Types,6
The Fugitive (TV),6
Game of Silence (US TV),6
Ghostwriter (TV),6
Gormenghast (TV),6
Gute Zeiten Schlechte Zeiten | Good Times Bad Times,6
Halfworlds (TV),6
The Haunted Hathaways,6
힐러 | Healer,6
Hikounin Sentai Akibaranger,6
Hostages (TV),6
Huā Yàng Shǎo Nián Shǎo Nǚ,6
Imagination Movers (TV),6
The Immortal (TV 2000),6
İçerde (TV),6
Jericho (1966),6
The Jetsons (TV),6
Judge John Deed,6
Justice (TV),6
家政夫のミタゾノ | Kaseifu no Mitazono (TV),6
Kisarazu Cat's Eye,6
Late Late Show with Craig Ferguson,6
Look Around You,6
Lost & Found Music Studios (TV),6
Magic City,6
Mapp & Lucia - All Media Types,6
Married With Children,6
주군의 태양 | The Master's Sun,6
Mathnet,6
Missing (TV 2012),6
Murphy's Law (UK TV),6
My Name is Earl,6
The Neighbors (TV 2012),6
No Tomorrow (TV 2016),6
信長のシェフ | Nobunaga no Chef | A Chef of Nobunaga (TV),6
The Odd Couple (TV 2015),6
踊る大捜査線 | Odoru Daisousasen | Bayside Shakedown - All Media Types,6
PBS Mystery! Opening Credits - Edward Gorey,6
Perfect Strangers,6
Pingu,6
Poldark (TV 1975),6
Prime Suspect (US),6
(加油!) 网球王子 | (Go for it!) Prince of Tennis (Live Action TV),6
楚乔传 | Princess Agents (TV),6
Privates (TV),6
Quacks (TV),6
Rab C Nesbitt (TV),6
Rescue 77,6
The Scarlet Pimpernel (TV 1999),6
Second Sight (TV),6
Secret Garden (TV),6
The Secret Life of Us (TV),6
선암여고 탐정단 | Seonam Girls High School Detectives,6
Shades of Blue (TV),6
心霊探偵八雲 | Shinrei Tantei Yakumo | Psychic Detective Yakumo - All Media Types,6
Shortland Street,6
The Six Million Dollar Man,6
SOKO Stuttgart | Stuttgart Homicide,6
Stargate Infinity,6
Stingray (US TV),6
Strawberry Shortcake - All Media Types,6
Superboy | The Adventures of Superboy (TV),6
수상한 파트너 | Suspicious Partner (TV),6
Swamp People RPF,6
Teachers (UK TV),6
Time Trax,6
Todd and the Book of Pure Evil,6
Tokyo Ghost Trip,6
Il tredicesimo apostolo,6
The Troop,6
ウルトラマン80 | Ultraman 80,6
Voyagers! (TV),6
Waiting For God,6
역도요정 김복주 | Weightlifting Fairy Kim Bok Joo,6
Wilfred (US),6
The Wizard (TV),6
You Me and the Apocalypse,6
You Me Her (TV),6
Young Black Jack - All Media Types,6
Zen (TV),6
10 O'Clock Live RPF,5
Ace of Wands,5
The Agency (TV 2001),5
Ancient Aliens,5
Are You Afraid of the Dark?,5
Bajo sospecha | Under Suspicion (TV),5
Beautiful People (UK),5
Bellamy's People (TV),5
Bill Nye the Science Guy,5
Billions (TV),5
Blood (Korea TV),5
Bodo (TV),5
The Border (TV),5
Brideshead Revisited (TV),5
Cake Boss (TV),5
Captain Power and the Soldiers of the Future,5
Caraibi | Pirates: Blood Brothers,5
Celebrity Deathmatch,5
Chicago Hope,5
Clangers,5
Clarissa - Samuel Richardson | Clarissa (1991),5
Clone (TV),5
The Collector (Canada TV),5
Czterej pancerni i pies | Four Tank Men and a Dog,5
大秦帝國 | Da Qin Di Guo | The Qin Empire (TV),5
Danger Man,5
Dates (TV),5
Department S & Jason King,5
Dharma & Greg,5
Di-Gata Defenders,5
賭場風雲 | Dicey Business,5
Dinnerladies,5
Doctors (TV),5
Dream On (TV 1990),5
Ed (US TV),5
Episodes (TV),5
The Fades,5
Family Matters (US TV),5
Fawlty Towers,5
First Tuesday Book Club,5
The Fixer (TV),5
From the Earth to the Moon (TV),5
GARO: Yami o Terasu Mono,5
Glitch (TV 2015),5
Godless (TV 2017),5
Goong | Princess Hours (TV),5
Gran Hotel (TV),5
Hank Zipzer - All Media Types,5
Hi-De-Hi!,5
The Honourable Woman,5
Hotel Babylon,5
In a Heartbeat (TV 2000),5
El Internado | The Boarding School (TV),5
IRIS (TV),5
The Jewel in the Crown (TV),5
Jumong,5
K.O.3an Guo,5
蜀山战纪之剑侠传奇 | The Legend of Zu,5
Leonardo (TV),5
인생은 아름다워 | Life is Beautiful (TV 2010),5
潛行狙擊 | Lives of Omission,5
Man in an Orange Shirt (TV),5
Manhunt (TV 1969),5
McHale's Navy (TV),5
MDA (TV),5
Men At Work (TV),5
Mendol,5
Mike & Molly,5
武林外史 | Mission of the Warriors (TV),5
Mom (TV),5
Monarch of the Glen,5
Mr. Brain,5
我的团长我的团 | My Chief and My Regiment (TV),5
Mystic Knights of Tir Na Nog (TV),5
Never Mind the Buzzcocks RPF,5
No Offence (TV),5
North and South (US TV 1985),5
Nowhere Man,5
One West Waikiki,5
Other Space (TV),5
Persons Unknown,5
Playing House (TV),5
Psi Factor: Chronicles of the Paranormal,5
Pure Genius (TV),5
The Quest (TV 2014),5
Quiz Show (Japan TV),5
The Racing Game (TV),5
Raines (TV),5
Raumpatrouille,5
Rebelde Way,5
Redwater (TV 2017),5
RESCUE Tokubetsukoudo Kyuujotai,5
RoboCop: The Series,5
The Runner (TV),5
The Saint (TV),5
학교 2017 | School 2017 (TV),5
スクラップ・ティーチャー教師再生 | Scrap Teacher: Kyoushi Saisei,5
Secrets and Lies (US TV),5
Sherlock Holmes and Doctor Watson (TV 1980),5
Sherman's March,5
The Slap (TV),5
士兵突击 | Soldiers Sortie (TV),5
Sons of Thunder,5
Spy (2011),5
ST 赤と白の搜查ファイル | ST Aka to Shiro no Sousa File,5
St. Elsewhere,5
Street Justice (TV),5
Studio C (TV),5
Sunset Beach (TV),5
Ninja Sentai Kakuranger,5
Supernatural: Bloodlines,5
सूर्यपुत्र कर्ण | Suryaputra Karn (TV),5
T. J. Hooker (TV),5
Taxi Brooklyn,5
Метод | The Method (TV),5
The Mist (TV),5
thirtysomething,5
三生三世十里桃花 | Three Lives Three Worlds; Ten Miles of Peach Blossoms | Eternal Love (TV 2017),5
Touch (US TV),5
True Jackson: VP,5
Tut (TV),5
Two of a Kind,5
ウルトラマンギンガ | Ultraman Ginga,5
Upstairs Downstairs (1971),5
Uta no Onii-san,5
Vexed (TV),5
Wanted: Dead or Alive,5
The Whole Truth,5
Wild West (TV),5
A Young Doctor's Notebook,5
Young Indiana Jones Chronicles,5
Zach Stone Is Gonna Be Famous,5
6Degrees (TV),4
Adderly,4
Águila Roja,4
The Aliens (TV 2016),4
American Crime (TV),4
아랑사또전 | Arang and the Magistrate,4
As If (UK),4
Atashinchi no Danshi,4
Banished (TV),4
The Bastard Executioner,4
Beau Brummell: This Charming Man,4
Bednaya Nastya | Poor Nastya,4
Big Bad Beetleborgs (TV),4
The Bionic Woman (1976),4
Birdsong - All Media Types,4
Bosch (TV),4
Bottom (UK),4
Boy Band (TV),4
Bronski und Bernstein,4
Bucket & Skinner's Epic Adventures,4
Bugs (TV),4
By Any Means (TV),4
Career (TV),4
Case Histories,4
Екатерина | Catherine (TV 2014),4
Changi,4
Chee and Leaphorn Series (TV),4
Cleopatra 2525,4
Club de Cuervos (TV),4
Cold Squad,4
Colditz (2005),4
Combat Hospital,4
Crime Story,4
Crisis (TV 2014),4
Dans Une Galaxie Près De Chez Vous,4
Dark Skies,4
Dark Towers,4
Dil Dosti Dance (TV),4
Dino-Riders,4
Dinosaur Planet,4
Dr. Phil (TV),4
Elizabeth I (TV 2005),4
군주-가면의 주인 | The Emperor: Owner of the Mask (TV),4
Eve (UK TV),4
Every Witch Way,4
우리 옆집에 EXO 가 산다 | EXO Next Door,4
Fantastikids,4
Feud (TV 2017),4
Flowers (TV),4
Fresh Off The Boat (TV),4
Full House (South Korea),4
The Game (UK TV),4
GCB,4
ハゲタカ | Hagetaka: Road to Rebirth (TV),4
Haters Back Off (TV),4
The Haves and the Have Nots (TV),4
High Mountain Rangers,4
Highway to Heaven,4
Hope Springs,4
Hyakki Yakoushou,4
Hyperdrive,4
너의 목소리가 들려 | I Hear Your Voice (TV),4
幻城 | Ice Fantasy (TV),4
Ideal (TV),4
아이돌학교 | Idol School (TV),4
Inside No. 9 (TV),4
Into the West,4
Invincible (TV 2001),4
Iss Pyaar Ko Kya Naam Doon? | What Shall I Name This Love?,4
It Takes a Thief (TV 1968),4
Kamen Rider Black,4
Keitai Sousakan 7 | K-tai Investigator 7,4
킬미 힐미 | Kill Me Heal Me (TV),4
Kingdom Hospital,4
Kollektivet (TV),4
Lark Rise to Candleford,4
The Late Late Show With James Corden,4
Legion of Extraordinary Dancers,4
Life Goes On (TV),4
Logan's Run (TV),4
The Lone Ranger (TV 1949),4
宝莲灯 | Lotus Lantern (TV),4
Love Shuffle,4
The Lying Game (TV),4
Maid Marian and her Merry Men,4
รักออกเดิน | Make It Right: The Series (TV),4
Manimal (TV),4
Marienhof (TV),4
Masters of Science Fiction (TV),4
Maverick (TV),4
Max & Shred (TV),4
Melrose Place (2009),4
Men of the World (TV),4
Midnight Caller,4
Les Misérables (TV 2000),4
무림학교 | Moorim School (TV),4
Mr. Bean - All Media Types,4
Mystery Woman,4
Nathan For You (TV),4
逆水寒 | Ni Shui Han | Treacherous Waters (TV),4
Oliver Twist (1999),4
Our Friends in the North (TV),4
The Powers of Matthew Star,4
프로듀사 | The Producers (TV),4
The Proud Family,4
The Quest (TV 1976),4
The Red Road (TV 2014),4
Rev. (TV),4
Les Revenants | The Returned (TV 2012),4
The Russell Brand Show,4
Ryuusei no Kizuna (TV),4
サムライせんせい | Samurai Sensei (TV),4
Scrotal Recall (TV),4
SEAL Team (TV),4
Secret Smile (TV),4
Shark Week (TV),4
Siberia (TV),4
Slasher (TV),4
SOKO 5113 | SOKO München,4
Sparkhouse,4
퐁당퐁당 LOVE | Splash Splash Love,4
Spooks: Code 9,4
Spooksville - All Media Types,4
Stingers (1998),4
Stingray (UK TV),4
Strange Luck,4
快乐男声2013 | Super Boy 2013,4
Chouriki Sentai Ohranger,4
Team Knight Rider,4
This is England - All Media Types,4
This Life,4
Threesome (UK TV),4
Tierra de lobos,4
아름다운 그대에게 | To the Beautiful You,4
A Touch of Cloth,4
Trial & Retribution (TV),4
Trick (TV),4
The Trip (TV 2010),4
无懈可击之高手如林 | Unbeatable (TV),4
Unter Uns,4
The Virgin Queen (TV),4
The War at Home,4
Warriors (TV),4
Whatever This Is.,4
Wildfire,4
Wish Me Luck (TV),4
Wrecked (TV 2016),4
ヤスコとケンジ | Yasuko and Kenji,4
You Rang M'Lord?,4
１リットルの涙 | 1 Litre no Namida | A Diary with Tears (TV),3
3 Percent (TV),3
35歳の高校生 | 35-sai no Koukousei,3
3rd Hospital,3
8 Simple Rules,3
@Midnight (TV),3
Aaron Stone (TV),3
About a Boy (TV 2014),3
Ackley Bridge (TV),3
Afterlife (TV),3
Agent X (TV 2015),3
ALF (TV),3
Alpha House,3
Always and Everyone,3
American Gods (TV) RPF,3
American Ninja Warrior (TV),3
Anego (TV 2005),3
Are You the One? (TV),3
Asia's Next Top Model RPF,3
Atlanta (TV 2016),3
The Backyardigans,3
The Barchester Chronicles,3
Between the Sheets (TV),3
The Beverly Hillbillies,3
Birdsong (BBC 2012),3
Blandings (TV),3
Blossom (TV),3
Blue Murder (UK TV),3
Blue Water High,3
Bluestone 42 (TV),3
Bonekickers,3
Bonnie and Clyde (TV 2013),3
Bordertown (TV),3
Boseureul Jikyeora | Protect the Boss,3
The Brink (TV),3
BrzydUla,3
Casanova (TV 2015),3
Casi Ángeles,3
The Chase (TV),3
Chasing Cameron (TV),3
Clerks (2000),3
Close to Home (US TV),3
The Comic Strip Presents...,3
Cover Up (TV),3
The Crazy Ones (TV),3
The Crimson Petal and the White (TV),3
Dancing on the Edge (TV 2013),3
Danger UXB,3
DCI Banks (TV),3
The Dead Files (TV) RPF,3
Death Valley (TV),3
Diplomatic Immunity (NZ TV),3
Dis/Connected,3
Don't Eat the Neighbours | Big Teeth Bad Breath,3
Dr. Jin,3
드림하이 | Dream High,3
The Drew Carey Show,3
East West 101,3
The Electric Company (TV 2009),3
Ellen (TV),3
Emerald Cove (1993),3
The Family (TV 2016),3
The Forgotten (TV),3
The Fortunes and Misfortunes of Moll Flanders (TV),3
Free Agents (UK TV),3
Friends with Benefits (TV),3
Full Out (TV),3
Galactica 1980,3
The Gallant Men (TV),3
Gavin & Stacey,3
Geordie Shore (TV),3
Golden Boy (TV),3
Good Morning America RPF,3
Good Morning Call (TV),3
The Grand (TV),3
Grandma's House (TV),3
Gravedale High,3
The Great Indoors (TV 2016),3
Green Acres (TV),3
Growing Pains (TV 1985),3
Handy Manny (TV),3
High Tide (TV),3
Hindsight (TV 2015),3
The Hitchhiker's Guide to the Galaxy (TV 1981),3
Hollywood Heights,3
วัยว้าวุ่น | Hormones: The Series (TV),3
How to Rock,3
Hunted (TV),3
Hunter (US TV),3
Identity (TV),3
If Loving You Is Wrong (TV),3
美男ですね | Ikemen desu ne,3
इश्कबाज़ | Ishqbaaaz | Lovers (TV),3
It's Showtime (Philippines TV),3
The Jacksons: An American Dream (TV),3
Jake and the Fatman,3
Jane by Design,3
Jeopardy! (US TV),3
Jerry Springer Show,3
The Jim Henson Hour,3
Joker: Yurusarezaru Sousakan,3
K11 - Kommissare im Einsatz,3
快傑ズバット | Kaiketsu Zubat (TV),3
Key & Peele (TV),3
The King of Queens,3
L.A. Law,3
活色生香 | Legend of Fragrance,3
舞乐传奇 | Legend of SouthWest Dance and Music (TV),3
라이어 게임 | Liar Game (TV),3
The Littlest Hobo (1979),3
Lovejoy (TV),3
La madrastra,3
The Marvelous Mrs. Maisel (TV),3
Masked Rider,3
Matador (Denmark TV),3
MDs (TV),3
Mercy (TV),3
Minder,3
Ministério do Tempo (TV),3
미씽나인 | Missing Nine (TV),3
Mistresses (US TV),3
Mit Herz und Handschellen (TV),3
Mix & Match (TV),3
믹스나인 | MIXNINE (TV),3
몬스타 | Monstar,3
Moving On (UK TV),3
My Family (TV),3
My Favorite Martian (TV),3
My Girl (Japan TV),3
My Mother and Other Strangers (TV),3
The Mysteries of Laura,3
Naege Geojitmaleul Haebwa | Lie to Me,3
Nanny and the Professor,3
The New Edition Story (TV),3
Nightmare Cafe,3
信長協奏曲 | Nobunaga Concerto (TV),3
NYC 22,3
Odd Squad (TV),3
The Odyssey (TV 1992),3
Off the Map (TV),3
Offspring (TV),3
오렌지 마멀레이드 | Orange Marmalade (TV),3
우리동네 예능과 체육의 능력자 | Our Neighborhood Arts and Physical Education RPF,3
Out of the Unknown (TV),3
Outcasts (TV),3
Outnumbered,3
Outsourced (TV),3
Painkiller Jane (TV),3
People Like Us (TV),3
Peter Gunn (TV 1958),3
피노키오 | Pinocchio (TV 2014),3
Playmakers (TV),3
Poseidon (TV),3
The Power Game (TV),3
Power Play (TV),3
Prehistoric Park,3
Princess Princess D (TV),3
선덕여왕 | Queen Seondeok,3
The Quest (TV 1982),3
Rambo: The Force of Freedom,3
Recovery (TV),3
Red Shoe Diaries,3
Rederiet (TV),3
The Returned (TV 2015),3
Ricky Gervais Show RPF,3
The Rifleman (TV),3
Roar (TV),3
Rumpole of the Bailey - All Media Types,3
Santa Barbara (TV),3
Sapuri (TV 2006),3
구해줘 | Save Me (TV 2017),3
Schitt's Creek,3
Secret Army,3
Sex&Drugs&Rock&Roll,3
新選組! | Shinsengumi! (TV 2004),3
失恋ショコラティエ | Shitsuren Chocolatier,3
सिया के राम | Siya Ke Ram,3
Sledge Hammer (TV),3
Sleeper Cell,3
Soap (TV 1977),3
Space Precinct,3
Steptoe and Son (TV),3
すべてがFになる | Subete ga F ni Naru | The Perfect Insider,3
Suburra - La Serie | Suburra: Blood on Rome (TV),3
Sugar Rush (TV),3
超電子バイオマン | Choudenshi Bioman,3
Superhuman Samurai Syber-Squad,3
Supernatural: The Other Side (Fan Film),3
Tajemnica Sagali | Das Geheimnis des Sagala (TV),3
Tales from the Crypt (TV 1989),3
探偵の探偵 | Tantei no Tantei (TV),3
That Mitchell and Webb Look (TV),3
Thief Takers,3
The Thin Blue Line,3
Through the Dragon's Eye,3
To the Manor Born,3
トミカヒーロー レスキューフォース | Tomica Hero Rescue Force,3
Top of the Lake,3
Tracy Beaker - All Media Types,3
Trapper John M.D. (TV),3
Traveller,3
衝上雲宵 | Triumph in the Skies (TV),3
Trust Me (TV 2009),3
¡Tú sí que vales! RPF,3
Tucker's Luck,3
Ultimate Force (TV),3
The Unit: Idol Rebooting Project (TV),3
V.I.P. (US TV),3
Velvet (TV),3
The Voice (France) RPF,3
Voice (Japan TV),3
Wagon Train (TV),3
围屋里的桃花 | Water Point Peach Blossom (TV),3
Wei Xiao Pasta | Smiling Pasta,3
Westside (TV),3
明星大侦探 | Who's the Murderer (TV),3
Wings (TV 1977),3
The Wombles,3
无心法师 | WuXin: The Monster Killer (TV),3
Yoiko no Mikata,3
少年神探狄仁杰 | Young Sherlock (China TV),3
너희들은 포위됐다 | You’re All Surrounded (TV),3
弱くても勝てます | Yowakutemo Katemasu (TV),3
1 Pound no Fukuin | One-Pound Gospel,2
100 Things to Do Before High School (TV),2
11.22.63 (TV),2
31 Minutos,2
A to Z (TV),2
Accused (TV),2
The Adventures of the Scarlet Pimpernel (TV 1955),2
Agatha Raisin (TV),2
相棒 | Aibou | Partners (TV),2
Airforce One Is Down,2
Akihabara@DEEP,2
Äkta människor | Real Humans (TV),2
All Saints (Australia TV),2
神探狄仁杰 | Amazing Detective Di Ren Jie (TV),2
American Dreams,2
安堂ロイド ～A.I. knows LOVE ?～ | Ando Lloyd: A.I. Knows Love?,2
Another Period (TV),2
Aquí no hay quien viva (TV),2
Arvingerne | The Legacy (TV),2
Ascension (TV),2
The Astronaut Wives Club (TV),2
Asylum (TV) RPF,2
아테나: 전쟁의 여신 | Athena: Goddess of War,2
Auf Streife,2
Autumn's Concerto,2
Ávaxtakarfan | Fruityland (TV),2
Bad Girls Club (TV),2
Bar Rescue (TV),2
Barracuda (TV),2
Bartender (Anime & Manga & Drama),2
The Beast (TV),2
뷰티풀마인드 | Beautiful Mind (TV),2
Becker (TV),2
La Bella e La Bestia | Beauty and the Beast (TV 2014),2
Bernd das Brot | Bernd the Bread (TV),2
Between (TV),2
Between the Lions,2
Beyond (TV 2017),2
블랙 | Black (TV),2
Les Bleus: premiers pas dans la police,2
Bliss (TV),2
The Blue Planet (TV 2001),2
Blunt Talk (TV),2
Bondi Rescue (TV),2
Bosom Buddies,2
Botineras,2
我们的少年时代 | BoyHood (TV),2
Brain Games (TV) RPF,2
하백의 신부 | The Bride of Habaek (TV),2
The Bridge (TV 2013),2
Britain's Next Top Model,2
Broken News,2
Broken Trail (TV),2
Brookside (TV),2
Brum (Cartoon),2
Byker Grove (TV),2
C-16: FBI,2
Cadfael (TV),2
California Dreams,2
Candid Camera (TV),2
Celebrity Juice,2
Chancer (TV),2
Chandler & Co (TV),2
Charles II: The Power and the Passion,2
Charlie Jade (TV),2
Chase (TV 2010),2
시카고 타자기 | Chicago Typewriter (TV),2
Las Chicas del Cable | Cable Girls,2
Childhood's End (TV),2
The Chris Gethard Show (TV),2
闯关东 | Chuang Guandong (TV),2
신데렐라와 네 명의 기사 | Cinderella and the Four Knights (TV),2
The Clinic (TV 2003),2
The Code (TV 2014),2
Cold Blood (TV 2005),2
Cold Feet (UK TV),2
Combat Sheep,2
The Company - Robert Littell - All Media Types,2
Cops (TV 1989),2
El Cor de la Ciutat,2
Count Arthur Strong (TV),2
Cracked (TV),2
Crime Traveller,2
Criminal Minds (Korea TV),2
CRISIS: 公安機動捜査隊特捜班 | CRISIS: Special Security Squad (TV),2
Crossbones (TV),2
The Crystal Maze (TV),2
The Cuckoo Waltz,2
Cuenta atrás,2
Cutie Honey: The Live,2
Cybill (TV),2
Czas honoru | Time of Honor (TV),2
Dark Oracle,2
Dead Landes (TV),2
Deception (US TV 2013),2
Deep Water (TV),2
Deka Wanko (TV),2
The Detectives (US TV),2
Dick Van Dyke Show,2
Diff'rent Strokes,2
Dig (TV),2
Dinotopia (TV),2
Dirt (TV),2
Doctor Doctor (TV 2016),2
Doctor Thorne (TV),2
Dragons' Den (US TV),2
Duck Patrol,2
The Electric Company (TV 1971),2
해신 | Emperor of the Sea (TV),2
武媚娘传奇 | The Empress of China (TV),2
Even Stevens (TV),2
F/X: The Series,2
The Fall Guy,2
떴다! 패밀리 | The Family is Coming! (TV),2
Famous in Love (TV),2
Fetch! with Ruff Ruffman (TV),2
Flikken Maastricht (TV),2
For the Love of Cars (TV),2
法證先鋒 | Forensic Heroes (TV Series),2
Fox Force Five (TV),2
Freakish (TV),2
Free Agents (US TV),2
Freeter Ie o Kau,2
Full Steam Ahead (TV),2
GARO: Gold Storm Sho,2
GARO: Sokoku no Maryuu,2
ZERO: Black Blood (2014),2
General Hospital: Night Shift,2
Genseishin Justirisers,2
George Lopez (TV),2
Ghosted (TV 2017),2
Girl Number 9,2
Girlfriends' Guide to Divorce,2
The Girls Next Door (TV),2
ごめんね青春! | Gomen ne Seishun! (TV),2
Gomer Pyle-USMC,2
Good Girls Revolt (TV),2
大好时光 | Good Time (TV),2
Grandfathered (TV),2
Great News (TV 2017),2
최고의 사랑 | The Greatest Love (TV),2
최고의 결혼 | The Greatest Marriage (TV),2
Guilt (TV),2
枪炮侯 | Guns Hou (TV),2
Guns of Paradise,2
Hack,2
Happyland,2
Harry Enfield and Chums (TV),2
Harry's Law,2
The Hat Squad,2
Heartless (TV),2
Heartless City,2
ヘブンズ・フラワー | Heaven's Flower: The Legend of ARCANA (TV),2
Hei Tang Ma Qi Duo | Brown Sugar Macchiato,2
Heroes and Villains (TV),2
고교처세왕 | High School King of Savvy,2
Hitler: The Rise of Evil (TV 2003),2
Hong Gil Dong (TV),2
How Green Was My Valley (TV 1975),2
Human Trafficking (TV),2
Hwang Jin-yi (TV),2
I Am Frankie (TV),2
I Love Mummy,2
보고 싶다 | I Miss You | Missing You,2
Ikebukuro West Gate Park,2
불멸의 이순신 | Immortal Admiral Yi Soon-shin (TV),2
In the Night Garden (TV),2
Incorporated (TV),2
Ink Master (TV),2
Insecure (TV),2
감격시대 : 투신의 탄생 | Inspiring Generation,2
Intelligence (Canada TV),2
The Invaders (TV),2
The Jack Benny Program,2
Jericho (UK 2016),2
John from Cincinnati,2
Judge Judy (TV),2
重版出来! | Juhan Shuttai! (TV),2
Just Shoot Me! (TV),2
K-POP 최강 서바이벌 | K-POP - The Ultimate Audition (TV),2
Kaisi Yeh Yaariaan (TV),2
Kamen Rider (1971),2
Kamen Rider Amazon (1974),2
Kamen Rider Stronger,2
Kamen Rider Black RX,2
Kamen Rider G,2
幽かな彼女 | Kasuka na Kanojo,2
Kaya (TV),2
왕은 사랑한다 | The King in Love (TV),2
貴族探偵 | Kizoku Tantei | Noble Detective (TV),2
Koishite Akuma | Vampire Boy,2
巷説百物語 | Kousetsu Hyaku Monogatari | Requiem from the Darkness - All Media Types,2
Labyrinth (TV 2012),2
Lady Chatterley (TV 1993),2
Land of the Giants (TV),2
Land of the Lost (TV 1974),2
Laredo,2
The Last Detective (TV),2
踩过界 | Legal Mavericks (TV),2
陆小凤传奇 | The Legend of Lu Xiao Feng (TV),2
青丘狐传说 | Legend of Nine Tails Fox (TV),2
Level 7 (TV),2
The Library (Fictional TV Show),2
Life on Mars (US),2
Lonesome Dove: The Series (Canada),2
Longstreet (TV),2
Louie (TV),2
The Love Boat,2
Love/Hate (TV),2
Lovesick | Scrotal Recall (TV),2
Luv U (Phillipines TV),2
Maddigan's Quest,2
Malibu Country,2
Manchild (TV),2
Manhattan Love Story (TV),2
Married at First Sight (TV),2
Married to Jonas (TV),2
Marseille (TV),2
가면 | Mask (TV),2
Master of None (TV),2
Masters of Horror,2
Material Girl (TV),2
Maya & Miguel (TV),2
McCloud (TV),2
McKenna (TV),2
Men Behaving Badly,2
Mentes en Shock,2
Mermaids: The Body Found,2
流星花園 | Meteor Garden,2
Mind Games (TV 2014),2
Misfits of Science,2
Miss Match,2
The Missing (TV 2014),2
Moloney (TV),2
Monster By Mistake (TV),2
해를 품은 달 | The Moon That Embraces the Sun,2
Moone Boy (TV),2
Morgan's Boy,2
Mr Wakefield's Crusade (TV),2
Mrs Brown's Boys,2
Murder in the First (TV),2
Murder Investigation Team,2
내겐 너무 사랑스러운 그녀 | My Lovely Girl (TV),2
MythQuest (TV),2
The Naked Brothers Band - All Media Types,2
なるようになるさ | Naruyouni Narusa | Everything In Its Time (TV),2
The New Adventures of Robin Hood (TV 1997),2
New Mike Hammer,2
The New Statesman (TV 1987),2
Night Gallery (TV),2
Nightingales (UK),2
No Heroics,2
Notorious (TV 2016),2
NY-LON,2
Nytt på nytt,2
Ocean Girl,2
Olmos y Robles (TV),2
Olympus (TV),2
The Omega Factor (TV),2
On the Buses (TV),2
One Foot in the Grave,2
Oobi,2
The Other Kingdom (TV),2
Outland (TV),2
Over There (TV),2
Oz and James Drink to Britain RPF,2
파라다이스 목장 | Paradise Ranch,2
Paradox (TV 2009),2
Paris enquêtes criminelles | Paris Criminal Investigations,2
Parker Lewis Can't Lose,2
Partridge Family,2
Pasta (TV),2
Pee-Wee's Playhouse (TV),2
개인의 취향 | Personal Preference,2
The Phil Silvers Show,2
Picket Fences (TV),2
The Player (TV),2
돌아와요 아저씨 | Please Come Back Mister (TV),2
냉장고를 부탁해 | Please Take Care of My Fridge (TV),2
Plebs (TV),2
Police Rescue (TV),2
Portlandia (TV),2
Portrait of a Marriage,2
宝莲灯前传 | Prelude of Lotus Lantern (TV),2
Princess and I,2
Princess Sissi (TV),2
공주의 남자 | The Princess' Man,2
Private Eyes (TV 2016),2
Proposal Daisakusen | Operation Love,2
The Protectors (TV 1972),2
Psychoville,2
Pulaski,2
跑馬場 | Racecourse,2
Radio Free Roscoe,2
Real Housewives RPF,2
Reasonable Doubts,2
The Red Green Show (TV),2
Red Riding (TV),2
슈퍼맨이 돌아왔다 | The Return of Superman,2
重生之名流巨星 | Revive (TV),2
The River (US TV),2
Riverworld,2
Rob Dyrdek's Fantasy Factory RPF,2
Roman Mysteries (TV),2
Romance Town (TV),2
The Runaway (TV),2
The Runaways (TV 1978),2
Ruth Rendell Mysteries (TV),2
S.W.A.T. (TV 2017),2
साथ निभाना साथिया | Saath Nibhana Saathiya (TV),2
最高の離婚 | Saikou no Rikon | The Best Divorce (TV),2
Salamander (TV),2
Salem's Lot (TV 2004),2
동상이몽 2 - 너는 내 운명 | Same Bed Different Dreams 2: You Are My Destiny (TV),2
Samurai Girl (TV),2
サムライ・ハイスクール | Samurai High School (TV),2
밤을 걷는 선비 | Scholar Who Walks the Night (TV),2
Scoundrels (TV),2
Sense and Sensibility (TV 2008),2
Shadow Line,2
生死线 | Shēngsǐ Xiàn | The Line (TV),2
Sherlock Holmes (TV 1965),2
新宿スワン | Shinjuku Swan (TV),2
Shoot The Messenger (TV 2016),2
Shooter (TV 2016),2
Short Poppies,2
衝撃ゴウライガン!! | Shougeki Gouraigan,2
Los simuladores | The Pretenders (TV),2
육룡이 나르샤 | Six Flying Dragons (TV),2
The Smoking Room,2
Snatch (TV 2017),2
致青春 | So Young (TV),2
SOKO Donau | Vienna Crime Squad,2
それは突然嵐のように… | Sore wa Totsuzen Arashi no You ni | It Was Sudden Like a Storm (TV),2
South of Hell (TV),2
Spartacus (2004),2
특수사건전담반 TEN | Special Affairs Team TEN,2
Spenser: For Hire,2
Springwatch (TV),2
Square Pegs (TV),2
Starhunter (TV),2
Stranded (TV),2
Strange (TV),2
Suburgatory,2
Summer Heights High,2
Summerland (TV),2
砂時計 | Sunadokei | Sand Chronicles - All Media Types,2
Sunao ni Narenakute | Hard to Say I Love You,2
Dengeki Sentai Changeman,2
Choushinsei Flashman,2
Gosei Sentai Dairanger,2
TekWar (TV),2
独孤天下 | The Legend of Dogu (TV),2
This is Jinsy,2
Those Who Kill (US TV),2
Threat Matrix,2
Three Stooges,2
Toddlers and Tiaras (TV),2
อกหักมารักกับผม | Together With Me: The Series (TV),2
Tokkei Winspector | Special Rescue Police Winspector,2
東京DOGS | Tokyo Dogs (TV),2
The Tonight Show Starring Jimmy Fallon (TV) RPF,2
Tracker (2001),2
Training Day (TV),2
Transparent (TV),2
Treme,2
Trial and Error (TV 2017),2
Triangle (Japan TV),2
Trust Me (TV 2017),2
Trygdekontoret (TV),2
Uchuu Keiji Gavan | Space Sheriff Gavan,2
丑女无敌 | Ugly Wu Di (TV),2
ウルトラマンA | Ultraman Ace,2
ウルトラマンコスモス | Ultraman Cosmos,2
Ultraman Nexus,2
함부로 애틋하게 | Uncontrollably Fond (TV),2
Undeclared (TV),2
アンフェア | Unfair (TV),2
Unpretty Rapstar (TV),2
うぬぼれ刑事 | Unubore Deka | Detective Lovesick (TV),2
Up All Night (TV),2
Valor (TV),2
Vanished (TV),2
Vatanim Sensin (TV),2
Vice Principals (TV),2
Vientos de Agua | Winds of Water (TV),2
The Village (UK TV),2
Viper,2
The Virginian | The Men From Shiloh (TV),2
VR Troopers,2
더블유 | W Two Worlds,2
The Waltons (TV),2
War & Peace (TV 2007),2
The Weakest Link (UK TV),2
What's My Line? (US TV),2
Whatever Happened to the Likely Lads?,2
Wheel of Fortune (US TV),2
The Whispers (TV),2
Wildside (US TV),2
Wings (TV 1990),2
Wisdom of the Crowd (TV),2
마녀유희 | Witch Yoo Hee | Witch Amusement,2
마녀의 연애 | Witch's Romance,2
Wonder Showzen,2
The Wonder Years (TV),2
The Wrong Mans (TV),2
Yaoh (TV),2
夜叉 | Yasha (TV),2
ये है मोहब्बतें | Yeh Hai Mohabbatein | This Is Love (TV),2
Yo Gabba Gabba (TV),2
ようこそ わが家へ | Yokoso Wagaya e,2
Young and Hungry (TV),2
Zoboomafoo (TV),2
100 Centre Street,1
100 Deeds for Eddie McDowd,1
1DOL,1
1박 2일 | 2 Days & 1 Night (TV) RPF,1
二十四小时 | 24 Hours (TV),1
37 Days (TV),1
4 gegen Z,1
49일 | 49 Days (TV),1
77 Sunset Strip (TV),1
A for Andromeda (1961),1
आरम्भ | Aarambh (TV),1
ABC Afterschool Specials,1
ABC Weekend Special (TV),1
Absolute Power (TV),1
Absolutely (TV),1
Accidentally on Purpose (TV),1
Ace wo Nerae! | Aim for the Ace!,1
사춘기 메들리 | Adolescence Medley,1
The Adventures of Robin Hood (TV 1955),1
After You've Gone (TV),1
AfterMASH,1
Ai ∞ Wu Xian | Endless Love,1
Alienated,1
Aliens in America,1
All the Small Things,1
Alphablocks,1
The Amanda Show,1
The Amazing Mrs Pritchard (TV),1
Amazing Stories (TV 1985),1
American Guns (TV) RPF,1
American Housewife (TV),1
American Restoration (TV),1
Americana (TV 2012),1
隐形的翅膀 | Angel Wings (TV),1
Anno 1790,1
ANZAC Girls (TV),1
Aozora no Tamago,1
Aquaman (2006),1
The Armstrong and Miller Show,1
The Assets (TV),1
At Home With the Braithwaites,1
アテンションプリーズ | Attention Please (TV),1
Attila (TV),1
Au service de la France | A Very Secret Service (TV),1
Aus heiterem Himmel,1
Automan (TV),1
Baantjer,1
宝贝 | Baby (TV),1
Babylon 5: The Lost Tales,1
Back To You (TV),1
The Bad Mother's Handbook (TV),1
Baeknyeon-ui Yusan | Hundred Year Inheritance,1
제빵왕 김탁구 | Baker King Kim Tak Goo,1
Bakersfield PD,1
Bams Unholy Union,1
Bamses Billedbog,1
Bananas in Pyjamas,1
Bandolera,1
Basil Brush - All Media Types,1
长沙保卫战 | Battle of Changsha (TV),1
战长沙 | Battle of Changsha (TV),1
ビーチボーイズ | Beach Boys (TV),1
Bear in the Big Blue House,1
Beat For Beat (TV) RPF,1
烽火佳人 | Beauties at the Crossfire,1
Beautiful Life (Japan TV),1
Bedtime (US),1
北京爱情故事 | Beijing Love Story,1
北京青年 | Beijing Youth,1
Believe Nothing (TV),1
Benidorm (TV),1
Benjamin Blümchen - All Media Types,1
Best Friends Forever (TV),1
加油吧实习生 | Best Get Going,1
Best Possible Taste: The Kenny Everett Story (TV),1
Better Homes and Gardens (Australia TV),1
Between the Lines (UK TV),1
Beyond Reality (TV),1
The Bible (TV 2013),1
The Big Easy (TV),1
ビッグマネー！| Big Money! (Japan TV),1
Billy & Billie (TV),1
Bir Aşk Hikayesi | A Love Story (TV),1
Blacke's Magic,1
칼과 꽃 | The Blade and the Petal (TV),1
Bloodletting & Miraculous Cures (TV),1
The Bob Newhart Show (TV 1972),1
Bod,1
Bone Chillers (TV),1
Bonne Nuit Les Petits,1
Boris (TV Italy),1
The Boy in the Dress (TV),1
Boy Meets Girl (TV 2009),1
Boy Meets Girl (TV 2015),1
ボーイズ・オン・ザ・ラン | Boys on the Run (TV),1
俏摩女搶頭婚 | Boysitter (TV),1
Brass Eye (TV),1
Breaker High,1
Bronco (TV),1
Brotherhood (TV 2006),1
Brotherly Love (TV 1995),1
Bullet in the Face (TV),1
The Buzz (TV 2017),1
Byron (TV),1
Camp (TV),1
내 마음이 들리니 | Can You Hear My Heart? (TV),1
Captain Butler (TV),1
Cara Fi (TV),1
Carga Pesada (TV),1
La casa de papel (TV),1
Cashmere Mafia,1
Cassidy (TV),1
Casualty 1909,1
Celblok H,1
Chance (TV 2016),1
The Changes (TV),1
Chappelle's Show,1
Charlemagne le prince à cheval,1
Charlie's Angels (TV 2011),1
The Chatterley Affair (TV),1
Chef's Table (TV),1
小さな巨人 | Chiisana Kyojin | Little Giants (TV),1
Childrens Hospital,1
The Chisholms,1
Chiu Bau Dai Jong | Bar Bender,1
チョコミミ | ChocoMimi,1
Chosei Kantai Sazer X,1
The Circuit,1
Circus Halligalli (TV),1
City Guys (TV),1
City of Vice (TV),1
Clarissa Explains It All (TV),1
Class Act (UK TV),1
Clipped (TV),1
El Clon,1
The Commish (TV),1
Il commissario Montalbano | Inspector Montalbano - All Media Types,1
Complications (TV),1
Cooking With Spies,1
Corazón Salvaje (TV),1
Corridor People (TV),1
Cosby Show,1
Cosmos: A Spacetime Odyssey,1
Cracker (UK TV),1
Crash & Bernstein (TV),1
Criminal Justice (2008),1
Cristela (TV),1
The Crow Road (TV),1
Cult (TV),1
앙큼한 돌싱녀 | Cunning Single Lady (TV),1
Cupid (TV 2009),1
Cutting It,1
디데이 | D-Day (TV),1
d.o.b (Dance or Band),1
DAAS Kapital,1
Dae Jang Geum | Jewel in the Palace,1
달자의 봄 | Dal Ja's Spring,1
Dalziel and Pascoe (TV),1
조선 여형사 다모 | Damo,1
Dan Dare - All Media Types,1
Daniel Boone (TV 1964),1
ดาวพระศุกร์ | Dao Pra Sook (TV),1
Dare Yori mo Mama wo Aisu,1
Dark Season,1
The Dark Secret of Harvest Home,1
연애조작단; 시라노 | Dating Agency: Cyrano (TV),1
The Day Today,1
Dead Head (TV),1
Deadliest Warrior (TV),1
Death Game Park (TV),1
Death in Holy Orders (TV),1
暗黑者｜Death Notify (TV),1
The Decalogue (TV),1
피고인 | Defendant (TV),1
The Defenders (TV 2010),1
Delicious Gakuin (TV),1
Derrick (TV),1
Detectorists (TV),1
Devious Maids (TV),1
The Devlin Connection,1
Dharmakshetra (TV),1
Dice (TV),1
Die Bergretter (TV),1
A Different World,1
Dimension 404 (TV),1
Dinosapien (TV),1
Diriliş: Ertuğrul | Resurrection: Ertugrul (TV),1
연애의 발견 | Discovery of Love,1
Diva (Philippine TV),1
Диверсант | Diversant - All Media Types,1
Dixon of Dock Green (TV),1
Do Over (TV),1
Doctor in the House (TV),1
Доктор Живаго | Doctor Zhivago (TV 2006),1
Doktor Mugg (TV),1
东方朔 | Dongfang Shuo (TV),1
ドS刑事 | DoS Deka,1
同窓生 ~人は、三度、恋をする~ | Dousousei ~Hito wa Sando Koi o Suru~,1
Dr.倫太郎 | Dr. Rintaro Psychiatrist (TV),1
Dragon Zakura,1
드림하이 2 | Dream High 2,1
Dusty's Trail (TV),1
E Street (TV),1
E-Ring,1
學警狙擊 | E.U.,1
Ørnen: En krimi-odyssé | The Eagle,1
East Los High (TV),1
EastSiders,1
Edge of Normal,1
Edward and Mrs. Simpson (TV),1
Edwardian Farm (TV),1
Ein Fall für zwei (TV),1
Ekstradycja (TV),1
The Elephant Princess,1
Ellery Queen (TV),1
Emmet Otter's Jug-Band Christmas (TV),1
Engrenages | Spiral (TV),1
적도의 남자 | The Equator Man,1
The Eric Andre Show,1
Estate of Panic (TV),1
Eureeka's Castle,1
Eve (TV 2003),1
The Event (TV),1
Everest '82 (TV),1
Exit 57,1
Expedition Unknown (TV),1
Ezel (TV),1
The F Word (UK TV) RPF,1
The F.B.I. (TV),1
Faerie Tale Theater (TV),1
Falcón (TV),1
Fall of Eagles,1
Family Affair,1
패밀리가 떴다 | Family Outing (TV),1
The Fantastic Journey (TV),1
Father Dowling Mysteries,1
La Fea más Bella,1
Fear Factor,1
Felizes Para Sempre? | Happily Ever After? (TV),1
Fem myror är fler än fyra elefanter (TV),1
风雷急 | Feng Lei Ji (TV),1
Fievel's American Tails (TV),1
择天记 | Fighter of the Destiny (TV),1
Figure It Out (TV),1
A Fine Romance (TV 1981),1
First Dates (TV),1
첫사랑 | First Love (1996),1
First Time (TV),1
Física o Química,1
The Five (TV),1
아이가 다섯 | Five Enough (TV),1
Flaked (TV),1
Fleming: The Man Who Would Be Bond (TV),1
Flics (TV),1
Floribella (Portugal TV),1
꽃미남 라면가게 | Flower Boy Ramyun Shop,1
我们的爱 | For My Love (TV),1
Foreign Exchange (Australia TV),1
Forensic Files (TV),1
Даёшь молодёжь! | Forever Young (TV),1
Forged in Fire (TV),1
少年四大名捕 | The Four (TV),1
大仙衙门 | The Fox Fairy Court (TV),1
Framed (TV 1992),1
Frankenstein (TV 2004),1
Frankie Drake Mysteries (TV),1
From Here on OUT (TV),1
Full House Take 2 (TV),1
Funland (TV),1
Funny Girls (NZ TV),1
The Future is Wild (TV),1
Fuurin Kazan (TV),1
Fyra år till | Four More Years (2010),1
Galaxy Quest (TV),1
Games On (TV),1
Gang Related (TV),1
갑동이 | Gap-dong,1
絶狼 | ZERO: Dragon Blood (TV),1
GARO: Makai Retsuden,1
Gary: Tank Commander,1
Gates (TV 2012),1
더 지니어스 | The Genius,1
Ghost Brothers (TV),1
Ghost Squad (TV),1
Ghost Wars (TV 2017),1
귀신보는 형사 처용 | Ghost-Seeing Detective Cheo Yong (TV),1
GiraGira (TV),1
The Girl's Guide to Depravity (TV),1
Girlfriends (TV),1
高能少年团 | Give Me Five (TV) RPF,1
Glory Days,1
太子妃升职记 | Go Princess Go,1
신의 선물 - 14일 | God's Gift - 14 Days (TV),1
Goede tijden slechte tijden | Good Times Bad Times,1
Good Doctor (Korea TV),1
Good Luck!! (TV Japan),1
Good News Week (TV) RPF,1
Good Times (TV),1
굿 와이프 | The Good Wife (TV),1
Gortimer Gibbon's Life on Normal Street,1
Grosse Pointe,1
Grounded For Life (TV),1
The Guard (TV),1
Гостья из будущего | Guest from the Future (TV),1
Gunpowder Treason and Plot (TV),1
A gURLs wURLd (TV),1
H.R. Pufnstuf (TV),1
拝啓父上様 ｜Haikei Chichiue-sama,1
Hair: Sfida all'ultimo taglio (TV),1
ハケンの品格 | Haken no Hinkaku | The Pride of the Temp,1
Hammer Session!,1
ハンドク!!! | Handoku,1
Hap and Leonard (TV),1
The Hard Times of RJ Berger,1
Harry O (TV),1
Hart to Hart,1
The Haunted (TV 2009),1
Haunted Highway RPF,1
Hawkmoor (TV),1
Hawthorne (TV),1
Hay Alguien Ahí (TV),1
半路父子 | He and His Sons (TV),1
He Knew He Was Right (TV),1
Heat of the Sun,1
Here's Lucy (TV),1
Heroes and Villains - Isaac Keller,1
Hey Dude (TV),1
Hi-5 (TV),1
Hidden (TV),1
신분을 숨겨라 | Hidden Identity (TV),1
Hidden Palms,1
High Life,1
Highway Patrol (1955),1
The Hills (TV),1
HIM (TV 2016),1
Hit & Miss,1
Hong Kong (TV),1
Hooperman (TV),1
Hope & Faith (TV),1
Hope and Glory (TV),1
Hospital Central (TV),1
Hotaru no Hikari,1
猴票 | Hou Piao (TV),1
Houdini (TV 2014),1
Hòugōng zhēn huán zhuàn | 後宫甄嬛传 | The Legend of Zhen Huan,1
花开半夏 | Hūa Kāi Bàn Xìa,1
Het huis Anubis,1
ہم سفر | Humsafar (TV),1
humsafars (TV),1
Hung (TV),1
Hungry! (TV Japan),1
我的鬼基友 | I Am Sorry I Love You,1
I Dream (TV),1
I Miserabili (TV 1964),1
로맨스가 필요해 | I Need Romance,1
I'll Take Manhattan (TV),1
Ice (TV 2011),1
Idola Cilik (TV),1
如果可以这样爱 | If We Could Love Like This (TV),1
Im Angesicht des Verbrechens,1
The Immortal (TV 1969),1
女醫 明妃傳 | The Imperial Doctress (TV),1
Império | Empire (TV),1
In Justice,1
In Search of Perfection (TV),1
In the Club (TV),1
Indigo No Yoru,1
Ink Master: Angels (TV),1
Inquisitio (TV),1
Insight (TV 1960),1
Inspektor Jury (TV),1
Intruders (TV 2014),1
犬を飼うということ | Inu wo Kau to Iu Koto,1
Ironside (TV 1967),1
Ironside (TV 2013),1
Island at War,1
It's About Time (TV 1966),1
Ivor the Engine,1
자명고 | Ja Myung Go (TV),1
Jack & Jill (TV),1
Jack and Bobby,1
Jackanory,1
대박 | Jackpot (TV),1
जमाई राजा | Jamai Raja (TV),1
Jamestown (TV),1
제중원 | Jejoongwon (TV),1
The Jeremy Kyle Show (TV),1
Jericho of Scotland Yard,1
John Safran's Race Relations (TV),1
Johnny Ringo (TV),1
Joséphine ange gardien | Joséphine Guardian Angel (TV),1
花千骨 | The Journey of Flower (TV),1
白夜行 | Journey Under the Midnight Sun (TV),1
Julia (Poland TV),1
Julie's Greenroom (TV),1
K-Ville,1
Kadetstvo,1
铠甲勇士 | Kǎi Jiǎ Yǒng Shì | Armor Hero,1
怪盗山猫 | Kaitou Yamaneko (TV),1
Как я стал русским | Kak ya stal russkim | How I Became Russian (TV),1
Kamen Rider V3,1
Kami no Shizuku | Les Gouttes de Dieu,1
Kara Sevda | Endless Love (TV),1
Karen Sisco (TV),1
Kaseifu no Mita,1
春日局 | Kasuga no Tsubone (TV),1
家族ゲーム | Kazoku Game (TV),1
奔跑吧 | Keep Running (China TV),1
Kevin (Probably) Saves the World (TV),1
Kevin Hill (2004),1
Kick (TV),1
Killer Women (TV 2014),1
King & Maxwell,1
더킹 2 Hearts | The King 2 Hearts,1
바람의 화원 | Kingdom of the Winds (TV),1
Kirby Buckets (TV),1
Der kleine Mönch (TV),1
Klondike (TV),1
Knights of God (TV),1
婚カツ！| Konkatsu! (TV),1
කූඹියෝ | Koombiyo (TV),1
Koshonin,1
Kröd Mändoon and the Flaming Sword of Fire,1
Ku'damm 56 (TV),1
The Kumars at No. 42,1
Kung Fu (TV),1
鞍馬天狗 | Kurama Tengu (TV),1
黒の女教師 | Kuro no Onna Kyoushi | Miss Double-Faced Teacher (TV),1
クロコーチ | Kurokouchi (TV),1
巨獣特捜ジャスピオン | Kyojuu Tokusou Juspion | Special MegaBeast Investigator Juspion,1
兄弟拳バイクロッサー | Kyoudai Ken Byclosser (TV),1
L'Isola dei Famosi (TV),1
L'ottavo nano (TV),1
L.A. Heat (TV),1
Ladies of Letters (TV),1
Lady Boy Friends The Series (2015),1
The Larry Sanders Show,1
Lasko - Die Faust Gottes | Lasko - The Fist of God,1
ラスト・フレンズ | Last Friends (TV),1
The Latest Buzz (TV),1
Leaving (TV),1
左耳 | The Left Ear (TV),1
푸른 바다의 전설 | Legend of the Blue Sea (TV),1
都市妖奇谈 | The Legend of the Monster (TV),1
The Legend of William Tell (TV),1
Legends of the Hidden Temple (TV),1
Less Than Kind,1
싸우자 귀신아 | Let's Fight Ghost (TV),1
The Librarians (TV 2007),1
라이프 특별조사팀 | Life Special Investigation Team (TV),1
Lilies (TV),1
Lilyhammer,1
Line of Fire (TV 2003),1
Lip Sync Battle (US TV),1
劉伯溫傳奇 | Liu Bo Wen Chuan Qi (TV),1
The Lizzie Borden Chronicles,1
Lone Star (TV),1
The Long Goodbye (Japan TV),1
Long Love Letter (TV),1
Long Way Round (TV),1
The Loop,1
Lost in Oz (TV),1
Lou Grant (TV),1
Love & Hip Hop (TV),1
爱情回来了 | Love is Back,1
Love Island (TV),1
Love Monkey,1
Love of Chair,1
Lulu Vroumette (TV),1
Mad About You,1
Maddigan's Quest (TV),1
Made in Canada,1
MADtv (TV),1
The Magician (TV 1973),1
Magician's House (TV),1
Maging Sino Ka Man (TV),1
Mama's Family (TV),1
The Man from Snowy River | Snowy River: The McGregor Saga,1
The Man in Room 17 | The Fellows (TV),1
Man vs. Wild (TV),1
Manhattan (TV),1
Mansfield Park (TV 1983),1
Mar Salgado (TV),1
María la del Barrio (Mexico TV) RPF,1
Mars (TV 2016),1
The Mask Singer หน้ากากนักร้อง (TV) RPF,1
매칭! 소년양궁부 | Matching! Boys Archery (TV),1
Matlock (TV),1
The Mayor (TV 2017),1
Me & Mrs Jones (TV),1
Место встречи изменить нельзя | The Meeting Place Cannot Be Changed (TV),1
Men in Trees,1
Métal Hurlant Chronicles,1
Mi pecado,1
Michael: Tuesdays & Thursdays,1
The Mighty B! (TV),1
Mikeneko Holmes no Suiri,1
Mildred Pierce (TV),1
The Millionaire Matchmaker (TV),1
The Mind of Mr. J. G. Reeder (TV),1
미래의 선택 | Mirae's Choice | Marry Him If You Dare,1
Miss Marie Lloyd - Queen of the Music Hall,1
Miss Marple (TV),1
실종느와르 M | Missing Noir M,1
Missing | 1-800-MISSING,1
Mister Ed (TV),1
Mistresses (TV 2008),1
Mockingbird Lane (TV),1
The Mod Squad (TV),1
Monday Mornings (TV),1
Monsignor Renard (TV),1
Monster House (US TV),1
Morph (BBC Shorts),1
Mr & Mrs Murder,1
Mr. Lucky (TV),1
Mr. Palfrey of Westminster (TV),1
Mr. Show with Bob and David (TV),1
Mr. Student Body President (TV),1
Mr. Young (TV),1
The Mrs Bradley Mysteries (TV),1
MTV After Hours (TV),1
Mulawin (TV),1
The Muppets (TV 2015),1
Muppets Tonight,1
مُقَابِل | Muqabil (TV),1
Murder Most Horrid (TV),1
The Murder Room (TV),1
My Cat from Hell (TV),1
My Fair Wedding (TV),1
마이걸| My Girl (TV 2005),1
My Husband's Lover (TV),1
내 이름은 김삼순 | My Lovely Sam Soon,1
我的绝密生涯 | My Undercover Career (TV),1
MyDOL (TV) RPF,1
The Mystery of Edwin Drood (2012),1
내일도 칸타빌레 | Nae Il's Cantabile | Tomorrow Cantabile (TV),1
Nae Yeojachingu-neun Gumiho | My Girlfriend is a Gumiho,1
Naked and Afraid (TV),1
Natsu no Koi wa Niji-iro ni Kagayaku,1
Nearly Famous,1
猫侍 | Neko Zamurai | Cat Samurai,1
The New Addams Family (TV),1
Newhart,1
The Newlywed Game (TV),1
Night and Day (TV),1
No Job for a Lady,1
No Place Like Home (TV 1983),1
NTSF:SD:SUV::,1
Nurses (TV),1
女娲传说之灵珠 | The Holy Pearl,1
O mnie się nie martw | Don't Worry About Me (TV),1
O11ZE (TV),1
October Road,1
Odwróceni (TV),1
Off Centre (TV),1
畢打自己人 | Off Pedder (TV),1
Ojciec Mateusz (TV),1
ON (TV Japan),1
On the Up,1
어느 멋진 날 | One Fine Day,1
お兄ちゃん ガチャ | Oniichan gacha (TV),1
Only Human (TV 2001),1
Only When I Laugh (TV),1
Oranges Are Not the Only Fruit (TV),1
おせん | Osen (TV),1
The Others (TV),1
侠飯～おとこめし～ | Otoko Meshi (TV),1
Our World War (TV),1
Out of Jimmy's Head (TV),1
Out of Practice (TV),1
Outrageous Fortune (TV),1
霸王花 | Overlord Flower (TV),1
Öyle Bir Geçer Zaman Ki (TV),1
P.O.W. (TV 2003),1
Packed to the Rafters,1
Pair of Kings (TV),1
The Palace (UK TV),1
The Paradise Club,1
Paradise Connection,1
Parallax (TV),1
Paranormal Lockdown (TV),1
The Parkers (TV),1
Partners (TV 2012),1
Party of Five (TV),1
Pasión Intergaláctica,1
The Passing Bells (TV),1
Pawn Stars (TV),1
Peg + Cat (TV),1
Pensacola: Wings of Gold (TV),1
Personal Affairs (TV),1
The Peter Serafinowicz Show,1
Philip K. Dick's Electric Dreams (TV),1
痞子英雄 | Black & White,1
漂亮的李慧珍 | Piào Liàng de Lǐ Huì Zhēn (TV),1
Planet Earth (TV),1
Play for Today: Soft Targets,1
Play School (Australia TV),1
Played (TV),1
Players (TV 1997),1
Playhouse Presents,1
Pleidooi (TV),1
아홉수 소년 | Plus Nine Boys (TV),1
Porridge (TV),1
Posh Nosh,1
파워레인저 다이노포스 브레이브 | Power Rangers Dino Force Brave,1
The Practice (TV 1997),1
Prawo Agaty | True Law (TV),1
Pretty/Handsome,1
Pride and Prejudice (TV 1980),1
El Príncipe (TV),1
Project Runway All Stars (US) RPF,1
โปรเจกต์ เอส เดอะซีรีส์ | Project S The Series (TV),1
Proof (TV 2015),1
Psychos (TV),1
Pumuckl (All Media),1
Punky Brewster (TV),1
Putous,1
カルテット | Quartet (TV 2017),1
Qubool Hai (TV),1
인현왕후의男子 | Queen In Hyun's Man (TV),1
야왕 | Queen of Ambition,1
Quincy M.E. (TV),1
Quintuplets (TV),1
Quirke (TV),1
R. L. Stine's The Haunting Hour (TV),1
Rainbow (TV),1
Raising the Bar (TV),1
Ranczo (TV),1
Raven (TV 2002),1
Raven's Home (TV),1
Read All About It (TV),1
Reading Rainbow,1
The Real Housewives of Late Night (TV),1
Rebellion (TV),1
Reckless (TV 2014),1
Red Cap (TV),1
Red Widow (TV),1
Rei Davi (TV),1
Reinouryokusha Odagiri Kyouko no Uso,1
Rent-a-Goalie (TV),1
Rentaghost,1
Return to Treasure Island (TV 1986),1
Reunion (TV),1
Review (TV 2014),1
Rich Man Poor Woman (TV),1
Richter Alexander Hold (TV),1
理想の息子 | Risou no Musuko | Perfect Son,1
Rita (TV),1
Rita Rocks,1
Rob Brydon's Annually Retentive,1
Robin's Hoods,1
Robot Wars (TV),1
Rock & Chips,1
Rock of Love with Bret Michaels (TV),1
옥탑방 왕세자 | Rooftop Prince,1
Room 104 (TV),1
Roosevelt Game (TV),1
Rose and Maloney,1
Run of the House (TV),1
Rush (TV 2014),1
Ryan's Hope,1
'S Fheairrde Duine Gaire! (TV),1
S 最後の警官 | S: The Last Policeman (TV),1
桜からの手紙 | Sakura kara no Tegami,1
Samantha Who? (TV),1
Savannah (TV),1
Scariest Places on Earth (TV),1
スクール☆ウォーズ | School Wars (TV),1
Sé lo que hicisteis... (TV),1
Морские дьяволы | Sea Devils (TV),1
Sea of Souls,1
Search Party (TV),1
The Second Coming (TV 2003),1
Secret City (TV),1
비밀의 문 | Secret Door (TV),1
밀회 | Secret Love Affair,1
See No Evil: The Moors Murders,1
正義のシンボル コンドールマン | Seigi no Shinboru Condorman (TV),1
Die Sendung mit der Maus,1
รุ่นพี่ Secret Love | Senior Secret Love (TV),1
先生はエライっ！ | Sensei wa Erai! (TV),1
Servicezeit (TV),1
セトウツミ | Setoutsumi (TV),1
첫 키스만 일곱번째 | Seven First Kisses (TV),1
会痛的17岁 | Seventeen Blue (TV),1
少帅 | Shao Shuai (TV),1
Shè Diāo Yīng Xióng Zhuàn | Legend of Condor Heroes (TV 1994),1
그녀는 예뻤다 | She Was Pretty (TV),1
Shell Game,1
Sherlock North (TV),1
幸せになろうよ | Shiawase ni Narou yo (TV),1
死神くん | Shinigami-kun (TV),1
Shogun,1
Shooting Stars (TV 1993),1
שטיסל | Shtisel (TV),1
Siamin tytöt (TV),1
Siblings (UK TV),1
시그널 | Signal (TV),1
Significant Mother (TV),1
Six (TV 2017),1
SIXTEEN (TV),1
Сладкая жизнь | Sladkaya Zhizn (TV 2014),1
Small Wonder,1
Smart Guy (TV),1
スマイル | Smile (TV),1
Smith (US TV),1
Snakes and Ladders (TV),1
Sneaky Pete (TV),1
Snuff Box (TV),1
So Dark (TV),1
So NoTORIous,1
Soldier Soldier,1
Somewhere Between (TV),1
Soof: Een Nieuw Begin (TV),1
Soul Man (TV),1
Soy Luna (TV),1
Space Janitors (TV),1
Space Rangers (TV),1
Spicks and Specks (TV),1
Spitting Image (TV),1
Spun Out (TV),1
Spy Game (TV),1
Spy Myung Wol,1
Spyder Games,1
La squadra (TV),1
Sr. Ávila (TV),1
Stagecoach West (TV),1
Stalker (TV),1
Stand Up Comedy Indonesia (TV) RPF,1
Star Cops (TV),1
The Star ค้นฟ้าคว้าดาว RPF,1
Stark Raving Mad,1
Stawka większa niż życie,1
Step by Step,1
Still Life (TV),1
Stockinger (TV),1
Storage Wars (TV),1
Storylords (TV),1
Strange Inheritance (TV),1
비밀의 숲 | Stranger (TV),1
The Strangerers (TV),1
Strangers (TV 1978),1
The Street (TV),1
Striking Out (TV),1
Sturm der Liebe (TV),1
Summer Snow,1
阳光像花一样绽放 | Sun Shining Like Blossom (TV),1
幸福最晴天 | Sunny Happiness (TV),1
快乐男声2017 | Super Boy 2017,1
Super Fun Night (TV),1
秘密戦隊ゴレンジャー | Himitsu Sentai Gorenger,1
Battle Fever J,1
地球戦隊ファイブマン | Chikyuu Sentai Fiveman,1
Gekisou Sentai Carranger,1
救急戦隊ゴーゴーファイブ | Kyuukyuu Sentai GoGoFive,1
Superstition (TV),1
Survivors (TV 1975),1
Suspects (TV),1
Svět pod hlavou (TV),1
Sweet Justice (TV),1
Swift Justice,1
Take Me Out (UK TV),1
Tales of the City (TV),1
Talia in the Kitchen (TV),1
Talking Heads - Bennett,1
Tarzan and Jane (Cartoon),1
Taxi (TV),1
Tayong Dalawa,1
Team Batista Series,1
てふてふ荘へようこそ | Tefutefu Sou e Youkoso,1
Téléchat (TV),1
Téléfrançais,1
La Tempestad | The Storm (TV),1
The Tenant of Wildfell Hall (TV 1996),1
A Terra Prometida (TV),1
Terrahawks,1
That Beryl Marston...!,1
The Cazalets (TV),1
The Durrells (TV),1
白色巨塔 | The Hospital (TV),1
秦时丽人明月心 | The King's Woman (TV),1
The Mick (TV),1
泪痕剑 | The Tearful Sword (TV),1
Think the Unthinkable (TV),1
Thirteen (TV),1
This Is Your Life (US TV),1
Those Who Can't (TV),1
삼시세끼-어촌편 | Three Meals a Day - Fishing Village,1
Three's a Crowd,1
El tiempo entre costuras | The Time Between Seams (TV),1
Tinsel Town (TV),1
Tiny House Hunters (TV),1
Titanic (TV 2012),1
To Catch A Predator (TV),1
特上カバチ!! | Tokujo Kabachi!! (TV 2010),1
Tomorrow When the War Began (TV),1
Topsy and Tim (TV 2013),1
Touching Evil (UK),1
След | Trace (TV),1
Trauma Center (TV),1
True Horror with Anthony Head,1
Trying Again (TV),1
Twice in a Lifetime,1
The Two Ronnies,1
ウルトラマンダイナ | Ultraman Dyna,1
ウルトラマンT | Ultraman Taro,1
Undateable,1
Under the Gunn (TV) RPF,1
Underbelly,1
The Untouchables (TV 1959),1
Up Pompeii! (TV),1
The Upper Hand (TV),1
Upstart Crow (TV),1
Usodno vino (TV),1
Vain elämää (TV),1
The Vault (TV 2011),1
Vegas (TV 2012),1
Vengeance Unlimited,1
A Very Peculiar Practice,1
The Vice,1
怪俠一枝梅 | The Vigilante in the Mask (TV),1
醋溜族 | The Vinegar Tribe,1
Violetta (TV 2012),1
The Voice of Italy RPF,1
W1A (TV),1
Wanted (Australia TV 2016),1
원티드 | Wanted (TV),1
สงครามไฮสคูล | War of High School The Series (TV),1
Wartime Farm (TV),1
The Way We Live Now - All Media Types,1
주간 아이돌 | Weekly Idol,1
Weird Science (TV),1
What about Brian (TV),1
What Remains (TV),1
What's Up (TV),1
남자가 사랑할 때 | When a Man Loves,1
爱情闯进门 | When Love Walked In,1
旋风少女 | The Whirlwind Girl (TV),1
Whistler (TV),1
Белая гвардия | The White Guard (TV),1
White Heat (TV),1
Whites,1
Whitney (TV),1
Widows/She's Out,1
Wild Boys (TV),1
Wild Kingdom,1
The Wind in the Willows (TV 1984),1
Windfall (TV),1
겨울연가 | Winter Sonata (TV),1
Wiro Sableng - All Media Types,1
護花危情 | Witness Insecurity,1
Working the Engels,1
World of Dance (TV),1
Wormhole X-treme,1
Worried About the Boy,1
Worzel Gummidge (TV),1
Xi Shuo Qian Long | The Legendary Chin Lung,1
萧十一郎 | Xiao Shiyi Lang (TV 2002),1
XIII: The Series,1
The XYY Man (TV),1
山田太郎ものがたり | Yamada Tarou Monogatari (TV),1
胭脂花紅 | Yan Zhi Hua Hong (TV),1
優しい時間 | Yasashii Jikan (TV),1
よろず占い処　陰陽屋へようこそ | Yorozu Uranaidokoro Onmyoya e Youkoso (TV),1
You Me & Them,1
넌 내게 반했어 | You've Fallen for Me (TV),1
Zaido,1
Zane's the Jump Off,1
Zarah - Wilde Jahre (TV),1
Zhan Shen | Mars,1
知青 | Zhi Qing (TV),1
Zodiac (TV),1
ZombieLars (TV),1
Zoo Quest (TV),1
복면가왕 | King of Mask Singer (TV),1
