Star Wars - All Media Types,58476
Dragon Age - All Media Types,51254
Dragon Age (Video Games),44887
Dragon Age: Inquisition,26919
Final Fantasy,24407
Overwatch (Video Game),20834
Undertale (Video Game),20098
The Walking Dead & Related Fandoms,16721
Mass Effect - All Media Types,16598
Mass Effect Trilogy,14612
Fire Emblem Series,11882
Dragon Age II,11469
Final Fantasy XV,10763
Pocket Monsters | Pokemon - All Media Types,10287
Dangan Ronpa - All Media Types,9795
Fallout (Video Games),8992
Shin Megami Tensei Series,8591
Dragon Age: Origins,8322
Persona Series,7575
Compilation of Final Fantasy VII,7416
Kingdom Hearts,7242
逆転裁判 | Gyakuten Saiban | Ace Attorney,6279
Fallout 4,6117
Assassin's Creed - All Media Types,6064
Final Fantasy VII,5960
Pocket Monsters | Pokemon (Main Video Game Series),5707
Fire Emblem: If | Fire Emblem: Fates,5291
Star Wars Original Trilogy,5079
Dangan Ronpa: Trigger Happy Havoc,4877
Elder Scrolls,4735
The Legend of Zelda & Related Fandoms,4687
Tales of Series,4679
Star Wars: The Clone Wars (2008) - All Media Types,4550
Dungeons & Dragons - All Media Types,4453
Mystic Messenger (Video Game),4396
Fire Emblem: Kakusei | Fire Emblem: Awakening,4304
Elder Scrolls V: Skyrim,4010
DRAMAtical Murder - All Media Types,3789
Durarara!!,3595
Super Dangan Ronpa 2,3509
Warcraft - All Media Types,3452
Borderlands (Video Games),3408
Team Fortress 2,3379
Persona 4,3234
Persona 5,3144
Life Is Strange (Video Game),3019
Star Wars Legends: Sith Era - All Media Types,2956
World of Warcraft,2523
Mass Effect: Andromeda,2343
Star Wars Legends: The Old Republic,2296
Digimon - All Media Types,2239
New Dangan Ronpa V3: Everyone's New Semester of Killing,2228
Resident Evil - All Media Types,2200
Metal Gear,2183
Ensemble Stars! (Video Game),2020
Dishonored (Video Games),1991
Fallout: New Vegas,1871
Biohazard | Resident Evil (Gameverse),1819
刀剣乱舞 | Touken Ranbu,1808
Fate/stay night & Related Fandoms,1728
Fabula Nova Crystallis: Final Fantasy,1680
Uncharted (Video Games),1680
Until Dawn (Video Game),1627
Five Nights at Freddy's,1599
Final Fantasy VIII,1555
Sonic the Hedgehog - All Media Types,1548
League of Legends,1520
Final Fantasy XIII Series,1440
Persona 3,1429
The Legend of Zelda: Breath of the Wild,1354
Tales of Zestiria,1342
Pocket Monsters: Sun & Moon | Pokemon Sun & Moon Versions,1249
Final Fantasy XII,1217
Dragon Age: Origins - Awakening,1193
Tron - All Media Types,1168
Final Fantasy X & Final Fantasy X-2,1136
Fallout 3,1128
Crisis Core: Final Fantasy VII,1079
Super Smash Brothers,1074
Devil May Cry,1060
BioShock,1059
Final Fantasy XIV,1032
Lego - All Media Types,1014
Final Fantasy XIII,1008
Portal (Video Game),1004
Wiedźmin | The Witcher - All Media Types,987
Destiny (Video Games),983
Dream Daddy: A Dad Dating Simulator,981
Minecraft (Video Game),898
The Evil Within (Video Game),861
Grand Theft Auto Series (Video Games),861
DRAMAtical Murder (Visual Novel),850
Final Fantasy X,842
The Legend of Zelda: The Ocarina of Time,827
Super Mario & Related Fandoms,806
Outlast (Video Games),798
Star Stable,786
Star Wars Legends: New Republic Era - All Media Types,784
Grand Theft Auto V,776
Tales of Vesperia,774
Fire Emblem: Soen no Kiseki/Akatsuki no Megami | Fire Emblem Path of Radiance/Radiant Dawn,764
Rockman | Mega Man - All Media Types,759
Pocket Monsters: Black & White | Pokemon Black and White Versions,742
Sonic the Hedgehog (Video Games),722
Saints Row,721
Tales of Xillia,716
Tales of the Abyss,714
Touhou Project,703
Bendy and the Ink Machine,702
Subarashiki Kono Sekai | The World Ends With You,698
Pocket Monsters: Ruby & Sapphire & Emerald | Pokemon Ruby Sapphire Emerald Versions,684
Wiedźmin | The Witcher (Video Game),683
Pocket Monsters: X & Y | Pokemon X & Y Versions,672
悪魔城ドラキュラ | Castlevania Series,671
Layton Kyouju Series | Professor Layton Series,664
Final Fantasy VI,658
Uta no Prince-sama,654
The Legend of Zelda: Twilight Princess,632
The Last of Us,623
Silent Hill (Video Game Series),612
Love Live! School Idol Festival (Video Game),599
Batman: Arkham - All Media Types,594
Stardew Valley (Video Game),584
Left 4 Dead (Video Games),579
BioShock Infinite,565
Star Wars Legends: Knights of the Old Republic,563
Halo (Video Games) & Related Fandoms,557
Zombies Run!,538
Asagao Academy: Normal Boots Club,537
Batman: Arkham (Video Games),521
Fate/stay night - All Media Types,514
OFF (Game),513
Zero Escape (Video Games),512
Tales of Symphonia,503
Final Fantasy IV,501
Sengoku Basara,497
Call of Duty (Video Games),496
光神話 | Kid Icarus (Video Games),490
Elder Scrolls IV: Oblivion,473
Far Cry (Video Games),461
Inazuma Eleven,456
The Legend of Zelda: Skyward Sword,456
Deus Ex (Video Games),453
Suikoden,450
Avengers Academy (Video Game),444
Mortal Kombat - All Media Types,444
Fire Emblem Echoes: Mou Hitori no Eiyuu Ou | Fire Emblem Echoes: Shadows of Valentia,442
Three Kingdoms History & Adaptations - All Media Types,440
Hatoful Kareshi | Hatoful Boyfriend,436
Bloodborne (Video Game),421
Pokemon GO,412
MindCrack RPF,411
The Walking Dead (Telltale Video Game),410
Tomb Raider & Related Fandoms,394
Dark Souls (Video Games),392
Watch Dogs (Video Games),392
Harvest Moon,388
Hakuouki,387
The Legend of Zelda (Video Game 1986),383
Xenoblade Chronicles,381
Don't Starve (Video Game),376
Fire Emblem Heroes,372
Fire Emblem: The Sacred Stones,371
Star Wars Legends: X-wing Series - All Media Types,354
Fate/stay night (Visual Novel),352
Pocket Monsters: Diamond & Pearl & Platinum | Pokemon Diamond Pearl Platinum Versions,351
Rockman X | Mega Man X,347
Fire Emblem: Rekka no Ken | Fire Emblem: Blazing Sword,345
Dangan Ronpa: Another Episode,342
Final Fantasy IX,335
Guild Wars Series (Video Games),335
Bravely Default (Video Game) & Related Fandoms,332
Fate/Grand Order,332
Final Fantasy XIII-2,329
Diabolik Lovers,325
Final Fantasy X-2,320
Pocket Monsters: Gold & Silver & Crystal | Pokemon Gold Silver Crystal Versions,316
Tomb Raider (Video Game),314
Tales of Graces,313
Mortal Kombat (Video Games),309
Rune Factory (Video Games),305
Jak and Daxter,298
The Legend of Zelda: Hyrule Warriors,298
NieR: Automata (Video Game),294
Yandere Simulator (Video Game),293
Deus Ex: Human Revolution,291
Fables (Willingham) - All Media Types,291
The Arcana (Visual Novel),290
Fallen London | Echo Bazaar,289
inFAMOUS (Video Games),286
Pocket Monsters: Red & Green & Blue & Yellow | Pokemon Red Green Blue Yellow Versions,281
大海原と大海原 | Oounabara to Wadanohara | Wadanohara and the Great Blue Sea,279
Shin Sangokumusou | Dynasty Warriors,276
Elsword (Video Game),274
Kirby - All Media Types,273
Monster High,271
Dissidia: Final Fantasy,269
Fable (Video Games),266
Far Cry 3,265
Super Mario Bros. (Video Games),265
ハマトラ | Hamatora,258
Shin Megami Tensei: Devil Survivor 2,258
Star Ocean,256
龍が如く | Ryuu ga Gotoku | Yakuza (Video Games),255
黄金の太陽 | Golden Sun Series,253
Star Wars: Clone Wars (2003) - All Media Types,252
Ib (Video Game),251
Tekken,246
Pokemon Mystery Dungeon,245
Mother 2: Gyiyg no Gyakushuu | EarthBound,244
Tales of Berseria,243
IDOLiSH7 (Video Game),240
Star Wars Legends: Knights of the Old Republic II: The Sith Lords,239
灰色庭園 | Haiiro Teien | The Gray Garden,237
Cuphead (Video Game),235
The Legend of Zelda: Majora's Mask,230
Pocket Monsters: Omega Ruby & Alpha Sapphire | Pokemon Omega Ruby & Alpha Sapphire Versions,228
Nancy Drew (Video Games),227
Guild Wars 2 (Video Game),225
Mother 3,225
Pocket Monsters: Black 2 & White 2 | Pokemon Black 2 & White 2 Versions,221
Night In The Woods (Video Game),219
DmC: Devil May Cry,218
Elder Scrolls III: Morrowind,217
Rune Factory 4,215
Persona 2,214
Prototype (Video Games),214
Horizon: Zero Dawn (Video Game),213
Lightning Returns: Final Fantasy XIII,213
Metroid Series,210
Shin Megami Tensei: Digital Devil Saga,210
Splatoon,210
アイ チュウ | Ai Chuu (Video Game),208
The Sims (Video Games),207
Bully (Video Games),202
Samurai Warriors,202
Final Fantasy Type-0,199
Higurashi no Naku Koro ni | Higurashi When They Cry,199
英雄伝説 閃の軌跡 | The Legend of Heroes: Sen no kiseki (Video Games),196
Far Cry 4,195
Transistor (Video Game),195
Runescape,193
BlazBlue,192
Boyfriend to Death (Visual Novels),192
Dirge of Cerberus: Final Fantasy VII,191
Corpse Party (Video Game),190
Baldur's Gate,189
StarCraft,187
Rockman | Mega Man Classic,184
Ghost Trick: Phantom Detective,182
American McGee's Alice,179
Dept. Heaven Series,179
Injustice: Gods Among Us,178
The Wolf Among Us,177
Disgaea (Games),176
Thief (Video Games),176
inFAMOUS: Second Son,175
Umineko no Naku Koro ni | When the Seagulls Cry,172
Show By Rock!! - All Media Types,171
どうぶつの森 | Animal Crossing Series,170
Kirby (Video Games),168
Zero | Project Zero | Fatal Frame Series,166
Dead by Daylight (Video Game),165
Deus Ex: Mankind Divided,165
Shin Megami Tensei: Devil Survivor,165
Final Fantasy Tactics,161
Guilty Gear,159
Ratchet & Clank,158
The Legend of Zelda: The Wind Waker,154
Pillars of Eternity,154
Star Wars (Marvel Comics),154
End Roll (Video Game),153
大神 | Okami (Video Games),153
Fables - Willingham,152
Bayonetta (Video Games),151
真女神転生IV | Shin Megami Tensei IV,151
艦隊これくしょん | Kantai Collection,149
Legacy of Kain,148
Street Fighter,148
Togainu no Chi,147
古剑奇谭 | Gujian Qitan (Video Games),146
Suikoden III,145
Fire Emblem: Fuuin no Tsurugi | Fire Emblem: Binding Blade,144
My Candy Love,144
Dark Souls III,142
Seduce Me (Visual Novel),142
Fire Emblem: Seisen no Keifu | Fire Emblem: Genealogy of the Holy War,141
新・光神話 パルテナの鏡 | Kid Icarus: Uprising (Video Game),140
Fable 3 (Video Game),136
PAYDAY (Video Games),136
Pyre (Video Game),136
陰陽師 | Onmyoji (Video Game),134
Amnesia: The Dark Descent,133
Pocket Monsters: HeartGold & SoulSilver | Pokemon HeartGold & SoulSilver Versions,132
Yggdra Union,132
Мор. Утопия | Pathologic,130
Chrono Trigger,129
Star Fox Series,129
Gakuen Heaven - All Media Types,127
The Last Remnant,126
Suikoden II,126
Star Wars Legends: Legacy Era - All Media Types,125
文豪とアルケミスト | Bungou to Alchemist,124
Before Crisis: Final Fantasy VII,123
Doki Doki Literature Club! (Visual Novel),123
Neopets,122
The Legend of Zelda: A Link Between Worlds,118
Warcraft III,118
Xenoblade Chronicles X,118
L.A. Noire,117
The Legend of Zelda: Four Swords,117
Shin Megami Tensei: Nocturne,117
Bastion (Video Game),115
Dissidia Duodecim: Final Fantasy,115
Town of Salem (Video Game),115
Queen's Blade,113
Shall We Date?: Wizardess Heart+,113
Wakfu,111
Warframe,111
Tales of Symphonia: Dawn of the New World,110
.hack - All Media Types,109
悪魔城ドラキュラ 暁月の円舞曲 と 蒼月の十字架 | Castlevania: Aria of Sorrow & Dawn of Sorrow,108
Diablo III,108
Shin Megami Tensei: Devil Summoner,107
Elder Scrolls Online,106
Gears of War (Video Games),106
Oxenfree,106
Spyro,105
Star Ocean: The Second Story | Second Evolution,104
Animamundi Dark Alchemist,103
THE iDOLM@STER,103
スイートルームで悪戯なキス | Kissed By the Baddest Bidder,103
Hiveswap,102
Lamento -BEYOND THE VOID-,102
Digimon Story Series | Digimon World Series,101
Dota 2,101
Fate/EXTRA,101
Heavy Rain,101
Rockman.EXE | Mega Man Battle Network,100
Shadowrun,100
XCOM (Video Games) & Related Fandoms,100
Neverwinter Nights,99
天下統一恋の乱 | Sakura Amidst Chaos | Samurai Love Ballad (Visual Novel),99
Star Ocean: Till the End of Time,99
Drag-On Dragoon | Drakengard,98
Final Fantasy I,98
Heart no Kuni no Alice | Alice in the Country of Hearts,98
Hotline Miami (Video Games),98
神々の悪戯 | Kamigami no Asobi,98
Vagrant Story,97
悪魔城ドラキュラX 月下の夜想曲 | Castlevania: Symphony of the Night,95
Fire Emblem: Shin Ankoku Ryuu to Hikari no Ken | Fire Emblem: Shadow Dragon,94
BanG Dream! Girl's Band Party! (Video Game),92
Prince of Persia - All Media Types,92
Sly Cooper (Video Games),92
Soul Calibur,92
Crash Bandicoot (Video Games),89
Darksiders (Video Games),89
Hyperdimension Neptunia,89
Odin Sphere,89
Psychonauts,89
Layton Kyouju vs Gyakuten Saiban | Professor Layton vs. Phoenix Wright: Ace Attorney,87
Persona Q: Shadow of the Labyrinth,87
Pocket Mortys,87
DragonFable,86
Fire Emblem: Shin Monshou no Nazo | Fire Emblem: New Mystery of the Emblem,86
Half-Life,86
妖怪ウォッチ | Yo-Kai Watch,86
King of Fighters,85
Dead Space,83
Xenosaga,83
Mafia (Video Games),82
Game of Thrones (Video Game 2014),81
Hollywood U: Rising Star,80
Titanfall,80
Tom Clancy's Rainbow Six (Video Games),80
アトリエ | Atelier & Related Fandoms,79
Myst Series,79
1bitHeart (Video Game),78
Alien: Isolation (Video Game),78
Fable 2 (Video Game),78
MapleStory,78
Vampire: The Masquerade – Bloodlines (Video Game),78
Steins;Gate,77
Final Fantasy II,75
Marathon (Video Games),75
Middle-earth: Shadow of Mordor (Video Games),75
Mother 1 | EarthBound Zero | EarthBound Beginnings,75
Rayman (Video Games),75
Batman: The Telltale Series (Video Game),74
Diablo (Video Game),74
The Lord of the Rings Online,74
Skullgirls,74
Underworld Capital Incident (Video Game),74
Castlevania: Lords of Shadow,73
Final Fantasy V,73
Harvest Moon: Animal Parade,73
The Stanley Parable,73
Tron: Evolution,73
Suikoden I,72
Transformers: War for Cybertron,72
Etrian Odyssey Series,71
SOMA (Video Game),71
Hustle Cat,70
Valkyrie Profile Series,70
Army Of Two (Video Game),69
Legend of Spyro,69
Granblue Fantasy (Video Game),68
Sunless Sea,68
Monster Hunter (Video Games),67
The Order: 1886,67
Prince of Persia: The Sands of Time - All Media Types,67
アイカツ! アイドルカツドウ! | Aikatsu!,66
Notice Me Senpai! (Video Game),65
Super Mario Galaxy,65
Dragon Quest Series,64
真女神転生IV FINAL | Shin Megami Tensei IV: Apocalypse,64
蒼き雷霆 ガンヴォルト | Azure Striker Gunvolt,63
牧場物語つながる新天地 | Story of Seasons,63
Super Paper Mario (Game),63
Twitch Plays Pokemon (Let's Play),63
Dying Light (Video Game),62
Xenogears,62
Final Fantasy IV: The After Years,61
Layton Brothers: Mystery Room,61
LISA (Video Games),61
Midnight Cinderella (Video Game),61
Punch-Out!! (Video Games),60
Slender (Video Game),60
ねこあつめ | Neko Atsume: Kitty Collector,59
Pokemon Ranger,59
Blaze Union,58
Chrono Cross,58
Darkest Dungeon (Video Game),58
Digimon World Series,58
Eldarya (Video Game),58
Mario Kart (Video Games),58
Parasite Eve,58
Red Dead Redemption,58
Star Ocean: The Last Hope,58
Diablo II,56
Disgaea 4: A Promise Unforgotten,56
.hack//G.U.,56
HuniePop (Video Game),56
Katawa Shoujo,56
NiGHTS into Dreams,56
Persona | Revelations Persona,56
Radiant Historia,56
Amnesia (Game & Anime),55
Battleborn (Video Game),55
大逆転裁判 | Dai Gyakuten Saiban,55
Donkey Kong (Video Games),55
HetaOni,55
Oneshot (Video Game),55
Suikoden V,54
Yume Nikki | Dream Diary,54
Grand Theft Auto IV,53
恋してしまった星の王子 | Star-Crossed Myth,53
Dead or Alive (Video Games),52
Seven Kingdoms: The Princess Problem (Visual Novel),52
Wizard101,52
Zero: Shisei no Koe | Fatal Frame III: The Tormented,52
PaRappa the Rapper,51
Rockman Zero | Mega Man Zero,51
Shin Megami Tensei II,50
SMITE (Video Game),50
The Binding of Isaac (Video Game),49
Kiss x Kiss: Seirei Gakuen,49
Mario & Luigi RPG (Video Games),49
Mario Story | Paper Mario,49
Shadow of the Colossus,49
Spyro the Dragon (Video Games),49
Aveyond,48
Dragon's Dogma,48
Harvest Moon: Friends of Mineral Town,48
Lifeline (Video Game 2015),48
Long Live the Queen (Video Game),48
Baten Kaitos,47
Monkey Island,47
Pocket Monsters: Ultra Sun & Ultra Moon | Pokemon Ultra Sun & Ultra Moon Versions,47
殺戮の天使 | Satsuriku no Tenshi (Video Game),47
Super Mario Sunshine,47
BattleTech: MechWarrior,46
悪魔城ドラキュラ Castlevania | Castlevania: Lament of Innocence,46
Cookie Run (Video Game),46
Dance Central (Games),46
Final Fantasy III,46
Heroes of the Storm (Video Game),46
The Legend of Zelda: The Minish Cap,46
The Secret World,46
Defense of the Ancients | Dota,45
Kingdoms of Amalur,45
Vindictus,45
Where in the World Is Carmen Sandiego?,44
Brothers Conflict,43
Fallout 2,43
GrimGrimoire,43
剑侠情缘 | Jianxiaqingyuan | JX (Video Games),43
Journey (Video Game 2012),43
Metro 2033 & Related Fandoms,43
Star Trek Online,43
We Know the Devil (Visual Novel),43
Zero: Akai Chou | Fatal Frame II: Crimson Butterfly,43
Mirror's Edge,42
Panic Room: House of Secrets,42
To The Moon (Video Game),42
Back to the Future: The Game,41
Dark Souls I,41
FRAGILE さよなら月の廃墟 | Fragile Dreams: Farewell Ruins of the Moon,41
Gothic (Video Games),41
Heroes of Might and Magic (Video Games),41
Lux-Pain,41
El Shaddai: Ascension of the Metatron,41
Tales of Destiny,41
Caduceus | Trauma Center Series,40
Eternal Arcadia | Skies of Arcadia,40
.flow,40
Kiniro no Corda | La Corda d'Oro,40
英雄伝説VI 空の軌跡 | The Legend of Heroes: Sora no Kiseki (Video Games),40
Mad Father,40
Prey (Video Game 2017),40
Shin Megami Tensei,40
仙劍奇俠傳 | Xiānjiàn Qíxiá Zhuàn | The Legend of Sword and Fairy | Chinese Paladin - All Media Types,40
Dragon Quest VIII,39
Gravity Rush,39
Little Busters!,39
sweet pool,39
A3! (Video Game),38
Darkstalkers (Video Games),38
DC Universe Online,38
Mana Khemia: Alchemists of Al-Revis,38
Phantasy Star (Video Games),38
Ragnarok Online,38
Brave Frontier,37
Cartoon Network Universe: FusionFall,37
Mogeko Castle,37
Pikmin (Video Game),37
Starbound (Video Game),37
Tsukihime,37
Alan Wake (Video Game),36
Code:Realize ～創世の姫君～ | Code: Realize - Guardian of Rebirth (Visual Novel),36
Dark Souls II,36
God Eater (Video Games),36
Harvest Moon: A New Beginning,36
Paladins: Champions Of The Realm (Video Game),36
Pokemon Colosseum & XD,36
Quantum Break (Video Game),36
Skylanders - Fandom,36
Tales of Legendia,36
Tattered Weave (Video Game),36
Tron 2.0,36
Die Anstalt,35
Enderal (Video Game),35
Fatal Fury,35
黄金の太陽 開かれし封印 | Golden Sun,35
黄金の太陽 漆黒なる夜明け | Golden Sun: Dark Dawn,35
High School Story (Visual Novel),35
Hyper Light Drifter,35
The Legend of Dragoon,35
Magical Diary,35
Suikoden IV,35
Suikoden Tierkreis,35
Valkyrie Profile: Lenneth,35
F-Zero (Video Games),34
黄金の太陽 失われし時代 | Golden Sun: The Lost Age,34
Lollipop Chainsaw,34
Pocket Monsters: FireRed & LeafGreen | Pokemon FireRed & LeafGreen Versions,34
ARMS (Video Game),33
Cinders (Visual Novel),33
Corruption of Champions,33
Hollow Knight (Video Game),33
No More Heroes (Video Games),33
Sally Face (Video Games),33
閃乱カグラ | Senran Kagura,33
Afraid of Monsters & Cry of Fear,32
Aion (Video Game),32
Angry Birds - All Media Types,32
Breath of Fire Series (Video Games),32
Final Fantasy XI,32
Lost Odyssey,32
Mario & Sonic (Video Games),32
Warriors Orochi,32
Catherine (Video Game),31
The Darkness - All Media Types,31
Deadly Premonition | Red Seeds Profile,31
Den lengste reisen | The Longest Journey,31
Pokemon Fan Games,31
The Letter (Visual Novel),31
Zero | Fatal Frame,31
洞窟物語 | Cave Story,30
Clover no Kuni no Alice | Alice in the Country of Clover,30
Endless Summer (Visual Novel),30
Glitch (Video Game),30
The Legend of Zelda: Spirit Tracks,30
Nier Gestalt | Nier,30
Riviera: The Promised Land,30
Shin Megami Tensei: Devil Children,30
Virtual Hogwarts,30
City of Heroes,29
Club Penguin,29
Epic Mickey,29
Jet Set Radio,29
Luigi's Mansion (2001),29
Rune Factory 3: A Fantasy Harvest Moon,29
Cinderella Phenomenon (Visual Novel),28
The Last Guardian (Video Game),28
Puyo Puyo,28
Shadow Hearts,28
Terraria,28
Beyond: Two Souls,27
悪魔城ドラキュラ 闇の呪印 | Castlevania: Curse of Darkness,27
Dance with Devils (Video Game),27
Dead Rising,27
Doom (Video Games),27
Infinite Undiscovery,27
King's Quest (Video Games),27
S.T.A.L.K.E.R. (Video Games),27
SCP - Containment Breach,27
Story of Seasons: Trio of Towns,27
Brütal Legend,26
王者荣耀 | King of Glory (Video Game),26
The Legend of Zelda: Phantom Hourglass,26
LiEat (Video Games),26
Nuclear Throne (Video Game),26
Poison Pink | Eternal Poison,26
Star Wars Legends: Force Unleashed - All Media Types,26
Tales of Phantasia,26
Warcraft II,26
Black Rock Shooter - All Media Types,25
新・世界樹の迷宮2 ファフニールの騎士 | Etrian Odyssey Untold 2: The Fafnir Knight,25
Fran Bow (Video Game),25
Gaia Online,25
英雄伝説 VII | The Legend of Heroes VII (Video Games),25
Little Nightmares (Video Game),25
Starshine Legacy (Video Games),25
Thief (Video Game Original Series),25
Ar tonelico,24
幕末Rock | Bakumatsu Rock - All Media Types,24
End of Eternity | Resonance of Fate,24
零 濡鴉ノ巫女 | Fatal Frame: Maiden of Black Water,24
Fire Emblem 外伝 | Fire Emblem Gaiden,24
Harvest Moon: A Wonderful Life,24
ICO (Video Game),24
Jade Empire,24
The Legend of Zelda: Link's Awakening,24
Rule of Rose,24
Rune Factory 2: A Fantasy Harvest Moon,24
Valkyrie Profile 2: Silmeria,24
Disgaea: Hour of Darkness,23
Donkey Kong Country,23
Dragon Age: The Last Court,23
Harvest Moon: The Tale of Two Towns,23
Jet Set Radio Future,23
Labyrinths of Astoria (Visual Novel),23
Marvel vs. Capcom (Video Game),23
Paper Mario: The Thousand Year Door,23
Senjou no Valkyria | Valkyria Chronicles,23
Shovel Knight,23
Sword & Sworcery EP,23
王子様のプロポーズ | Be My Princess (Visual Novel),22
悪魔城伝説 | Castlevania lll: Dracula's Curse,22
Hello Neighbor (Video Game),22
Hotel Dusk,22
Invisible Inc. (Video Game),22
Plants vs Zombies,22
Stella Glow,22
スーパーロボット大戦 | Super Robot Wars,22
Warcraft: Orcs & Humans,22
Banjo-Kazooie Series,21
F.E.A.R. (Video Games),21
FTL: Faster Than Light (Video Game),21
Geneforge,21
Harvest Moon: Back To Nature,21
The Last Story,21
Luigi's Mansion: Dark Moon,21
Magna Carta: Tears of Blood,21
Majo no Ie | The Witch's House,21
Prince of Persia (Video Game 2008),21
ドSに恋して | Several Shades of Sadism (Video Game),21
Shadowrun: Hong Kong,21
Super Mario RPG: Legend of the Seven Stars,21
Thief (Video Game 2014),21
イース | Ys,21
Ace Combat,20
Alice Mare,20
Analogue: A Hate Story/Hate Plus (Visual Novel series),20
Bloody Roar,20
Castlevania: Mirror of Fate,20
Demon's Souls,20
Disgaea 3: Absence of Justice,20
Disgaea 5: Alliance of Vengeance,20
Firewatch (Video Game),20
Kichiku Megane,20
The Legend of Zelda: A Link to the Past,20
Nameless: The one thing you must recall,20
Pokemon + Nobunaga no Yabou | Pokemon Conquest,20
Rockman ZX | Mega Man ZX,20
Toontown Online,20
Um Jammer Lammy,20
Butterfly Soup (Visual Novel),19
Champions Online,19
Enzai: Falsely Accused,19
Freelancer,19
霧雨が降る森 | Kirisame ga furu mori | Forest of Drizzling Rain,19
Knights in the Nightmare,19
LEGO Harry Potter (Video Games),19
Magna Carta 2,19
魔女と百騎兵 | Majo to hyakkihei | The Witch and the Hundred Knight,19
Monument Valley (Video Game),19
Phantom of Inferno (Video Game),19
Slender: The Eight Pages,19
Star Control (Video Games),19
Strange Men (Video Games),19
Super Mario 3D World,19
Uncommon Time (Video Game),19
アーランドのアトリエ | Atelier: Arland Series (Video Games),18
Contact - Ambiguous Fandom,18
Final Fantasy Tactics Advance,18
Grim Fandango,18
ジョーカーの国のアリス | Joker no Kuni no Alice | Alice in the Country of Joker,18
Zelda II: The Adventure of Link,18
Radiata Stories,18
リズム怪盗R | Rhythm Thief & the Emperor’s Treasure,18
Shantae,18
Shin Megami Tensei: Strange Journey,18
The Technomancer (Video Game),18
Breath of Fire III,17
The Crown & the Flame (Visual Novels),17
Dragon Nest (Video Game),17
Epic Battle Fantasy,17
Fantasy Life (Video Game),17
For Honor (Video Game),17
Guild Wars (Video Game),17
Loren the Amazon Princess,17
Rune Factory: Tides of Destiny,17
The Sexy Brutale (Video Game),17
Tetris,17
黄昏のアトリエ | Atelier: Dusk Series (Video Games),16
A Dark Room (Video Game),16
The Darkness (Games),16
Demento | Haunting Ground,16
Disciples (Video Games),16
EVE Online,16
Final Fantasy Crystal Chronicles,16
Fire Emblem: Thracia 776,16
Flappy Bird (Video Game),16
Friday the 13th: The Game (Video Game),16
Gabriel Knight,16
Harvest Moon: Island of Happiness,16
梦间集 | Mèng Jiān Jí (Visual Novel),16
Oregon Trail (Video Game),16
The Path (Video Game),16
The Royal Romance (Visual Novel),16
Super Mario Odyssey (Video Game),16
Ascension (Visual Novel),15
Band Yarouze!,15
City of Love: Paris (Visual Novel),15
Civilization (Video Games),15
Digimon Wonderswan Series,15
Final Fantasy XII: Revenant Wings,15
Grand Theft Auto: The Ballad of Gay Tony,15
Gungnir: Inferno of the Demon Lance and the War of Heroes,15
Heroes Rise,15
イケメン戦国 時をかける恋 | Ikemen Sengoku: Toki o Kakeru Koi (Visual Novel),15
Knock-Knock (Video Game),15
Multi-User Dungeon Games,15
Planescape: Torment,15
Presentable Liberty,15
Remember Me (Video Game),15
リズム天国 | Rhythm Heaven (Video Games),15
Syberia,15
TERA (Video Game),15
Trusty Bell: Chopin no Yume | Eternal Sonata,15
Tyranny (Video Game),15
Zero: Tsukihami no Kamen | Fatal Frame IV: Mask of the Lunar Eclipse,15
Dark Cloud (Video Games),14
Disgaea 2: Cursed Memories,14
新・世界樹の迷宮 ミレニアムの少女 | Etrian Odyssey Untold: The Millennium Girl,14
Gunpoint (Video Game),14
Harvest Moon: Tree of Tranquility,14
Hitman (Video Games),14
Lost Dimension (Video Game),14
Metal Slug (Video Games),14
Overlord (Triumph Video Games),14
Pac-Man (Video Games),14
Papers Please (Video Game),14
プリティーリズム | Pretty Rhythm,14
Shall We Date?: Guard Me Sherlock!+,14
Tokimeki Memorial Girl's Side,14
Urban Dead,14
Vainglory (Video Game),14
Wild ARMs,14
The Witch's House,14
Advance Wars,13
AdventureQuest Worlds,13
Another World | Out of this World (Video Game),13
Ape Escape (Video Game),13
バトルガール ハイスクール | Battle Girl High School (Video Game),13
BeamNG.drive (Video Game),13
Castlevania 白夜の協奏曲 | Castlevania: Harmony of Dissonance,13
Child of Light (Video Game),13
Crysis Series (Video Games),13
Dark Savior,13
Evolve (Video Game),13
Final Fantasy Tactics A2: Grimoire of the Rift,13
Final Fantasy: Brave Exvius,13
그랜드체이스 | Grand Chase (Video Game),13
Harvest Moon DS Cute,13
Harvest Moon: Magical Melody,13
Max Payne - All Media Types,13
MediEvil (Video Games),13
Mystery Case Files (Video Games),13
Seven Knights (Video Game),13
Sid Meier's Alpha Centauri,13
Spellstorm (Video Game),13
SSX Tricky,13
World of Tanks,13
Agents of Mayhem (Video Game),12
Arc the Lad: Twilight of the Spirits,12
Blood (Video Game),12
Breath of Fire IV,12
Chain Chronicle (Video Game),12
Crypt of the NecroDancer,12
Divinity: Original Sin (Video Games),12
Evoland (Video Games),12
FolksSoul | Folklore,12
The Freshman & The Sophomore (Visual Novels),12
Gone Home,12
Hitman: Absolution,12
Lunar (Video Games),12
Mabinogi (Video Game),12
Mario Tennis (Video Games),12
Misao (Video Game),12
誓いのキスは突然に | My Forged Wedding (Visual Novel),12
Need for Speed (Video Games),12
No Man's Sky (Video Game),12
ボクと魔王 | Okage: Shadow King,12
上司と秘密の2LDK | Our Two Bedroom Story,12
Puzzle & Dragons (Video Game),12
School Days (Visual Novel & Related Media),12
Seiken Densetsu 2 | Secret of Mana,12
Shall we date?: Ninja Love+,12
Super Mario 64,12
スーパーロボット大戦OG Original Generations | Super Robot Wars OG: Original Generations,12
WildStar (Video Game),12
WWE Immortals (Video Game),12
Yume 2kki,12
Ayakashi: Ghost Guild,11
ボンバーマン | Bomberman - All Media Types,11
Dandelion: Wishes Brought to You (Video Game),11
Dungeons & Dragons Online,11
Etrian Odyssey IV: Legends of the Titan,11
Fire Emblem Musou | Fire Emblem Warriors,11
Ghostbusters (Video Game),11
Grand Theft Auto: Vice City,11
Harvest Moon: Sunshine Islands,11
Hello Charlotte (Video Game),11
The Hobbit (Video Games),11
怪盗Ｘ恋の予告状 | Kaitou X Koi no Yokokujou | Love Letter from Thief X,11
塊魂 | Katamari Damacy,11
LEGO Star Wars - All Media Types,11
ラッキードッグ1 | Lucky Dog 1 (Visual Novel),11
Mad Max (Video Game 2015),11
Minesweeper,11
Moemon,11
Paragon (Video Game),11
SaGa Frontier,11
Shall We Date?: Destiny Ninja,11
Star Stealing Prince,11
System Shock (Video Games),11
トモダチコレクション 新生活 | Tomodachi Life,11
Unlight (Video Game),11
7th Dragon (Video Game),10
Aura Kingdom (Video Game),10
BattleBlock Theater,10
블레이드 앤 소울 | Blade and Soul (Video Game),10
Breath of Fire II,10
Chzo Mythos,10
Criminal Case (Video Game),10
Deemo (Video Games),10
Dofus (Video Game),10
Dwarf Fortress,10
ef - a fairy tale of the two.,10
God of War,10
Gods Will Be Watching,10
Lineage 2,10
A Little Lily Princess (Visual Novel),10
Mars: War Logs,10
Masquerada: Songs and Shadows (Video Game),10
Mount & Blade (Video Game),10
Namco High,10
Neverwinter (Video Game),10
Ni no Kuni,10
屋上の百合霊さん | Okujou no Yurirei-san | Kindred Spirits on the Roof,10
Pirate101 (Video Game),10
Pop'n Music (Game),10
Robot Unicorn Attack,10
Spec Ops: The Line,10
Splinter Cell (Video Games),10
Subnautica (Video Game),10
Tales of Innocence,10
Temple Run,10
This War of Mine (Video Game),10
Wii Fit (Video Game),10
80 Days (Video Game 2014),9
Alpha Protocol,9
ARK: Survival Evolved,9
Armored Core (Video Games),9
Command & Conquer (Video Games),9
Cookie Clicker,9
Cytus (Video Game),9
Death Stranding (Video Games),9
Elder Scrolls II: Daggerfall,9
Enslaved: Odyssey to the West,9
Fallout 1,9
Garou: Mark of the Wolves,9
Genei Ibun Roku #FE | Tokyo Mirage Sessions #FE,9
Gloria Union,9
Ice Climber,9
Ingress (Video Game),9
The Legend of Zelda: Oracle of Ages,9
Love & Legends (Visual Novel),9
MechQuest (Video Game),9
Mighty No. 9 (Video Game),9
Miitopia (Video Game),9
Monster Girl Quest,9
Myself; Yourself,9
Nicktoons (Video Games),9
Owlboy (Video Game),9
Princess Maker 2,9
Roblox (Video Game),9
サクラ大戦 | Sakura Taisen | Sakura Wars,9
Shall We Date?: THE NIFLHEIM+,9
Slender: The Arrival,9
Summon Night (Video Games),9
Tattletail (Video Game),9
Ultima (Video Games),9
Accel World,8
Animal Jam (Video Game),8
Arcana Heart (Video Games),8
Blackwell Series (Video Games),8
ボクらの太陽 | Bokura no Taiyou | Boktai,8
Captain Toad: Treasure Tracker,8
悪魔城ドラキュラ 奪われた刻印 | Castlevania: Order of Ecclesia,8
회색도시 | City of Mist (Visual Novels),8
Deponia (Video Games),8
Elder Scrolls I: Arena,8
Freedom Planet (Video Game),8
Grand Theft Auto: San Andreas,8
Harukanaru Toki no Naka de | Within the Expanse of a Distant Time,8
Harvest Moon: Grand Bazaar,8
Homeworld,8
LEGO The Lord of the Rings,8
Liar Liar (Visual Novels) & Related Fandoms,8
The Long Dark (Video Game),8
漏れなつ。 | Morenatsu.,8
マブラヴ | Muv-Luv,8
ObsCure (Video Games),8
Ozmafia!! (Visual Novel),8
Penumbra (Video Games),8
Perfect World (Video Game),8
Project DIVA (Video Games),8
Quest for Glory,8
Rockman DASH Series | Mega Man Legends,8
Rules of Engagement (Visual Novel),8
Rune Factory Frontier,8
Seiken Densetsu: Legend of Mana,8
Shadowrun: Dragonfall,8
Shining Force (Video Games),8
Soul Nomad,8
Spectrobes,8
Star Wars: Battlefront (Video Games),8
Starry Sky (Visual Novels) & Related Fandoms,8
Tom Clancy's The Division,8
討鬼伝 | Toukiden (Video Games),8
Тургор | The Void,8
World of Final Fantasy (Video Game 2016),8
夢色キャスト | Yumeiro Cast (Video Game),8
AbalaBurn,7
Animal Crossing: Pocket Camp (Video Game),7
Ao Oni,7
アルノサージュ ~生まれいずる星へ祈る詩~ | Ar nosurge: Ode to an Unborn Star,7
王子様のプロポーズ Season 2 | Be My Princess 2 (Visual Novel),7
碧蓝航线 | Bilan Hangxian (Video Game),7
BloodRayne (Video Games),7
Blue Dragon (Video Game),7
Bonanza Bros.,7
Breath of Fire,7
Breeding Season (Video Game),7
Castle Crashers (Video Game),7
悪魔城ドラキュラ ギャラリー・オブ・ラビリンス | Castlevania: Portrait of Ruin,7
クレヨンしんちゃん | Crayon Shin-chan - All Media Types,7
Date or Die (Video Game),7
DayZ,7
Dead Island,7
Dragon Quest IX,7
Endless Ocean (Video Games),7
fault (Visual Novels),7
Final Fantasy Agito,7
Freedom Wars (Video Game),7
Grandia,7
Grandia II,7
Highway Blossoms (Visual Novel),7
Kaijudo,7
Kentucky Route Zero,7
Killer Instinct (Video Games),7
Kim Kardashian: Hollywood,7
金田一少年の事件簿 | Kindaichi Shounen no Jikenbo | Kindaichi Case Files - All Media Types,7
Kisses & Curses (Video Game),7
The Last Door,7
The Legend of Zelda: Oracle of Seasons,7
流星のロックマン | Mega Man Star Force,7
Niche (Video Game),7
忍者龍剣伝 | Ninja Gaiden (Video Games),7
御靈錄Otogi | Otogi: Spirit Agents,7
Papa Louie (Video Games),7
Phantasy Star Online 2,7
Phantom Brave,7
Psychic Force,7
Room No. 9 (Visual Novel),7
Roommates (Video Game),7
Royal Blood | Gemfire,7
Rune Factory 1: A Fantasy Harvest Moon,7
王子様甘い楽園 | Shall We Date?: My Sweet Prince+,7
Shin Megami Tensei IMAGINE,7
Sono Hanabira ni Kuchizuke o,7
Submachine,7
Syndicate (Video Game 2012),7
Tales of Hearts,7
Tales of the Rays (Video Game),7
Tantei Opera Milky Holmes,7
Valkyrie Profile: Covenant of the Plume,7
Wild ARMs 3,7
The Wonderful 101,7
Abzû (Video Game),6
アルカナ・ファミリア | Arcana Famiglia,6
Avalon Code,6
バクダン★ハンダン | Bakudan Handan | Sweet Fuse: At Your Side,6
Betrayal in Antara,6
The Cat Lady (Video Game),6
Clock Tower (Video Game 1995),6
Collar x Malice (Visual Novel),6
Crystal Story 2 (Video Game),6
Cute Demon Crashers!,6
Dragon Quest IV,6
Dust: An Elysian Tail,6
Ecco the Dolphin (Video Games),6
Elite: Dangerous,6
Era of Samurai: Code of Love (Video Game),6
Бесконечное лето | Everlasting Summer (Visual Novel),6
Eversion,6
ミノニヨクシティ | Farethere City (Video Game),6
ファイナルファンタジー レジェンズ 光と闇の戦士 | Final Fantasy Dimensions,6
Final Fight (Video Game),6
青鳥の虛像 Fullmetal Alchemist | Fullmetal Alchemist: Bluebird's Illusion,6
Galerians,6
Gensou Suikogaiden,6
ガールフレンド (仮) | Girlfriend (Kari) | Girlfriend BETA (Video Game),6
Grand Theft Auto III,6
Grand Theft Auto IV: The Lost and Damned,6
INSIDE (Video Game),6
The Legend of Zelda: Triforce Heroes,6
LEGO Dimensions,6
Lobotomy Corporation (Video Game),6
Manhunt (Video Games),6
Mario Superstar Baseball (Video Games),6
Moebius: Empire Rising,6
Murdered: Soul Suspect,6
Phantasy Star II,6
Prince of Persia: The Sands of Time (Video Games),6
Read Only Memories (Video Game),6
The Reconstruction (Video Game),6
沙耶の唄 | Saya no Uta,6
Shall We Date?: Blood in Roses+,6
Skylanders: Giants,6
Super Mario World 2: Yoshi's Island,6
Tactics Ogre (Video Games),6
Tales of Rebirth,6
Till Death Do Us Part (Visual Novel),6
Transformice,6
Utawarerumono | The One Being Sung,6
VA-11 HALL-A (Video Game),6
The Walk (Game),6
Warioware,6
Wing Commander - All Media Types,6
Amnesia: A Machine for Pigs,5
Ancient Anguish,5
And The Sun Went Out (Visual Novel),5
Appleseed - 士郎正宗 | Appleseed - Shirow Masamune,5
Arcanum: Of Steamworks and Magick Obscura,5
ArcheAge,5
Aviator (Video Game),5
Black Wolves Saga,5
ドラキュラII: 呪いの封印 | Castlevania II: Simon's Quest,5
Caves of Qud (Video Game),5
Cocktail Prince (Visual Novel),5
Conker's Bad Fur Day,5
Dance Dance Revolution,5
Dewprism | Threads of Fate,5
Duke Nukem (Video Game),5
Elite Beat Agents,5
Emerald City Confidential (Video Game),5
Enchanted Arms,5
エストポリス伝記II | Lufia II: Rise of the Sinistrals,5
Etrian Odyssey II: Heroes of Lagaard,5
EverQuest,5
Facade (Video Game),5
Final Fantasy Record Keeper,5
Furi (Video Game),5
Garry's Mod,5
SD Gundam G Generation Series (Video Games),5
Icewind Dale II,5
Jazzpunk (Video Game),5
하루만 | Just One Day (Visual Novel),5
Kerbal Space Program,5
Killzone (Video Games),5
恋姫†無双 | Koihime Musou,5
LEGO Batman (Video Games),5
LEGO Marvel (Video Games),5
LIMBO (Video Game),5
Loom,5
Mario Party (Video Games),5
Monaco: What's Yours Is Mine,5
うまのプリンスさま | My Horse Prince (Visual Novel),5
Nintendogs,5
NIOH (Video Game),5
No Thank You!!! (Visual Novel),5
Obduction (Video Game),5
Onimusha,5
Ori and the Blind Forest,5
Pepsiman (Video Game),5
Perfect Dark,5
Phantasy Star IV,5
PLAYERUNKNOWN'S BATTLEGROUNDS (Video Game),5
プリパラ | PriPara | Prism Paradise,5
Project X Zone,5
Recettear: An Item Shop's Tale,5
眠らぬ街のシンデレラ | Seduced in the Sleepless City (Visual Novel),5
Sega Superstars (Video Games),5
戦刻ナイトブラッド | Sengoku Night Blood (Visual Novel),5
Sleeping Dogs (Video Games),5
Slime Rancher (Video Game),5
Slither.io (Video Game),5
Space Quest (Video Games),5
Stellaris (Video Game),5
StreetPass Quest | Find Mii,5
Subway Surfers,5
Tales of the World: Radiant Mythology,5
Thomas Was Alone,5
Virtua Fighter Series,5
VVVVVV,5
The Walking Dead: Survival Instinct (Video Game),5
WWE 2K (Video Games),5
Zenonia,5
Zork (Video Games),5
教師たちの秘密の放課後 | After School Affairs (Video Game),4
Arc Rise Fantasia,4
Armello (Video Game),4
Battlefield (Video Games),4
Beyond Good and Evil,4
Black & White (Lionhead Video Game),4
Black Survival (Video Game),4
Broken Age (Video Game),4
ドラキュラ伝説 | Castlevania: The Adventure,4
Chaos Rings (Video Games),4
Chaos;Head - All Media Types,4
Chip's Challenge (Video Games),4
The Chronicles of Riddick: Assault on Dark Athena,4
Counter-Strike (Video Games),4
Dante's Inferno (Video Game),4
Defender of Texel (Video Game),4
イケメン幕末 運命の恋 | Destined to Love: Ikemen Samurai Romances (Visual Novel),4
古代王者恐竜キング | Dinosaur King,4
Dragon Quest V,4
Dragon's Crown (Video Game),4
Ensemble Girls! (Video Game),4
Eternal Darkness: Sanity's Requiem,4
Etrian Odyssey III: The Drowned City,4
Fantasy War Tactics (Video Game),4
Far Cry Primal,4
ファタモルガーナの館 | Fata Morgana no Yakata | The House in Fata Morgana (Video Game),4
FIFA (Video Games),4
Galaxy Angel,4
Guitar Hero,4
Gynoug | Wings of Wor,4
裸執事 | Hadaka Shitsuji,4
牧場物語2 | Harvest Moon 64,4
Harvest Moon: Save the Homeland,4
Hidden Agenda (Video Game 2017),4
Icewind Dale,4
女王蜂の王房 | Jooubachi no Oubou (Visual Novel),4
Just Cause (Video Games),4
Killer7,4
King's Raid (Video Game),4
Kingdom of Loathing,4
Klonoa (Games),4
La-Mulana,4
Lithmeria: The Endless Siege,4
Love Nikki Dress Up Queen,4
Lucius (Video Game) - Fandom,4
The Mark of Oxin (Video Game),4
The Matrix Online,4
Me (Video Game),4
特別捜査密着24時 | Metro PD: Close to You,4
Mobius Final Fantasy,4
Monster Rancher,4
Mugen Kouro | Infinite Space,4
Mystic Destinies: Serendipity of Aeons (Video Game),4
Nethack (Video Game),4
忍たま乱太郎 | Nintama Rantarou,4
Norn9,4
One Hundred Percent Orange Juice,4
Osu! (Video Game),4
Party Hard (Video Game),4
Plague Inc. (Video Game),4
Pocket Mirror (Video Game),4
Poptropica (Video Game),4
Princess Debut,4
Project Zomboid (Video Game),4
Ragnarok (Manhwa),4
Raving Rabbids,4
Return to Castle Wolfenstein (Video Game),4
Rift (Video Game),4
Robotics;Notes,4
Rogue Galaxy,4
The Royal Trap,4
さくら荘のペットな彼女 | Sakurasou no pet na kanojo | The Pet Girl of Sakurasou,4
Scandal in the Spotlight (Video Game),4
Seiken Densetsu 3,4
Shadow of Memories | Shadow of Destiny,4
Shall We Date?: Love Tangle,4
Shall We Date?: Mononoke Kiss,4
神学校 -Noli me tangere- | Shingakkou -Noli me Tangere-,4
Skyborn (Video Game),4
Skylanders: Spyro's Adventure,4
Solitaire,4
Space Funeral,4
Spore (Video Game),4
Twisted Metal (Video Games),4
Viva Piñata,4
Wario Land (Video Games),4
We Happy Few (Video Game),4
West of Loathing (Video Game),4
WET (Video Game),4
What Remains of Edith Finch (Video Game),4
Winterbells,4
World Destruction | Sands of Destruction - All Media Types,4
World's Dawn (Video Game),4
10 Billion Wives (Video Game),3
AdventureQuest,3
Alice is Dead (Video Game),3
Alicia Online (Video Game),3
Amazing World (Video Game),3
Angel's Feather,3
Angels with Scaly Wings (Visual Novel),3
APB: All Points Bulletin (Video Games),3
ARTEKAO (Visual Novel),3
Asura's Wrath,3
Atelier Iris 2: The Azoth of Destiny,3
Atelier Iris: Eternal Mana,3
Autumn's Journey (Visual Novel),3
Awesomenauts (Video Game),3
The Banner Saga (Video Games),3
Barkley Shut Up and Jam: Gaiden,3
The Bouncer (Video Game),3
Bound By Flame,3
Brave Story - All Media Types,3
Breath of Fire: Dragon Quarter,3
Brigandine,3
Bust a Groove (Video Games),3
CAGE Series (Visual Novels),3
Chaos Legion (Video Game),3
The Chronicles of Riddick: Escape from Butcher Bay,3
Clock Tower 3,3
Conan Exiles (Video Game),3
Contact (Video Game),3
クッキング ママ | Cooking Mama,3
Crimson Skies,3
Croc (Video Games),3
Crusader Kings 2 (Video Game),3
Crusader of Centy (Video Game),3
Cupid (Visual Novel),3
Custom Robo (Video Games),3
Dana Knightstone Series (Video Games),3
Dandy Shot | Pub Encounter: Forbidden Romance (Visual Novel),3
Dark Parables (Video Games),3
Dear Esther (Video Game),3
Demi Lovato: Path to Fame,3
Demonophobia,3
Destroy All Humans! (Video Game),3
Die2Nite,3
The Dig (Video Game),3
Dirty Bomb (Video Game),3
Divine Gate (Video Game),3
ダウト～嘘つきオトコは誰？～ | Doubt ~Usotsuki Otoko wa Dare?~ | Liar! Uncover the Truth (Visual Novel),3
Dragon Force (Video Game),3
Dungeon Fighter Online (Video Game),3
Edna & Harvey (Video Games),3
ELEX (Video Game),3
今宵妖しい口づけを | Enchanted in the Moonlight (Visual Novel),3
Eternal Champions (Video Games),3
Exile | Avernum,3
A Foretold Affair (Visual Novel),3
Game of Dice (Video Game),3
Gauntlet Dark Legacy,3
Genji (Video Games),3
擬人カレシ | Gijin Kareshi | Animal Boyfriend,3
God Hand (Video Games),3
Guardians of the Galaxy: The Telltale Series (Video Game),3
Halloween Otome,3
Harvest Moon: Skytree Village,3
A Hat in Time (Video Game),3
Hatred (Video Game),3
悪魔城ドラキュラ | Haunted Castle,3
Heart's Medicine (Video Games),3
Heavenly Sword,3
Hellblade: Senua's Sacrifice (Video Game),3
恋人は公安刑事 | Her Love in the Force (Visual Novel),3
The House of the Dead (Video Games),3
Hylics (Video Game),3
Iji (Video Game),3
今夜アナタと眠りたい | In Your Arms Tonight (Visual Novel),3
Juniper's Knot,3
Just Dance (Video Games),3
Kindergarten (Video Game 2017),3
Kittens Game (Video Game),3
恋に落ちた海賊王 | Koi ni Ochita Kaizokuou | Pirates in Love,3
Lads in Distress (Video Game),3
Ladykiller In a Bind,3
Lands of Lore,3
魔神少女 | The Legend of Dark Witch (Video Game),3
私立ジャスティス学園 LEGION OF HEROES | Rival Schools: United By Fate,3
LEGO The Hobbit,3
鏈縁 | Len'en (Video Games),3
Lethal League (Video Game),3
Lioden (Video Game),3
LittleBigPlanet,3
The Lord of the Rings: War in the North (Video Game),3
Luminous Arc,3
魔導物語 | Madou Monogatari Series (Video Games),3
Magical Vacation (Video Games),3
MARGINAL#4,3
Master of Orion (Video Games),3
恋人は専属SP | My Sweet Bodyguard,3
Nexus Clash,3
Oddworld,3
Organ Trail,3
Pandemic (Video Game),3
검은방 | Panic Room (Video Game),3
Phantasy Star Universe,3
PlayStation All-Stars Battle Royale,3
Pokemon: Magikarp Jump (Video Game),3
Poker Night 2,3
Poker Night at the Inventory (Video Game),3
Primal (Video Game),3
Prince of Stride (Video Game),3
Project Octopath Traveler (Video Game),3
Quake (Video Game),3
Radical Dreamers,3
Re:Kinder,3
Romancing SaGa 2 (Video Game),3
Ryuuko no Ken | Art of Fighting (Video Games),3
Samurai Spirits | Samurai Shodown (Video Games),3
Shall We Date?: Ninja Shadow,3
Shantae (Video Games),3
Shelter 2 (Video Game),3
Shenmue,3
Shin Megami Tensei: Devil Summoner: Soul Hackers,3
Shin Megami Tensei: if...,3
Sim City,3
Siren (Video Games),3
Skylanders: Swap Force,3
Solatorobo: Red the Hunter,3
Space Invaders,3
Spiral Knights,3
Spooky's Jump Scare Mansion,3
Star Academy (Video Games),3
SteamWorld Heist,3
StreetPass Garden | Flower Town,3
StreetPass Squad | Mii Force,3
Summoners War (Video Game),3
Sunset Overdrive (Video Game),3
Super Mario 3D Land (Video Game),3
Superhero City (Facebook Game),3
Tacoma (Video Game),3
対魔忍アサギ～決戦アリーナ～ | Taimanin Asagi Kessen Arena,3
Tales of Link (Video Game),3
The Talos Principle (Video Game),3
探検ドリランド | Tanken Driland | Driland,3
天誅 | Tenchu (Video Games),3
therezia.. -Dear Emile-,3
Time Crisis (Video Games),3
東京放課後サモナーズ | Tokyo Afterschool Summoners | Housamo,3
Tom Clancy's Ghost Recon,3
Tooth and Tail (Video Game),3
Torchlight (Video Game),3
Towergirls (Video Game),3
Ty the Tasmanian Tiger (Video Games),3
The Uncle Who Works for Nintendo (Visual Novel),3
Unreal (Video Games),3
Vib-Ribbon,3
Viewtiful Joe (Video Game),3
The Walking Dead: Road To Survival (Video Game),3
Welcome to the Game (Video Game),3
화이트데이 | White Day (Video Game),3
白騎士物語 | White Knight Chronicles,3
Wild ARMs Altercode: F,3
Wolfenstein: The New Order,3
Yanderella (Video Game),3
Yosuga no Sora,3
Ys Origin (Video Game),3
Zero Wing,3
Zill O'll (Video Games),3
Zone of the Enders Series,3
60 Seconds! (Video Game),2
Aliens: Colonial Marines (Video Game),2
Amber heart: Secrets of Cannaregio,2
Among the Sleep (Video Game),2
Another Code: Two Memories | Trace Memory,2
April Was a Fool (Video Game),2
Arena of Valor (Video Game),2
Arm Joe,2
Army Men (Video Games),2
Asteroids,2
Atelier Iris 3: Grand Phantasm,2
Axiom Verge (Video Game),2
Azure Dreams,2
Backyard Sports (Video Games),2
Bad Boys Do It Better! (Visual Novel),2
Baroque (Video Games),2
闘神伝 | Battle Arena Toshinden,2
The Battle for Wesnoth (Video Game),2
The Beginner's Guide (Video Game),2
Big Rigs: Over the Road Racing (Video Game),2
Black Closet (Video Game),2
Black Crown Project,2
Bladestorm: The Hundred Years' War,2
Bloodmasque (Video Game),2
Bloons Tower Defence,2
Bounen no Xam'd | Xam'd: Lost Memories,2
ブレイヴフェンサー 武蔵伝 | Brave Fencer Musashi,2
超絶倫人 ベラボーマン | Bravoman - All Media Types,2
Brink (Video Game),2
Brothers: A Tale of Two Sons (Video Game),2
Bubsy (Video Games),2
Capella's Promise (Video Game),2
Captain Commando (Video Game),2
Эврика! | Cargo! The Quest for Gravity,2
Castlevania: Harmony of Despair,2
Cause of Death (Video Game),2
Choices: Hero (Visual Novel),2
Choices: Most Wanted (Visual Novel),2
City of Hunger (Video Game),2
Code Name: S.T.E.A.M.,2
Colossal Cave Adventure,2
Comic Party,2
Coming Out On Top (Visual Novel),2
Company of Heroes (Video Games),2
Creatures (Video Games),2
Cthulhu Saves the World,2
D4: Dark Dreams Don't Die,2
Dark Sector,2
DarkStar One (Video Game),2
Deadbolt (Video Game),2
Death Road to Canada,2
Desert Nightmare,2
데빌메이커: 도쿄 | Devilmaker: Tokyo,2
ダイヤの国のアリス | Diamond no Kuni no Alice | Alice in the Country of Diamonds,2
Divinity: Dragon Commander (Video Game),2
ドクターロートレックと忘却の騎士団 | Doctor Lautrec and the Forgotten Knights,2
The Dog Island,2
ダウト～オフィスは男女の嘘だらけ～ | Doubt ~Ofisu wa Danjo no Uso Darake~ | Liar! Office Deception (Visual Novel),2
Downfall (Video Games),2
Dragon Quest I,2
Dragon Quest II,2
Dragon Quest III,2
Dragon Rage (Video Game),2
Dragon's Lair (Video Games),2
DragonVale (Video Game),2
Drakan,2
星彼Days -ホシカレ- | Dream Boyfriend: Astral Days (Video Game),2
Dreaming Mary (Video Game),2
Dungeon Crawl Stone Soup,2
Eden Eternal (Video Game),2
Emily is Away (Video Game),2
Equideow | Howrse (Video Game),2
Escape Velocity (Video Games),2
Expeditions: Viking (Video Game),2
Extracurricular Activities (Visual Novel),2
Fading Hearts (Visual Novel),2
Fallout: Brotherhood of Steel,2
Fantasy Zone,2
Far Cry 2,2
Farmville,2
Fausts Alptraum (Video Game),2
聖剣伝説 | Final Fantasy Adventure,2
Final Fantasy Mystic Quest,2
Final Fantasy: The 4 Heroes of Light,2
Forza Motorsport (Video Games),2
Free Realms (Video Game),2
Freedom Train (Video Game),2
Gardens of Time,2
Gemini Rue,2
少女前线 | Girls' Frontline (Video Game),2
Google Chrome T-Rex Game,2
GUN GODZ (Video Game),2
Gyossait (Video Game),2
Happy Wheels,2
牧場物語 コロボックルステーション | Harvest Moon: DS,2
Heart of Darkness (Video Game),2
Heroine's Quest: The Herald of Ragnarok (Video Game),2
숨바꼭질 | Hide and Seek (Tabomsoft Video Games),2
Hierofanía (Visual Novels),2
High School Hook Ups,2
Home (Video Game),2
Horse Isle (Video Games),2
IGPX: Immortal Grand Prix - All Media Types,2
Ikazuchi no Senshi Raidy | Lightning Warrior Raidy Series,2
ガイア幻想紀 | Illusion of Gaia,2
Infinity Blade (Video Games),2
いりす症候群！ | Irisu Syndrome!,2
Jeanne d'Arc (Video Game),2
Klaus (Video Game),2
愛を捧ぐ伝説の騎士 | A Knight's Devotion (Visual Novel),2
Kuon (Video Game),2
Langrisser Series,2
Layers of Fear (Video Game),2
Legend of Grimrock,2
Legend of Legaia,2
LEGO Pirates of the Caribbean,2
LEGO Star Wars: The Complete Saga,2
Lonely Wolf Treat (Video Games),2
LostMagic,2
Lunar Knights,2
魔界村 | Makaimura | Ghosts 'n Goblins (Video Games),2
Mana Khemia 2: Fall of Alchemy,2
Maniac Mansion (Video Game),2
Mappy (Video Games),2
Mario Golf (Video Games),2
Marvel Heroes 2016 (Video Game),2
Medal of Honor (Video Game 2010),2
人魚沼 | Mermaid Swamp (Video Game),2
Middens (Video Game),2
Mino Monsters (Video Games),2
Mix Ore (Video Game),2
Mobile Legends: Bang Bang (Video Game),2
Monster Super League (Video Game),2
朧村正 | Muramasa: the Demon Blade,2
MySims,2
Nefarious (Video Game),2
家有大貓 | Nekojishi (Visual Novel),2
ネコぱら | Nekopara (Visual Novel),2
NightCry (Video Game),2
ナイツ 〜星降る夜の物語〜 | NiGHTS: Journey of Dreams (Video Game),2
Nintendo Land (Video Game),2
Nobodies (Video Game),2
信長の野望 | Nobunaga no Yabou | Nobunaga's Ambition Series,2
Octodad (Video Game),2
Oddworld: Stranger's Wrath,2
お伽の王子様と誘惑マリアージュ | Once Upon a Fairy Love Tale (Visual Novel),2
Path of Exile (Video Game),2
Phantasy Star,2
Phantasy Star Portable 2,2
Phantasy Star Zero,2
PlanetSide (Video Games),2
Polybius (Video Game 1981),2
Pom Gets Wi-Fi,2
Princess Crown,2
Princess Principal: Game of Mission (Video Game),2
Princess Remedy in a World of Hurt,2
Putt-Putt (Video Games),2
Queen's Crown (Visual Novel),2
Regency Love (Visual Novel),2
Renowned Explorers: International Society (Video Game),2
Rental Boyfriends (Visual Novel),2
Resistance (Video Games),2
ゲームセンターCX 有野の挑戦状 | Retro Game Challenge,2
マール王国の人形姫 | Rhapsody: A Musical Adventure (Video Games),2
Riddle School (Video Game),2
Ride to Hell: Retribution (Video Game),2
RimWorld (Video Game),2
Rust (Video Game),2
Saiyuki: Journey West (Video Game),2
Scarlet Blade (Video Game),2
Shall We Date? My Fairy Tales,2
Shall We Date?: Lost Island+,2
Shall We Date?: Magic Sword+,2
白華の檻 | Shall We Date?: Scarlet Fate+,2
Shinobi (Video Games),2
Shroud of the Avatar,2
罪と罰 地球の継承者 | Sin and Punishment (Video Game),2
SkiFree,2
Skyforge (Video Game),2
Snatcher,2
Snowboard Kids (Video Games),2
Somnium (M-256 Video Game),2
Sonic Wings | Aero Fighters,2
Soul Blazer,2
Space Harrier (Video Games),2
Spaceteam (Video Game),2
Speakeasy Tonight (Visual Novel),2
Spelunky,2
Sphinx and the Cursed Mummy (Video Game),2
Spider-Man: Shattered Dimensions (Video Game),2
心霊カメラ ～憑いてる手帳～ | Spirit Camera: The Cursed Memoir,2
Star Ocean: First Departure,2
Star Project,2
State of Decay (Video Game),2
Stories: The Path of Destinies (Video Game),2
StreetPass Battle | Warrior's Way,2
Styx: Master of Shadows,2
Sunrider (Visual Novel),2
Super Meat Boy (Video Game),2
Super Monkey Ball (Video Games),2
Super Solvers Series (Video Games),2
SUPERHOT (Video Game),2
Tak (Video Games),2
Tales of Eternia,2
Tales of the World: Reve Unitia,2
Talesweaver (Video Games),2
Tears to Tiara,2
天地創造 | Tenchi Souzou | Terranigma,2
Theatrhythm Final Fantasy: Curtain Call,2
十鬼の絆 | Toki no Kizuna : Sekigahara Kitan,2
Tokimeki Restaurant,2
Tokyo 7th シスターズ | Tokyo 7th Sisters,2
Tokyo Jungle (Video Game),2
東亰ザナドゥ | Tokyo Xanadu (Video Game),2
Tom Clancy's EndWar,2
Transformers: Universe (Video Game),2
Trials in Tainted Space (Video Game),2
魔壊神トリリオン | Trillion: God of Destruction (Video Game),2
Trinity Universe,2
Triple Town (Video Game),2
Troy Musou | Warriors: Legends of Troy,2
Universal Paperclips (Video Game),2
Valkyrie Connect (Video Game),2
Vampire Killer | Castlevania: Bloodlines,2
Vanquish,2
Virtual Villagers (Video Games),2
Watchmen: The End Is Nigh,2
White Album (Visual Novels),2
A Witch's Tale (Video Game),2
Wolfenstein II: The New Colossus,2
Words Worth,2
wreCk (Video Game),2
Xolga and Mr. Toko,2
ヤミと帽子と本の旅人 | Yami to Boushi to Hon no Tabibito,2
Year Walk (Video Game),2
よるのないくに | Yoru no Nai Kuni | Nights of Azure (Video Games),2
诛仙 | Zhu Xian | Jade Dynasty (Video Games),2
1931: Scheherazade at the Library of Pergamum,1
1beatHeart (Video Game),1
20XX (Video Game),1
a2 ~a due~,1
Absolver (Video Game),1
Adam Wolfe (Video Game),1
Adventure Bar Story (Video Game),1
Adventures in Typing with Timon & Pumbaa (Video Game),1
Aerena: Clash of Champions,1
Aeternus Lamnia (Video Games),1
Agar.io (Video Game),1
Age of Empires (Video Games),1
Age of Mythology (Video Game),1
Agent Alice (Video Game),1
AI War: Fleet Command,1
Akatsuki Blitzkampf,1
Akazukin no Ookami | Little Red Riding Hood's Wolf (Video Game),1
Akiba's Trip: Undead & Undressed,1
Aloners (Visual Novel),1
Along the Edge (Visual Novel),1
Alpaca Evolution,1
Alter Aeon (Video Game),1
Always Sometimes Monsters (Video Game),1
アマガミ | Amagami (Video Games),1
雨宿バス停留所 | Amayado Bus Stop,1
Amber's Magic Shop (Visual Novel),1
Ambition (Video Game),1
American Truck Simulator (Video Game),1
Ancient Domains of Mystery,1
Anno 1503 | 1503 A.D.: The New World,1
あの夜からキミに恋してた | Ano Yoru Kara Kimi ni Koi Shiteta | Irresistible Mistakes (Visual Novel),1
Anomaly Warzone Earth,1
蒼の彼方のフォーリズム | AOKANA: Four Rhythm Across the Blue,1
Aquaria (Video Game),1
Art Academy (Video Games),1
폐쇄병동 | The Asylum: Closed Ward (Video Game),1
Atlas Reactor,1
Aviary Attorney (Video Game),1
Axanael,1
あかやあかしやあやかしの | Ayaka Ayakashi Akashiya no (Visual Novel),1
Aywas (Video Game),1
Backstage Pass (Video Game),1
Bad Dream (Video Games),1
Bahamut Lagoon,1
Battle Fantasia,1
Battle Kid: Fortress of Peril,1
Battle Moon Wars,1
Battleheart (Video Games),1
Beholder (Video Game),1
Bejeweled (Video Game),1
Best Fiends (Video Games),1
Big Bang Empire (Video Game),1
バイナリー ドメイン | Binary Domain (Video Game),1
Bionic Commando (Video Games),1
Blackgate (Visual Novel),1
Blank Dream (Video Game),1
The Blind Griffin (Visual Novel),1
Blood Bowl (Video Games),1
Bloodstained: Ritual of the Night,1
Board Game Online (Video Game),1
Bokosuka Wars,1
Большие неприятности | Bolshie nepriyatnosty | Great Problems (Visual Novel),1
Bombernauts (Video Game),1
Bonbon Cakery (Video Game),1
Book of Gray Magic (Visual Novels),1
ボーイフレンド 仮 | Boyfriend Kari,1
Brave Saga (Video Games),1
Brawlhalla (Video Game),1
Bread Kittens (Video Games),1
Break Chance Memento (Video Game),1
Breath of Death VII (Video Game),1
Brink of Consciousness: Dorian Gray Syndrome,1
Burnout (Video Games),1
Butler Until Midnight (Video Game),1
Campfire Legends (Video Games),1
Candy Crush Saga (Video Game),1
Castlevania (Video Game 1999),1
悪魔城ドラキュラ Circle of the Moon | Castlevania: Circle of the Moon,1
悪魔城ドラキュラ 漆黒たる前奏曲 | Castlevania: Legends,1
悪魔城ドラキュラＸ ～血の輪廻～ | Castlevania: Rondo of Blood,1
Cat Evolution Party,1
Chaos Island: The Lost World,1
ちびロボ！ | Chibi-Robo (Video Game),1
Chichens (Video Game),1
Chronicles of Elyria (Video Game),1
Chulip (Video Game),1
Cloé's Requiem (Video Game),1
CLOP (Video Game),1
Commander Keen,1
Condemned (Video Games),1
Consortium (Video Games),1
Contagion (Video Game),1
Contradiction: Spot the Liar!,1
Covert Front,1
The Crew (Video Games),1
Cross Edge (Video Game),1
Crossy Road (Video Game),1
Crush (Video Game),1
Crush Crush (Video Game),1
Cryptic Stitching,1
Cursery: The Crooked Man and the Crooked Cat,1
Cyberbots (Video Game),1
Dan Dare - All Media Types,1
Dangerous High School Girls in Trouble (Video Game),1
Dark Summit (Video Game),1
Darkseed (Video Games),1
Darkwood (Video Game),1
Date (Almost) Anything Simulator (Visual Novel),1
Dawngate (Video Game),1
de Blob,1
Dead Frontier (Video Game),1
Dead Head Fred,1
Dead Realm (Video Game),1
Dead State (Video Game),1
Dead to Rights (Video Games),1
Deadly Sins: Soul of Evada (Video Game),1
Deathstate (Video Game),1
심해소녀 | Deep Sea Girl: Story of Ari (Video Game),1
Deer Hunter (Video Games),1
Defender's Quest (Video Games),1
Defense Grid (Video Games),1
Delicious Series (Video Games),1
デモンズブレイゾン 魔界村 紋章編 | Demon's Crest,1
Depth (Video Game),1
Descent: Freespace - The Great War (Video Game),1
The Desolate Hope (Video Games),1
Detention (Video Game),1
Deus Ex: Breach,1
Deus Ex: Invisible War,1
Deus Ex: The Fall,1
Devil's Crush | Dragon's Fury,1
The Diamond Mystery in Rosemond Valley (Video Game),1
Didnapper (Video Game),1
Dies Irae (Visual Novel),1
Dino Crisis (Video Games),1
Disney Infinity,1
Disney's Villains' Revenge (Video Game),1
Doctor Who: Legacy,1
どこでもいっしょ | Doko Demo Issyo | Everywhere Together,1
Dolls of Rozenheim (Video Game),1
Don't Take This Risk (Video Game),1
Dot Kareshi -We're 8bit Lovers-,1
Dr. Mario (Video Games),1
Dragon Crystal (Video Game),1
Dragon Mania Legends (Video Game),1
Dragon Quest Heroes (Video Games),1
Dragon Riders: Chronicles of Pern (Video Game),1
Dragons of Atlantis: Heir to the Dragons (Video Game),1
Drakerider (Video Game),1
Drawn to Life (Video Game),1
DreadOut (Video Game),1
Мастер снов | Dreamland Masters (Video Game),1
Driver (Video Games),1
DroidArena,1
Duck Hunt (Video Game),1
The Dungeon Revealed (Video Game),1
Dungeon Trackers (Video Game),1
Dungeon Village (Video Game),1
Dynamite Headdy (Video Game),1
E.Y.E.: Divine Cybermancy,1
Eagle Eye Mysteries In London,1
Earth and Legend (Video Game),1
永遠のフィレーナ | Eien no Filena | Eternal Filena (Video Game),1
The Eighth Continent (Video Game),1
英雄＊戦姫 | Eiyuu Senki: The World Conquest,1
Elements Destiny (Visual Novels),1
Elite (Video Game),1
The End of Us (Video Game),1
Endless Sky (Video Game),1
Enigma: An Illusion Named Family (Video Game),1
Eretzvaju | Evil Zone (Video Game),1
エストポリス伝記 | Lufia & the Fortress of Doom,1
エストポリス伝記 よみがえる伝説 | Lufia: The Legend Returns,1
Eternal Card Game (Video Game),1
Eternal Eden,1
Ether Saga Online,1
Everlasting Journey (Video Game),1
Evil Genius (Video Game),1
Evolution (Video Games),1
Evony: The King's Return (Video Game),1
Excitebike (Video Game),1
Exit/Corners (Visual Novel),1
Fabulous Series (Video Games),1
Fallout Shelter (Video Game),1
Fallout Tactics (Video Game),1
Far Cry (Video Game 2004),1
Faraway Story (Video Game),1
Feral Realms,1
Final Fantasy Crystal Chronicles: Echoes of Time,1
Final Fantasy Crystal Chronicles: The Crystal Bearers,1
Fire Boy and Water Girl (Video Games),1
Flinthook (Video Game),1
小花仙 | Flower Angel (Video Game),1
Foopets (Video Game),1
永远的7日之都 | Forever 7th Capital (Video Game),1
ぼくらはカセキホリダー | Fossil Fighters (Video Games),1
Four Eyes (Video Game),1
Fragment's Note (Visual Novels),1
Gacha World (Video Game),1
Gal Gun (Video Game),1
Gal Gun Double Peace (Video Game),1
Galactic Civilizations II,1
Galaga (Video Game),1
がんばれゴエモン | Gambare Goemon | Mystical Ninja (Video Games),1
Gangsters in Love (Visual Novel),1
Gardenscapes (Video Game),1
Gate Keepers,1
Gauntlet (Video Games),1
Gemstone IV,1
Geometry Dash (Video Game),1
Geomon (Video Game),1
Ghost Tales (Video Game),1
Gigantic (Video Game),1
Gingiva (Video Game),1
GIRLSブラボー | Girls Bravo - All Media Types,1
ギタルマン | Gitaroo Man,1
Global Gladiators (Video Game),1
Gobliiins (Video Games),1
Godville (Video Game),1
GoldenEye: Rogue Agent (Video Game),1
Graffiti Kingdom (Video Game),1
Grand Fantasia (Video Game),1
Grand Theft Auto: Liberty City Stories,1
Grandia III (Video Game),1
Grandia Xtreme,1
Gridland (Video Game),1
Grim Dawn (Video Game),1
Grimoire: Manastorm,1
Growlanser (Video Games),1
Gunstar Heroes,1
華アワセ | Hana Awase,1
Hand of Fate (Video Games),1
Harem Protagonist (Video Game),1
ハーレム天国だと思ったらヤンデレ地獄だった | Harem Tengoku da to Omottara Yandere Jigoku Datta,1
牧場物語GB3 ボーイ・ミーツ・ガール | Harvest Moon 3 GBC,1
Harvest Moon 3D: The Lost Valley,1
Harvest Moon: Hero of Leaf Valley,1
Harvester (Video Game),1
The Haunting of Braidwood Manor (Visual Novel),1
Heartbound (Video Game),1
Hellgate: London (Video Game),1
Her Story (Video Game),1
ヘラクレスの栄光 | Glory of Heracles,1
Heretic (Video Games),1
Hero Siege (Video Game),1
Hexepta (Visual Novel),1
ピカチュウげんきでちゅう | Hey You Pikachu!,1
引ク押ス | Hikuosu | Pushmo (Video Games),1
Hime Chen! Otogi Chikku Idol Lilpri,1
Hippa Linda | Freak Out | Stretch Panic (Video Game),1
Homefront: The Revolution (Video Game),1
ホームタウンストーリー | Hometown Story (Video Game),1
Hoshigami Remix (Video Game),1
A House of Many Doors (Video Game),1
一血卍傑 | Icchibanketsu (Video Game),1
イケニエノヨル | Ikenie No Yoru | Night of the Sacrifice,1
Illusion Series | I Love Mickey Mouse (Video Games),1
Imaginary Friends (Visual Novel),1
Imperial Conflict,1
Impossible Creatures (Video Game),1
Impossible Mission (Video Games),1
Invisible Apartment (Visual Novel),1
淫猥輪廻 | Inwai Rinne (Video Game),1
The Isle (Video Game),1
It Lives in the Woods (Visual Novel),1
偽りの輪舞曲 | Itsuwari no Rondo | Rondo of Swords (Video Game),1
降魔霊符伝イヅナ | Izuna: Legend of the Unemployed Ninja (Video Game),1
Jazz Jackrabbit (Video Games),1
Jet Force Gemini (Video Game),1
Jetpack Joyride (Video Game),1
Jigsaw (Video Game),1
Jurassic Park: The Game,1
カエルの為に鐘は鳴る | Kaeru no Tame ni Kane wa Naru | For the Frog the Bell Tolls,1
彼女を寝取ったヤリチン男を雌堕ちさせるまで | Kanojo o Netotta Yarichin Otoko o Mesu Ochisaseru Made (Visual Novel),1
Kathy Rain (Video Game),1
携帯電獣テレファング | Keitai Denjuu Telefang (Video Games),1
Kenka Banchou (Video Games),1
絢爛舞踏祭 The Mars Daybreak | Kenran Butou Sai,1
Kenshi (Video Game),1
Khimera: Destroy All Monster Girls (Video Game),1
Kholat (Video Game),1
Killing Floor (Video Games),1
Kinectimals,1
King of Thieves (Video Game),1
King's Bounty (Video Games),1
Knytt Stories,1
倉野くんちのふたご事情 | Kurafuta | The Twins Situation of the Kurano Family Series (Visual Novels),1
くるくる プリンセス | Kurukuru Princess (Visual Novels),1
Lamune,1
Landstalker (Video Games),1
Lanota (Video Game),1
幕末浪漫 月華の剣士 | The Last Blade (Video Games),1
Last Word (Video Game),1
LaTale (Video Game),1
Laura Bow Mysteries,1
Lawbreakers (Video Game),1
League of Angels (Video Games),1
Leisure Suit Larry (Video Games),1
Let It Die (Video Game),1
Leviathan: The Last Day Of The Decade (Video Game),1
解放少女 | Liberation Maiden (Video Games),1
Lighthouse: The Dark Being,1
Lilly and Sasha (Video Games),1
Little Buster Q,1
Little Inferno (Video Game),1
Live A Live (Video Game),1
Logical Journey of the Zoombinis,1
Longstory (Visual Novel),1
The Lord of King | Astyanax,1
The Lord of the Rings: The Third Age (Video Games),1
Lord of the Sex Slaves Creator Simulator (Video Game),1
Lords Mobile (Video Game),1
尘沙惑 | Lost in Secular Love (Visual Novel),1
Lost Planet,1
Lost Saga (Video Game),1
The Lost Vikings (Video Game),1
Love & Death (Video Games),1
Love Lies & a Heist (Visual Novel),1
Love Never Dies: Ikemen of the Marsh,1
Love Sick (Video Games),1
Lucky Rabbit Reflex (Visual Novel),1
Lunia: Record of Lunia War (Video Game),1
Madballs in Babo: Invasion,1
Madden NFL (Video Games),1
MadWorld,1
MagiQuest,1
Majesty (Video Game),1
Mario Strikers Charged (Video Game),1
Mark of the Ninja (Video Game),1
Markstrat,1
Marvel: Ultimate Alliance (Video Game),1
Melting Moon (Video Games),1
Merc Storia (Video Game),1
Messiah (Visual Novel),1
Metal Max | Metal Saga (Video Games),1
Metamorphic Force,1
Miceforce (Video Game),1
MicroVolts (Video Game),1
Midgard Rising | World of Midgard (Video Game),1
Mighty Switch Force (Video Games),1
Miramagia,1
Miss Detective's Undercover (Visual Novel),1
MLBPA Baseball (Video Game),1
[MODE] (Video Game),1
萌えガチャ男子 | Moe Gacha Danshi,1
Moe! Ninja Girls (Visual Novel),1
摩尔庄园 | Mole's World (Video Game),1
Momodora: Reverie Under the Moonlight,1
Monolith (Video Game),1
Monster Loves You,1
Monster Strike (Video Game),1
Monster Tale (Video Game),1
Moonbase Alpha (Video Game),1
Mortimer Beckett (Video Games),1
Mountain (Video Game),1
Movie Star Planet (Video Game),1
Mr. Driller (Video Games),1
Munchers Series (Video Games),1
Murder Dog IV: The Trial of Murder Dog (Video Game),1
Muscle March,1
Mush (Video Game),1
My Last First Kiss (Visual Novel),1
My Singing Monsters,1
MyScene (Video Game),1
Mystic Ark,1
Nanosaur (Video Games),1
Narwhals - MrWeebl (Music Video),1
NationStates (Video Game),1
Nidhogg (Video Game),1
Night Blights (Video Game),1
No Mercy: For Lorne Hope (Video Game),1
No More Room in Hell (Video Game),1
no-one has to die. (Video Game),1
Nurse Love Addiction (Visual Novel),1
Of Orcs and Men,1
Office Lover (Visual Novels),1
Omerta 沈黙の掟 | Omerta: Chinmoku no Okite,1
One Way Heroics,1
お姉チャンバラ | OneeChanbara,1
Open Sorcery (Video Game),1
Orcs Must Die! (Video Games),1
Order and Chaos Online (Video Game),1
Otome wa Boku ni Koishiteru | Otoboku - Maidens are Falling for Me!,1
Our Personal Space (Visual Novel),1
Ovipets (Video Game),1
OZ | Sword of Etheria,1
Pajama Sam (Video Games),1
The Panspermia (Video Game),1
Panzer Dragoon Saga,1
Panzermadels: Tank Dating Simulator,1
Patapon (Video Games),1
Paws (Newgrounds Video Game),1
Peggle,1
ピリオドキューブ ～鳥籠のアマデウス～ | Period Cube: Shackles of Amadeus (Visual Novel),1
Petville (Video Game),1
Petz (Video Games),1
Phantasmagoria: A Puzzle of Flesh,1
Phantasy Star III,1
Phantasy Star Portable,1
Phantom Kingdom | Makai Kingdom: Chronicles of the Sacred Tome,1
Phantom of the Kill (Video Game),1
Pioneer Trail,1
Pit People (Video Game),1
Planet Rush (Video Game),1
Planetfall (Video Game),1
Plumbers Don't Wear Ties,1
Pokemon Channel (Video Game),1
Pokemon Duel (Video Game),1
Pong,1
Popotan,1
Populous (Video Games),1
Power Stone (Video Games),1
Power Up (Video Game),1
PowerUp Heroes,1
Pretentious Game (Visual Novels),1
Primal Carnage (Video Games),1
Primordia (Video Game),1
Prince of Persia (Video Game 1989),1
Prison Architect (Video Game),1
PropHunt (Video Game),1
Proteus (Video Game),1
The Punisher (Video Game 2005),1
Puzzle Agent (Video Games),1
ラ・ピュセル 光の聖女伝説 | La Pyuseru Hikari no Seijo Densetsu | La Pucelle: Tactics (Video Game),1
Quantum Conundrum,1
Quantum Theory (Video Game),1
QUIZなないろDREAMS 虹色町の奇跡 | Quiz Nanairo Dreams: Nijiirochou no Kiseki,1
Qwop,1
Rally-X (Video Game),1
Rance Series (Video Games),1
Rappelz,1
Raspy Hill,1
Raven's Cry (Video Game),1
Re: Alistair++ (Video Game),1
Ready 2 Rumble Boxing (Video Game),1
Reaper: Tale of a Pale Swordsman (Video Game),1
Receiver (Video Game),1
Red Dead Revolver,1
Regency Solitaire,1
Remember Remember (Visual Novel),1
RF Online (Video Game),1
Ripple Dot Zero,1
Rise of Immortals/Battle for Graxia,1
Risk of Rain (Video Game),1
Rivals of Aether (Video Game),1
Road Not Taken (Video Game),1
Rocket Knight Adventures (Video Games),1
RockRobin (Visual Novel),1
Rodea the Sky Soldier (Video Game),1
Rogue Legacy (Video Game),1
Romancing SaGa 3 (Video Game),1
Rose Gun Days (Visual Novel),1
ROSE Online,1
Ruiner (Video Game),1
Rumble Roses (Video Games),1
S.W.I.N.E (Video Game),1
The Saboteur (Video Game),1
Saccharine: a sim date,1
SaGa | Final Fantasy Legend Series,1
時空の覇者 SaGa3 | Final Fantasy Legend III,1
催眠学園 | Saimin Gakuen - All Media Types,1
聖闘士星矢 ソルジャーズ・ソウル | Saint Seiya: Soldiers' Soul,1
Sandigma: Rise of the Exiles (Video Game),1
Sara Is Missing (Video Game),1
SC2VN (Visual Novel),1
Scribblenauts (Video Games),1
Le Secret d'Henri | Henri's Secret (Visual Novel),1
Secret of Evermore (Video Game),1
Secrets of Grindea (Video Game),1
Seihou Project (Video Games),1
旦那さまが7人いる | Seven Hotties All My Husbands (Visual Novel),1
Shadow Warrior (Video Games),1
Shadowgate,1
Shadows of the Damned,1
Shadowverse (Video Game),1
Shall We Date?: Angel or Devil,1
Shall We Date?: Lost Alice,1
Shall We Date?: Modern Cinderella,1
Shall We Date?: Ninja Assassin+,1
Shall We Date?: Oz+,1
Sherlock Holmes: Lost Detective (Video Game),1
漆黒のシャルノス〜What a beautiful tomorrow〜 | Shikkoku no Sharnoth: What a Beautiful Tomorrow (Visual Novel),1
The Ship: Murder Party,1
Shivers (Video Game),1
The Shrouded Isle (Video Game),1
Shuffle! & Related Fandoms,1
Sigrogana Legend 2,1
シルバー事件 | The Silver Case,1
Silver Chaos,1
SimCity (Video Games),1
Sine Mora,1
Singularity (Video Game),1
Sinistar (Video Game),1
SINoALICE (Video Game),1
Skiing Yeti Mountain,1
Slingo (Video Games),1
SMACS (Video Game),1
Small Worlds (Video Game),1
Snail Bob (Video Games),1
Snake Pass (Video Game),1
Sniper Elite (Video Games),1
Soccer Spirits (Video Game),1
SonSon (Video Game),1
Sorcery (Video Game),1
Soul Sacrifice (Video Game),1
Space Channel 5,1
Космические рейнджеры | Space Rangers (Video Games),1
Space Station 13 (Video Game),1
Spaceplan (Video Game),1
Spelunx and the Caves of Mr. Seudo,1
Spider-Man (Video Game 2000),1
Spider-Man: Edge of Time (Video Game),1
Spider-Man: Web of Shadows (Video Game),1
Spirit Animals (Video Game),1
Spirit Engine 2,1
Splatterhouse (Video Game),1
停滞少女 | Standstill Girl,1
Star Citizen (Video Game),1
明星志願 | Star Dream (Video Games),1
Star Girl Fashion CocoPPa (Video Game),1
Star Gladiator (Video Games),1
Star Trek: Voyager - Elite Force (Video Games),1
Starbot (Video Game),1
StarMade,1
Starpoint Gemini (Video Games),1
STEAL! (Video Game),1
宇宙の Stellvia | Stellvia of the Universe,1
Steven Universe: Save The Light (Video Game),1
Stonehearth (Video Game),1
Strawberry Vinegar (Visual Novel),1
Stray Cat Crossing (Video Game),1
StreetPass Chef | Feed Mii,1
Streets of Rage (Video Games),1
Strider (Video Game),1
Strife: Quest for the Sigil,1
Sudeki (Video Game),1
Sumotori Dreams,1
Sundered (Video Game),1
Sunless Skies,1
Super Hexagon (Video Game),1
Super Princess Peach (Video Game),1
スーパーロボット大戦α | Super Robot Wars Alpha,1
スーパーロボット大戦V | Super Robot Wars V,1
スーパーロボット大戦V | Super Robot Wars W,1
Supreme Commander (Video Game),1
Surgeon Simulator 2013 (Video Game),1
Sword of the Stars (Video Games),1
Syrnia (Video Game),1
Syrup and the Ultimate Sweet,1
Systems Nominal (Video Game),1
大正メビウスライン | Taishou Mebiusline (Visual Novel),1
Tales of the Tempest,1
Tales of the World: Radiant Mythology 3,1
Tesshi-e Room Escape Games,1
Tex Murphy (Video Games),1
퇴마고 | The Exorcist (Tabomsoft Video Game),1
The Forest (Video Game),1
Thousand Arms,1
Through the Woods (Video Game),1
Titan Quest (Video Game),1
Tokimeki Memorial: Forever with You,1
The Tomorrow Children (Video Game),1
Tony Hawk's Pro Skater (Video Game),1
Too Human (Video Game),1
Total Annihilation,1
Total War Series (Video Games),1
Tower of Heaven (Video Game),1
TowerFall (Video Game),1
Train of Afterlife (Visual Novel),1
Transformers: Earth Wars,1
Trine (Video Game),1
Tron Run/R,1
Tropico (Video Games),1
Trove (Video Game),1
True Remembrance (Visual Novel),1
The Turing Test (Video Game),1
Ultimate Kept Man Life (Video Game),1
Under Night In-Birth (Video Game),1
Unravel (Video Game),1
Utopia (Video Game),1
Valley of Unicorns (Video Game),1
Vampire House (Video Game),1
Venetica (Video Game),1
Vexx (Video Game),1
Virtual Town (Video Game),1
VOEZ (Video Game),1
Void and Meddler (Video Game),1
Voodoo Vince (Video Game),1
ワルキューレ ロマンツェ 少女騎士物語 | Walkure Romanze: Shoujo Kishi Monogatari,1
The Wardrobe (Video Game),1
The White Chamber (Video Game),1
Who We Are Now (Visual Novel),1
Why Am I Dead: Rebirth,1
Wii Party (Video Game),1
Wild ARMs 2,1
Wild ARMs 4,1
Wild Season (Video Game),1
Win The Game (Video Game),1
Winnie the Pooh's Home Run Derby (Video Game),1
Witch and Hero (Video Game),1
Wizardry (Video Games),1
Wonder Boy | Monster World (Video Games),1
Worms (Video Game),1
仙劍奇俠傳五前傳 | Xiānjiàn Qíxiá Zhuàn Wǔqián Zhuàn | Chinese Paladin 5 Plus,1
Yars' Revenge,1
The Yawhg (Video Game),1
Yesterday (Video Game),1
Yohoho! Puzzle Pirates,1
Yooka-Laylee (Video Game),1
雨血 | Yǔ Xuě | Rainblood,1
歪みの国のアリス | Yugami no Kuni no Alice | Alice in Distortion World (Video Game),1
Yuugeki Keikan Patvessel,1
ZanZarah,1
絶対服従命令 | Zettai Fukujuu Meirei | Absolute Obedience,1
Zettai Hero Kaizou Keikaku | Zettai Hero Project,1
战舰少女 | Zhànjiàn Shàonǚ | Warship Girls (Video Game),1
Zombie Farm,1
Zombie Lane,1
Zombies Ate My Friends,1
Zombies Ate My Neighbors,1
Zombies Took My Daughter!,1
Zwei (Video Games),1
