Les Misérables - All Media Types,17388,https://archiveofourown.org/tags/Les%20Mis%C3%A9rables%20-%20All%20Media%20Types/works,Theater
Hamilton - Miranda,13630,https://archiveofourown.org/tags/Hamilton%20-%20Miranda/works,Theater
Bishoujo Senshi Sailor Moon | Pretty Guardian Sailor Moon,3613,https://archiveofourown.org/tags/Bishoujo%20Senshi%20Sailor%20Moon%20%7C%20Pretty%20Guardian%20Sailor%20Moon/works,Theater
Be More Chill - Iconis/Tracz,3035,https://archiveofourown.org/tags/Be%20More%20Chill%20-%20Iconis*s*Tracz/works,Theater
SHAKESPEARE William - Works,2785,https://archiveofourown.org/tags/SHAKESPEARE%20William%20-%20Works/works,Theater
Les Misérables - Schönberg/Boublil,2379,https://archiveofourown.org/tags/Les%20Mis%C3%A9rables%20-%20Sch%C3%B6nberg*s*Boublil/works,Theater
Dear Evan Hansen - Pasek & Paul/Levenson,2069,https://archiveofourown.org/tags/Dear%20Evan%20Hansen%20-%20Pasek%20*a*%20Paul*s*Levenson/works,Theater
Newsies - All Media Types,1888,https://archiveofourown.org/tags/Newsies%20-%20All%20Media%20Types/works,Theater
Le Fantôme de l'Opéra | Phantom of the Opera & Related Fandoms,1410,https://archiveofourown.org/tags/Le%20Fant%C3%B4me%20de%20l'Op%C3%A9ra%20%7C%20Phantom%20of%20the%20Opera%20*a*%20Related%20Fandoms/works,Theater
Newsies!: the Musical - Fierstein/Menken,1324,https://archiveofourown.org/tags/Newsies!:%20the%20Musical%20-%20Fierstein*s*Menken/works,Theater
Harry Potter and the Cursed Child - Thorne & Rowling,981,https://archiveofourown.org/tags/Harry%20Potter%20and%20the%20Cursed%20Child%20-%20Thorne%20*a*%20Rowling/works,Theater
Romeo And Juliet - All Media Types,894,https://archiveofourown.org/tags/Romeo%20And%20Juliet%20-%20All%20Media%20Types/works,Theater
Heathers: The Musical - Murphy & O'Keefe,821,https://archiveofourown.org/tags/Heathers:%20The%20Musical%20-%20Murphy%20*a*%20O'Keefe/works,Theater
Shakespeare - History Plays,737,https://archiveofourown.org/tags/Shakespeare%20-%20History%20Plays/works,Theater
The Book of Mormon - Ambiguous Fandom,672,https://archiveofourown.org/tags/The%20Book%20of%20Mormon%20-%20Ambiguous%20Fandom/works,Theater
The Book of Mormon - Parker/Stone/Lopez,665,https://archiveofourown.org/tags/The%20Book%20of%20Mormon%20-%20Parker*s*Stone*s*Lopez/works,Theater
Wicked - All Media Types,605,https://archiveofourown.org/tags/Wicked%20-%20All%20Media%20Types/works,Theater
Romeo And Juliet - Shakespeare,592,https://archiveofourown.org/tags/Romeo%20And%20Juliet%20-%20Shakespeare/works,Theater
Rent - Larson,565,https://archiveofourown.org/tags/Rent%20-%20Larson/works,Theater
Phantom of the Opera - Lloyd Webber,542,https://archiveofourown.org/tags/Phantom%20of%20the%20Opera%20-%20Lloyd%20Webber/works,Theater
Spring Awakening - Sheik/Sater,541,https://archiveofourown.org/tags/Spring%20Awakening%20-%20Sheik*s*Sater/works,Theater
Falsettos - Lapine/Finn,492,https://archiveofourown.org/tags/Falsettos%20-%20Lapine*s*Finn/works,Theater
Hamlet - All Media Types,462,https://archiveofourown.org/tags/Hamlet%20-%20All%20Media%20Types/works,Theater
Hamlet - Shakespeare,449,https://archiveofourown.org/tags/Hamlet%20-%20Shakespeare/works,Theater
In the Heights - Miranda,432,https://archiveofourown.org/tags/In%20the%20Heights%20-%20Miranda/works,Theater
Natasha Pierre and the Great Comet of 1812 - Malloy,367,https://archiveofourown.org/tags/Natasha%20Pierre%20and%20the%20Great%20Comet%20of%201812%20-%20Malloy/works,Theater
History Boys - All Media Types,298,https://archiveofourown.org/tags/History%20Boys%20-%20All%20Media%20Types/works,Theater
Wicked - Schwartz/Holzman,292,https://archiveofourown.org/tags/Wicked%20-%20Schwartz*s*Holzman/works,Theater
Romeo et Juliette - Presgurvic,284,https://archiveofourown.org/tags/Romeo%20et%20Juliette%20-%20Presgurvic/works,Theater
The Thrilling Adventure Hour,224,https://archiveofourown.org/tags/The%20Thrilling%20Adventure%20Hour/works,Theater
Henry IV - Shakespeare,207,https://archiveofourown.org/tags/Henry%20IV%20-%20Shakespeare/works,Theater
Richard II - Shakespeare,206,https://archiveofourown.org/tags/Richard%20II%20-%20Shakespeare/works,Theater
Rómeó és Júlia (Színház),203,https://archiveofourown.org/tags/R%C3%B3me%C3%B3%20%C3%A9s%20J%C3%BAlia%20(Sz%C3%ADnh%C3%A1z)/works,Theater
Henry V - Shakespeare,177,https://archiveofourown.org/tags/Henry%20V%20-%20Shakespeare/works,Theater
Elisabeth - Levay/Kunze,161,https://archiveofourown.org/tags/Elisabeth%20-%20Levay*s*Kunze/works,Theater
Henry IV Part 1 - Shakespeare,161,https://archiveofourown.org/tags/Henry%20IV%20Part%201%20-%20Shakespeare/works,Theater
Twelfth Night - Shakespeare,161,https://archiveofourown.org/tags/Twelfth%20Night%20-%20Shakespeare/works,Theater
Cats - Andrew Lloyd Webber,157,https://archiveofourown.org/tags/Cats%20-%20Andrew%20Lloyd%20Webber/works,Theater
A Midsummer Night's Dream - All Media Types,155,https://archiveofourown.org/tags/A%20Midsummer%20Night's%20Dream%20-%20All%20Media%20Types/works,Theater
The Secret Garden - All Media Types,130,https://archiveofourown.org/tags/The%20Secret%20Garden%20-%20All%20Media%20Types/works,Theater
Chess - Rice/Ulvaeus/Andersson,122,https://archiveofourown.org/tags/Chess%20-%20Rice*s*Ulvaeus*s*Andersson/works,Theater
The Scarlet Pimpernel - All Media Types,120,https://archiveofourown.org/tags/The%20Scarlet%20Pimpernel%20-%20All%20Media%20Types/works,Theater
The Music Man - All Media Types,117,https://archiveofourown.org/tags/The%20Music%20Man%20-%20All%20Media%20Types/works,Theater
Rosencrantz & Guildenstern are Dead - Stoppard,117,https://archiveofourown.org/tags/Rosencrantz%20*a*%20Guildenstern%20are%20Dead%20-%20Stoppard/works,Theater
Tanz der Vampire - Steinman/Kunze,115,https://archiveofourown.org/tags/Tanz%20der%20Vampire%20-%20Steinman*s*Kunze/works,Theater
Anastasia - Flaherty/Ahrens/McNally,112,https://archiveofourown.org/tags/Anastasia%20-%20Flaherty*s*Ahrens*s*McNally/works,Theater
Mozart l'Opéra Rock - Mozart/Baguian & Guirao,110,https://archiveofourown.org/tags/Mozart%20l'Op%C3%A9ra%20Rock%20-%20Mozart*s*Baguian%20*a*%20Guirao/works,Theater
Much Ado About Nothing - Shakespeare,107,https://archiveofourown.org/tags/Much%20Ado%20About%20Nothing%20-%20Shakespeare/works,Theater
History Boys - Bennett,106,https://archiveofourown.org/tags/History%20Boys%20-%20Bennett/works,Theater
Messiah Project - All Media Types,105,https://archiveofourown.org/tags/Messiah%20Project%20-%20All%20Media%20Types/works,Theater
Midsummer Night's Dream - Shakespeare,103,https://archiveofourown.org/tags/Midsummer%20Night's%20Dream%20-%20Shakespeare/works,Theater
Julius Caesar - Shakespeare,100,https://archiveofourown.org/tags/Julius%20Caesar%20-%20Shakespeare/works,Theater
Macbeth - Shakespeare,100,https://archiveofourown.org/tags/Macbeth%20-%20Shakespeare/works,Theater
The Tempest - Shakespeare,99,https://archiveofourown.org/tags/The%20Tempest%20-%20Shakespeare/works,Theater
Legally Blonde - All Media Types,98,https://archiveofourown.org/tags/Legally%20Blonde%20-%20All%20Media%20Types/works,Theater
Coriolanus - Shakespeare,97,https://archiveofourown.org/tags/Coriolanus%20-%20Shakespeare/works,Theater
bare: A Pop Opera - Hartmere/Intrabartolo,94,https://archiveofourown.org/tags/bare:%20A%20Pop%20Opera%20-%20Hartmere*s*Intrabartolo/works,Theater
Richard III - Shakespeare,94,https://archiveofourown.org/tags/Richard%20III%20-%20Shakespeare/works,Theater
American Idiot - All Media Types,81,https://archiveofourown.org/tags/American%20Idiot%20-%20All%20Media%20Types/works,Theater
Greek Tragedy,78,https://archiveofourown.org/tags/Greek%20Tragedy/works,Theater
The Music Man - Willson,78,https://archiveofourown.org/tags/The%20Music%20Man%20-%20Willson/works,Theater
Othello - Shakespeare,76,https://archiveofourown.org/tags/Othello%20-%20Shakespeare/works,Theater
Into the Woods - Sondheim/Lapine,71,https://archiveofourown.org/tags/Into%20the%20Woods%20-%20Sondheim*s*Lapine/works,Theater
Jesus Christ Superstar - All Media Types,70,https://archiveofourown.org/tags/Jesus%20Christ%20Superstar%20-%20All%20Media%20Types/works,Theater
Swan Lake & Related Fandoms,70,https://archiveofourown.org/tags/Swan%20Lake%20*a*%20Related%20Fandoms/works,Theater
Love Never Dies - Lloyd Webber,69,https://archiveofourown.org/tags/Love%20Never%20Dies%20-%20Lloyd%20Webber/works,Theater
Clue | Cluedo - All Media Types,68,https://archiveofourown.org/tags/Clue%20%7C%20Cluedo%20-%20All%20Media%20Types/works,Theater
A Very Potter Musical Series - Team StarKid,67,https://archiveofourown.org/tags/A%20Very%20Potter%20Musical%20Series%20-%20Team%20StarKid/works,Theater
Sweeney Todd - Sondheim/Wheeler,64,https://archiveofourown.org/tags/Sweeney%20Todd%20-%20Sondheim*s*Wheeler/works,Theater
Little Shop of Horrors - All Media Types,63,https://archiveofourown.org/tags/Little%20Shop%20of%20Horrors%20-%20All%20Media%20Types/works,Theater
Sparks Nevada Marshal on Mars,62,https://archiveofourown.org/tags/Sparks%20Nevada%20Marshal%20on%20Mars/works,Theater
Merchant of Venice - Shakespeare,61,https://archiveofourown.org/tags/Merchant%20of%20Venice%20-%20Shakespeare/works,Theater
Jersey Boys - Gaudio/Crewe/Brickman/Elice,58,https://archiveofourown.org/tags/Jersey%20Boys%20-%20Gaudio*s*Crewe*s*Brickman*s*Elice/works,Theater
American Idiot - Green Day/Armstrong,57,https://archiveofourown.org/tags/American%20Idiot%20-%20Green%20Day*s*Armstrong/works,Theater
Kuroshitsuji : The Most Beautiful DEATH in the World - Iwasaki/Mori/Mari,57,https://archiveofourown.org/tags/Kuroshitsuji%20:%20The%20Most%20Beautiful%20DEATH%20in%20the%20World%20-%20Iwasaki*s*Mori*s*Mari/works,Theater
The Sound of Music - Rodgers/Hammerstein/Lindsay & Crouse,56,https://archiveofourown.org/tags/The%20Sound%20of%20Music%20-%20Rodgers*s*Hammerstein*s*Lindsay%20*a*%20Crouse/works,Theater
Henry VI - Shakespeare,54,https://archiveofourown.org/tags/Henry%20VI%20-%20Shakespeare/works,Theater
Henry IV Part 2 - Shakespeare,53,https://archiveofourown.org/tags/Henry%20IV%20Part%202%20-%20Shakespeare/works,Theater
Hair - MacDermot/Rado/Ragni,52,https://archiveofourown.org/tags/Hair%20-%20MacDermot*s*Rado*s*Ragni/works,Theater
Frühlings Erwachen | Spring Awakening - Frank Wedekind,49,https://archiveofourown.org/tags/Fr%C3%BChlings%20Erwachen%20%7C%20Spring%20Awakening%20-%20Frank%20Wedekind/works,Theater
Legally Blonde - Hach/O'Keefe/Benjamin,49,https://archiveofourown.org/tags/Legally%20Blonde%20-%20Hach*s*O'Keefe*s*Benjamin/works,Theater
Groundhog Day - Minchin/Rubin,47,https://archiveofourown.org/tags/Groundhog%20Day%20-%20Minchin*s*Rubin/works,Theater
A Gentleman's Guide to Love and Murder - Lutvak/Freedman,46,https://archiveofourown.org/tags/A%20Gentleman's%20Guide%20to%20Love%20and%20Murder%20-%20Lutvak*s*Freedman/works,Theater
Next to Normal - Kitt/Yorkey,45,https://archiveofourown.org/tags/Next%20to%20Normal%20-%20Kitt*s*Yorkey/works,Theater
Romeo e Giulietta - Ama e Cambia il Mondo,44,https://archiveofourown.org/tags/Romeo%20e%20Giulietta%20-%20Ama%20e%20Cambia%20il%20Mondo/works,Theater
Doctor Faustus - Christopher Marlowe,43,https://archiveofourown.org/tags/Doctor%20Faustus%20-%20Christopher%20Marlowe/works,Theater
Les Misérables (Dallas 2014),43,https://archiveofourown.org/tags/Les%20Mis%C3%A9rables%20(Dallas%202014)/works,Theater
Knightmare - All Media Types,41,https://archiveofourown.org/tags/Knightmare%20-%20All%20Media%20Types/works,Theater
Rebecca - Daphne du Maurier & Related Fandoms,41,https://archiveofourown.org/tags/Rebecca%20-%20Daphne%20du%20Maurier%20*a*%20Related%20Fandoms/works,Theater
She Loves Me - Bock/Harnick/Masteroff,41,https://archiveofourown.org/tags/She%20Loves%20Me%20-%20Bock*s*Harnick*s*Masteroff/works,Theater
Tuck Everlasting - Miller/Tysen/Shear & Federle,40,https://archiveofourown.org/tags/Tuck%20Everlasting%20-%20Miller*s*Tysen*s*Shear%20*a*%20Federle/works,Theater
Frankenstein - Nick Dear,37,https://archiveofourown.org/tags/Frankenstein%20-%20Nick%20Dear/works,Theater
The Lion in Winter - All Media Types,35,https://archiveofourown.org/tags/The%20Lion%20in%20Winter%20-%20All%20Media%20Types/works,Theater
King Lear - Shakespeare,34,https://archiveofourown.org/tags/King%20Lear%20-%20Shakespeare/works,Theater
As You Like It - Shakespeare,33,https://archiveofourown.org/tags/As%20You%20Like%20It%20-%20Shakespeare/works,Theater
Hadestown - Mitchell,33,https://archiveofourown.org/tags/Hadestown%20-%20Mitchell/works,Theater
Spies Are Forever - Talkfine/Tin Can Brothers,33,https://archiveofourown.org/tags/Spies%20Are%20Forever%20-%20Talkfine*s*Tin%20Can%20Brothers/works,Theater
Starship - Team StarKid,33,https://archiveofourown.org/tags/Starship%20-%20Team%20StarKid/works,Theater
Angels in America - Kushner,32,https://archiveofourown.org/tags/Angels%20in%20America%20-%20Kushner/works,Theater
Jekyll & Hyde - Wildhorn,31,https://archiveofourown.org/tags/Jekyll%20*a*%20Hyde%20-%20Wildhorn/works,Theater
The Crucible - Miller,30,https://archiveofourown.org/tags/The%20Crucible%20-%20Miller/works,Theater
Bandstand - Oberacker/Oberacker & Taylor,29,https://archiveofourown.org/tags/Bandstand%20-%20Oberacker*s*Oberacker%20*a*%20Taylor/works,Theater
Taming of the Shrew - Shakespeare,28,https://archiveofourown.org/tags/Taming%20of%20the%20Shrew%20-%20Shakespeare/works,Theater
Bishoujo Senshi Sailor Moon | Pretty Guardian Sailor Moon (Musicals),27,https://archiveofourown.org/tags/Bishoujo%20Senshi%20Sailor%20Moon%20%7C%20Pretty%20Guardian%20Sailor%20Moon%20(Musicals)/works,Theater
Лебединое озеро - Чайковски | Swan Lake - Tchaikovsky,27,https://archiveofourown.org/tags/%D0%9B%D0%B5%D0%B1%D0%B5%D0%B4%D0%B8%D0%BD%D0%BE%D0%B5%20%D0%BE%D0%B7%D0%B5%D1%80%D0%BE%20-%20%D0%A7%D0%B0%D0%B9%D0%BA%D0%BE%D0%B2%D1%81%D0%BA%D0%B8%20%7C%20Swan%20Lake%20-%20Tchaikovsky/works,Theater
Die Zauberflöte | The Magic Flute - Mozart/Schikaneder,27,https://archiveofourown.org/tags/Die%20Zauberfl%C3%B6te%20%7C%20The%20Magic%20Flute%20-%20Mozart*s*Schikaneder/works,Theater
Arcadia - Stoppard,26,https://archiveofourown.org/tags/Arcadia%20-%20Stoppard/works,Theater
Firebringer - Team StarKid,25,https://archiveofourown.org/tags/Firebringer%20-%20Team%20StarKid/works,Theater
Miss Saigon - Schönberg/Boublil/Maltby,25,https://archiveofourown.org/tags/Miss%20Saigon%20-%20Sch%C3%B6nberg*s*Boublil*s*Maltby/works,Theater
The Pirates of Penzance - Sullivan/Gilbert,25,https://archiveofourown.org/tags/The%20Pirates%20of%20Penzance%20-%20Sullivan*s*Gilbert/works,Theater
The Dolls of New Albion: A Steampunk Opera - Shapera,24,https://archiveofourown.org/tags/The%20Dolls%20of%20New%20Albion:%20A%20Steampunk%20Opera%20-%20Shapera/works,Theater
Ghost Quartet - Malloy,24,https://archiveofourown.org/tags/Ghost%20Quartet%20-%20Malloy/works,Theater
Mozart! - Levay/Kunze,24,https://archiveofourown.org/tags/Mozart!%20-%20Levay*s*Kunze/works,Theater
Something Rotten! - Kirkpatrick/Kirkpatrick/O'Farrell,24,https://archiveofourown.org/tags/Something%20Rotten!%20-%20Kirkpatrick*s*Kirkpatrick*s*O'Farrell/works,Theater
Guys and Dolls - Loesser/Swerling/Burrows,23,https://archiveofourown.org/tags/Guys%20and%20Dolls%20-%20Loesser*s*Swerling*s*Burrows/works,Theater
Kaptein Sabeltann | Captain Sabertooth - Formoe,23,https://archiveofourown.org/tags/Kaptein%20Sabeltann%20%7C%20Captain%20Sabertooth%20-%20Formoe/works,Theater
Schelkunchik | The Nutcracker,23,https://archiveofourown.org/tags/Schelkunchik%20%7C%20The%20Nutcracker/works,Theater
Annie - Strouse/Charnin/Meehan,21,https://archiveofourown.org/tags/Annie%20-%20Strouse*s*Charnin*s*Meehan/works,Theater
Wonderland: A New Alice - Murphy/Boyd/Wildhorn,21,https://archiveofourown.org/tags/Wonderland:%20A%20New%20Alice%20-%20Murphy*s*Boyd*s*Wildhorn/works,Theater
And Then There Were None - Christie,20,https://archiveofourown.org/tags/And%20Then%20There%20Were%20None%20-%20Christie/works,Theater
Hedwig and the Angry Inch - Trask/Mitchell,20,https://archiveofourown.org/tags/Hedwig%20and%20the%20Angry%20Inch%20-%20Trask*s*Mitchell/works,Theater
Notre-Dame de Paris - Cocciante/Plamondon,20,https://archiveofourown.org/tags/Notre-Dame%20de%20Paris%20-%20Cocciante*s*Plamondon/works,Theater
Starlight Express - Phillips/Stilgoe/Webber,20,https://archiveofourown.org/tags/Starlight%20Express%20-%20Phillips*s*Stilgoe*s*Webber/works,Theater
We Will Rock You - Elton/May/Taylor,20,https://archiveofourown.org/tags/We%20Will%20Rock%20You%20-%20Elton*s*May*s*Taylor/works,Theater
Avenue Q - Lopez/Marx,19,https://archiveofourown.org/tags/Avenue%20Q%20-%20Lopez*s*Marx/works,Theater
Elisabeth (Színház),19,https://archiveofourown.org/tags/Elisabeth%20(Sz%C3%ADnh%C3%A1z)/works,Theater
Mojo - All Media Types,19,https://archiveofourown.org/tags/Mojo%20-%20All%20Media%20Types/works,Theater
Sleep No More - Punchdrunk,19,https://archiveofourown.org/tags/Sleep%20No%20More%20-%20Punchdrunk/works,Theater
The Importance of Being Earnest - Wilde,18,https://archiveofourown.org/tags/The%20Importance%20of%20Being%20Earnest%20-%20Wilde/works,Theater
Company - Sondheim/Furth,17,https://archiveofourown.org/tags/Company%20-%20Sondheim*s*Furth/works,Theater
Евгений Онегин | Eugene Onegin - All Media Types,17,https://archiveofourown.org/tags/%D0%95%D0%B2%D0%B3%D0%B5%D0%BD%D0%B8%D0%B9%20%D0%9E%D0%BD%D0%B5%D0%B3%D0%B8%D0%BD%20%7C%20Eugene%20Onegin%20-%20All%20Media%20Types/works,Theater
Fiddler on the Roof - Bock/Harnick/Stein,17,https://archiveofourown.org/tags/Fiddler%20on%20the%20Roof%20-%20Bock*s*Harnick*s*Stein/works,Theater
Henry VI Part 2 - Shakespeare,17,https://archiveofourown.org/tags/Henry%20VI%20Part%202%20-%20Shakespeare/works,Theater
Henry VI Part 3 - Shakespeare,17,https://archiveofourown.org/tags/Henry%20VI%20Part%203%20-%20Shakespeare/works,Theater
The Oresteia - Aeschylus,17,https://archiveofourown.org/tags/The%20Oresteia%20-%20Aeschylus/works,Theater
Waitress - Bareilles/Nelson,17,https://archiveofourown.org/tags/Waitress%20-%20Bareilles*s*Nelson/works,Theater
Cabaret - Kander/Ebb,16,https://archiveofourown.org/tags/Cabaret%20-%20Kander*s*Ebb/works,Theater
The Scarlet Pimpernel - Wildhorn/Knighton,16,https://archiveofourown.org/tags/The%20Scarlet%20Pimpernel%20-%20Wildhorn*s*Knighton/works,Theater
Faust - Johann Wolfgang von Goethe,15,https://archiveofourown.org/tags/Faust%20-%20Johann%20Wolfgang%20von%20Goethe/works,Theater
Le nozze di Figaro | The Marriage of Figaro - Mozart/Da Ponte,15,https://archiveofourown.org/tags/Le%20nozze%20di%20Figaro%20%7C%20The%20Marriage%20of%20Figaro%20-%20Mozart*s*Da%20Ponte/works,Theater
Oedipus Cycle - Sophocles,15,https://archiveofourown.org/tags/Oedipus%20Cycle%20-%20Sophocles/works,Theater
1776 - Edwards/Stone,14,https://archiveofourown.org/tags/1776%20-%20Edwards*s*Stone/works,Theater
Assassins - Sondheim/Weidman,14,https://archiveofourown.org/tags/Assassins%20-%20Sondheim*s*Weidman/works,Theater
Bacchae - Euripides,14,https://archiveofourown.org/tags/Bacchae%20-%20Euripides/works,Theater
Bonnie & Clyde - Wildhorn/Black/Menchell,14,https://archiveofourown.org/tags/Bonnie%20*a*%20Clyde%20-%20Wildhorn*s*Black*s*Menchell/works,Theater
Measure for Measure - Shakespeare,14,https://archiveofourown.org/tags/Measure%20for%20Measure%20-%20Shakespeare/works,Theater
Thrill Me: The Leopold & Loeb Story - Dolginoff,14,https://archiveofourown.org/tags/Thrill%20Me:%20The%20Leopold%20*a*%20Loeb%20Story%20-%20Dolginoff/works,Theater
Winter's Tale - Shakespeare,14,https://archiveofourown.org/tags/Winter's%20Tale%20-%20Shakespeare/works,Theater
Евгений Онегин | Eugene Onegin - Aleksandr Pushkin,13,https://archiveofourown.org/tags/%D0%95%D0%B2%D0%B3%D0%B5%D0%BD%D0%B8%D0%B9%20%D0%9E%D0%BD%D0%B5%D0%B3%D0%B8%D0%BD%20%7C%20Eugene%20Onegin%20-%20Aleksandr%20Pushkin/works,Theater
An Inspector Calls - Priestley,13,https://archiveofourown.org/tags/An%20Inspector%20Calls%20-%20Priestley/works,Theater
Leap of Faith - Menken/Slater/Cercone,13,https://archiveofourown.org/tags/Leap%20of%20Faith%20-%20Menken*s*Slater*s*Cercone/works,Theater
Oliver! - Bart,13,https://archiveofourown.org/tags/Oliver!%20-%20Bart/works,Theater
Ördögölő Józsiás - Tolcsvay/Tamási/Bori,13,https://archiveofourown.org/tags/%C3%96rd%C3%B6g%C3%B6l%C5%91%20J%C3%B3zsi%C3%A1s%20-%20Tolcsvay*s*Tam%C3%A1si*s*Bori/works,Theater
Pygmalion - Shaw,13,https://archiveofourown.org/tags/Pygmalion%20-%20Shaw/works,Theater
TRUMP - D2,13,https://archiveofourown.org/tags/TRUMP%20-%20D2/works,Theater
Two Gentlemen of Verona - Shakespeare,13,https://archiveofourown.org/tags/Two%20Gentlemen%20of%20Verona%20-%20Shakespeare/works,Theater
Der Ring des Nibelungen | The Ring of the Nibelung - Wagner,12,https://archiveofourown.org/tags/Der%20Ring%20des%20Nibelungen%20%7C%20The%20Ring%20of%20the%20Nibelung%20-%20Wagner/works,Theater
The Rocky Horror Show - O'Brien,12,https://archiveofourown.org/tags/The%20Rocky%20Horror%20Show%20-%20O'Brien/works,Theater
Don Carlos | Don Carlo - Verdi/du Locle/Méry,11,https://archiveofourown.org/tags/Don%20Carlos%20%7C%20Don%20Carlo%20-%20Verdi*s*du%20Locle*s*M%C3%A9ry/works,Theater
Fame: The Musical - Margoshes/Levy/Fernandez,11,https://archiveofourown.org/tags/Fame:%20The%20Musical%20-%20Margoshes*s*Levy*s*Fernandez/works,Theater
Gypsy - Laurents/Sondheim,11,https://archiveofourown.org/tags/Gypsy%20-%20Laurents*s*Sondheim/works,Theater
La Llamada - Jiménez/Ambrossi & Calvo,11,https://archiveofourown.org/tags/La%20Llamada%20-%20Jim%C3%A9nez*s*Ambrossi%20*a*%20Calvo/works,Theater
Last 5 Years - Brown,11,https://archiveofourown.org/tags/Last%205%20Years%20-%20Brown/works,Theater
Mojo - Butterworth,11,https://archiveofourown.org/tags/Mojo%20-%20Butterworth/works,Theater
The SpongeBob Musical - Various/Anthony & Coulton/Jarrow,11,https://archiveofourown.org/tags/The%20SpongeBob%20Musical%20-%20Various*s*Anthony%20*a*%20Coulton*s*Jarrow/works,Theater
A Streetcar Named Desire - Tennessee Williams,11,https://archiveofourown.org/tags/A%20Streetcar%20Named%20Desire%20-%20Tennessee%20Williams/works,Theater
Titus Andronicus - Shakespeare,11,https://archiveofourown.org/tags/Titus%20Andronicus%20-%20Shakespeare/works,Theater
The 25th Annual Putnam County Spelling Bee - Finn/Sheinkin/Reiss,10,https://archiveofourown.org/tags/The%2025th%20Annual%20Putnam%20County%20Spelling%20Bee%20-%20Finn*s*Sheinkin*s*Reiss/works,Theater
Don Giovanni - Mozart/Da Ponte,10,https://archiveofourown.org/tags/Don%20Giovanni%20-%20Mozart*s*Da%20Ponte/works,Theater
Henry VI Part 1 - Shakespeare,10,https://archiveofourown.org/tags/Henry%20VI%20Part%201%20-%20Shakespeare/works,Theater
Oklahoma! - Rodgers/Hammerstein,10,https://archiveofourown.org/tags/Oklahoma!%20-%20Rodgers*s*Hammerstein/works,Theater
Revenger's Tragedy - All Media Types,10,https://archiveofourown.org/tags/Revenger's%20Tragedy%20-%20All%20Media%20Types/works,Theater
Szentivánéji álom | A Midsummer Night’s Dream - Szakcsi/Müller,10,https://archiveofourown.org/tags/Szentiv%C3%A1n%C3%A9ji%20%C3%A1lom%20%7C%20A%20Midsummer%20Night%E2%80%99s%20Dream%20-%20Szakcsi*s*M%C3%BCller/works,Theater
Bye Bye Birdie - Stewart/Adams/Strouse,9,https://archiveofourown.org/tags/Bye%20Bye%20Birdie%20-%20Stewart*s*Adams*s*Strouse/works,Theater
Dracula: Entre l'amour et la mort - Leclerc/Tabra/Ouzounian & Pelletier,9,https://archiveofourown.org/tags/Dracula:%20Entre%20l'amour%20et%20la%20mort%20-%20Leclerc*s*Tabra*s*Ouzounian%20*a*%20Pelletier/works,Theater
Joseph and the Amazing Technicolor Dreamcoat - Webber/Rice,9,https://archiveofourown.org/tags/Joseph%20and%20the%20Amazing%20Technicolor%20Dreamcoat%20-%20Webber*s*Rice/works,Theater
Once - All Media Types,9,https://archiveofourown.org/tags/Once%20-%20All%20Media%20Types/works,Theater
Rock of Ages - D'Arienzo,9,https://archiveofourown.org/tags/Rock%20of%20Ages%20-%20D'Arienzo/works,Theater
Sunset Boulevard - All Media Types,9,https://archiveofourown.org/tags/Sunset%20Boulevard%20-%20All%20Media%20Types/works,Theater
Chicago - Kander & Ebb & Fosse,8,https://archiveofourown.org/tags/Chicago%20-%20Kander%20*a*%20Ebb%20*a*%20Fosse/works,Theater
Christmas Carol 2: Boxing Day - Pearse/Hudson,8,https://archiveofourown.org/tags/Christmas%20Carol%202:%20Boxing%20Day%20-%20Pearse*s*Hudson/works,Theater
The Duchess of Malfi - Webster,8,https://archiveofourown.org/tags/The%20Duchess%20of%20Malfi%20-%20Webster/works,Theater
Iolanthe - Sullivan/Gilbert,8,https://archiveofourown.org/tags/Iolanthe%20-%20Sullivan*s*Gilbert/works,Theater
Journey's End - Sherriff,8,https://archiveofourown.org/tags/Journey's%20End%20-%20Sherriff/works,Theater
KÀ - Cirque du Soleil,8,https://archiveofourown.org/tags/K%C3%80%20-%20Cirque%20du%20Soleil/works,Theater
The King & I - All Media Types,8,https://archiveofourown.org/tags/The%20King%20*a*%20I%20-%20All%20Media%20Types/works,Theater
Little Shop of Horrors - Menken/Ashman,8,https://archiveofourown.org/tags/Little%20Shop%20of%20Horrors%20-%20Menken*s*Ashman/works,Theater
Merrily We Roll Along - Sondheim/Furth,8,https://archiveofourown.org/tags/Merrily%20We%20Roll%20Along%20-%20Sondheim*s*Furth/works,Theater
The Mikado - Sullivan/Gilbert,8,https://archiveofourown.org/tags/The%20Mikado%20-%20Sullivan*s*Gilbert/works,Theater
Raveleijn - Merkelbach/van Loon,8,https://archiveofourown.org/tags/Raveleijn%20-%20Merkelbach*s*van%20Loon/works,Theater
Swan Lake (Bourne),8,https://archiveofourown.org/tags/Swan%20Lake%20(Bourne)/works,Theater
21 Chump Street - Miranda,7,https://archiveofourown.org/tags/21%20Chump%20Street%20-%20Miranda/works,Theater
All's Well That Ends Well - Shakespeare,7,https://archiveofourown.org/tags/All's%20Well%20That%20Ends%20Well%20-%20Shakespeare/works,Theater
An American in Paris - Gershwin/Lucas,7,https://archiveofourown.org/tags/An%20American%20in%20Paris%20-%20Gershwin*s*Lucas/works,Theater
Bat Out Of Hell: The Musical - Steinman,7,https://archiveofourown.org/tags/Bat%20Out%20Of%20Hell:%20The%20Musical%20-%20Steinman/works,Theater
Cat on a Hot Tin Roof - Williams,7,https://archiveofourown.org/tags/Cat%20on%20a%20Hot%20Tin%20Roof%20-%20Williams/works,Theater
The CiviliTy of Albert Cashier - Stevens & Wooden/Deratany,7,https://archiveofourown.org/tags/The%20CiviliTy%20of%20Albert%20Cashier%20-%20Stevens%20*a*%20Wooden*s*Deratany/works,Theater
Copenhagen - Frayn,7,https://archiveofourown.org/tags/Copenhagen%20-%20Frayn/works,Theater
The Devil Gets All The Best Tunes - Pearse/Ferguson,7,https://archiveofourown.org/tags/The%20Devil%20Gets%20All%20The%20Best%20Tunes%20-%20Pearse*s*Ferguson/works,Theater
Die Dreigroschenoper | Threepenny Opera - Brecht/Weill,7,https://archiveofourown.org/tags/Die%20Dreigroschenoper%20%7C%20Threepenny%20Opera%20-%20Brecht*s*Weill/works,Theater
Eddie Izzard - Standup Routines,7,https://archiveofourown.org/tags/Eddie%20Izzard%20-%20Standup%20Routines/works,Theater
Edward II - Marlowe,7,https://archiveofourown.org/tags/Edward%20II%20-%20Marlowe/works,Theater
En Attendant Godot | Waiting for Godot - Beckett,7,https://archiveofourown.org/tags/En%20Attendant%20Godot%20%7C%20Waiting%20for%20Godot%20-%20Beckett/works,Theater
Lilium ~少女純潔歌劇~ - 和田/末満 | Lilium - Wada/Suemitsu,7,https://archiveofourown.org/tags/Lilium%20~%E5%B0%91%E5%A5%B3%E7%B4%94%E6%BD%94%E6%AD%8C%E5%8A%87~%20-%20%E5%92%8C%E7%94%B0*s*%E6%9C%AB%E6%BA%80%20%7C%20Lilium%20-%20Wada*s*Suemitsu/works,Theater
The Mousetrap - Christie,7,https://archiveofourown.org/tags/The%20Mousetrap%20-%20Christie/works,Theater
A New Brain - Finn/Lapine,7,https://archiveofourown.org/tags/A%20New%20Brain%20-%20Finn*s*Lapine/works,Theater
Priscilla Queen of the Desert - Elliott/Scott,7,https://archiveofourown.org/tags/Priscilla%20Queen%20of%20the%20Desert%20-%20Elliott*s*Scott/works,Theater
Secret Garden - Norman/Simon,7,https://archiveofourown.org/tags/Secret%20Garden%20-%20Norman*s*Simon/works,Theater
TRIANGLE - Ichikawa/Shioda,7,https://archiveofourown.org/tags/TRIANGLE%20-%20Ichikawa*s*Shioda/works,Theater
The Wind in the Willows - Stiles/Drewe/Grahame,7,https://archiveofourown.org/tags/The%20Wind%20in%20the%20Willows%20-%20Stiles*s*Drewe*s*Grahame/works,Theater
1789: Les Amants de la Bastille - Various Composers/Attia & Chouquet,6,https://archiveofourown.org/tags/1789:%20Les%20Amants%20de%20la%20Bastille%20-%20Various%20Composers*s*Attia%20*a*%20Chouquet/works,Theater
Aida - John/Rice/Woolverton & Falls & Hwang,6,https://archiveofourown.org/tags/Aida%20-%20John*s*Rice*s*Woolverton%20*a*%20Falls%20*a*%20Hwang/works,Theater
Antony and Cleopatra - Shakespeare,6,https://archiveofourown.org/tags/Antony%20and%20Cleopatra%20-%20Shakespeare/works,Theater
Bloody Bloody Andrew Jackson - Friedman/Timbers,6,https://archiveofourown.org/tags/Bloody%20Bloody%20Andrew%20Jackson%20-%20Friedman*s*Timbers/works,Theater
La Cage aux Folles - All Media Types,6,https://archiveofourown.org/tags/La%20Cage%20aux%20Folles%20-%20All%20Media%20Types/works,Theater
Cymbeline - Shakespeare,6,https://archiveofourown.org/tags/Cymbeline%20-%20Shakespeare/works,Theater
Dead Man's Party - Six Flags,6,https://archiveofourown.org/tags/Dead%20Man's%20Party%20-%20Six%20Flags/works,Theater
The Diary of a Provincial Lady - Hudson/Pearse,6,https://archiveofourown.org/tags/The%20Diary%20of%20a%20Provincial%20Lady%20-%20Hudson*s*Pearse/works,Theater
Dog Sees God: Confessions of a Teenage Blockhead - Royal,6,https://archiveofourown.org/tags/Dog%20Sees%20God:%20Confessions%20of%20a%20Teenage%20Blockhead%20-%20Royal/works,Theater
H.M.S. Pinafore - Sullivan/Gilbert,6,https://archiveofourown.org/tags/H*d*M*d*S*d*%20Pinafore%20-%20Sullivan*s*Gilbert/works,Theater
King John - Shakespeare,6,https://archiveofourown.org/tags/King%20John%20-%20Shakespeare/works,Theater
Love's Labour's Lost - Shakespeare,6,https://archiveofourown.org/tags/Love's%20Labour's%20Lost%20-%20Shakespeare/works,Theater
Medea - Euripides,6,https://archiveofourown.org/tags/Medea%20-%20Euripides/works,Theater
The New Albion Radio Hour: A Dieselpunk Opera - Shapera,6,https://archiveofourown.org/tags/The%20New%20Albion%20Radio%20Hour:%20A%20Dieselpunk%20Opera%20-%20Shapera/works,Theater
Nobunaga The Fool,6,https://archiveofourown.org/tags/Nobunaga%20The%20Fool/works,Theater
Párizsi élet (Színház),6,https://archiveofourown.org/tags/P%C3%A1rizsi%20%C3%A9let%20(Sz%C3%ADnh%C3%A1z)/works,Theater
Der Rosenkavalier | The Knight of the Rose - Strauss/von Hoffmannsthal/von Kessler,6,https://archiveofourown.org/tags/Der%20Rosenkavalier%20%7C%20The%20Knight%20of%20the%20Rose%20-%20Strauss*s*von%20Hoffmannsthal*s*von%20Kessler/works,Theater
Seussical: The Musical - Flaherty/Ahrens,6,https://archiveofourown.org/tags/Seussical:%20The%20Musical%20-%20Flaherty*s*Ahrens/works,Theater
Turandot - Puccini,6,https://archiveofourown.org/tags/Turandot%20-%20Puccini/works,Theater
Urinetown: The Musical - Hollmann/Kotis,6,https://archiveofourown.org/tags/Urinetown:%20The%20Musical%20-%20Hollmann*s*Kotis/works,Theater
La vie parisienne - Meilhac/Halévy/Offenbach,6,https://archiveofourown.org/tags/La%20vie%20parisienne%20-%20Meilhac*s*Hal%C3%A9vy*s*Offenbach/works,Theater
Bat Boy: The Musical - O'Keefe/Farley/Flemming,5,https://archiveofourown.org/tags/Bat%20Boy:%20The%20Musical%20-%20O'Keefe*s*Farley*s*Flemming/works,Theater
Club SLAZY - Miura & Ise,5,https://archiveofourown.org/tags/Club%20SLAZY%20-%20Miura%20*a*%20Ise/works,Theater
Criminal Improv Series - Criminal Improv Comedy,5,https://archiveofourown.org/tags/Criminal%20Improv%20Series%20-%20Criminal%20Improv%20Comedy/works,Theater
Csínom Palkó - Farkas/Dékany/Lőrinczy,5,https://archiveofourown.org/tags/Cs%C3%ADnom%20Palk%C3%B3%20-%20Farkas*s*D%C3%A9kany*s*L%C5%91rinczy/works,Theater
Dracula: l'amour plus fort que la mort - Ouali,5,https://archiveofourown.org/tags/Dracula:%20l'amour%20plus%20fort%20que%20la%20mort%20-%20Ouali/works,Theater
End Days - Laufer,5,https://archiveofourown.org/tags/End%20Days%20-%20Laufer/works,Theater
Giselle (Ballet),5,https://archiveofourown.org/tags/Giselle%20(Ballet)/works,Theater
Hairspray - Shaiman/Wittman & Shaiman/O'Donnell & Meehan,5,https://archiveofourown.org/tags/Hairspray%20-%20Shaiman*s*Wittman%20*a*%20Shaiman*s*O'Donnell%20*a*%20Meehan/works,Theater
Holy Musical B@man - Team StarKid,5,https://archiveofourown.org/tags/Holy%20Musical%20B@man%20-%20Team%20StarKid/works,Theater
Huis Clos | No Exit - Sartre,5,https://archiveofourown.org/tags/Huis%20Clos%20%7C%20No%20Exit%20-%20Sartre/works,Theater
If/Then - Kitt/Yorkey,5,https://archiveofourown.org/tags/If*s*Then%20-%20Kitt*s*Yorkey/works,Theater
Man of La Mancha - Wasserman/Darion/Leigh,5,https://archiveofourown.org/tags/Man%20of%20La%20Mancha%20-%20Wasserman*s*Darion*s*Leigh/works,Theater
Le Mariage de Figaro | The Marriage of Figaro - Beaumarchais,5,https://archiveofourown.org/tags/Le%20Mariage%20de%20Figaro%20%7C%20The%20Marriage%20of%20Figaro%20-%20Beaumarchais/works,Theater
Merry Wives of Windsor - Shakespeare,5,https://archiveofourown.org/tags/Merry%20Wives%20of%20Windsor%20-%20Shakespeare/works,Theater
Monty Python's Spamalot,5,https://archiveofourown.org/tags/Monty%20Python's%20Spamalot/works,Theater
Starmania - Berger/Plamondon,5,https://archiveofourown.org/tags/Starmania%20-%20Berger*s*Plamondon/works,Theater
Aida - Verdi/Ghislanzoni,4,https://archiveofourown.org/tags/Aida%20-%20Verdi*s*Ghislanzoni/works,Theater
An Atompunk Opera: The New Albion Guide to Analogue Consciousness - Shapera,4,https://archiveofourown.org/tags/An%20Atompunk%20Opera:%20The%20New%20Albion%20Guide%20to%20Analogue%20Consciousness%20-%20Shapera/works,Theater
Cinderella - Rodgers/Hammerstein/Beane,4,https://archiveofourown.org/tags/Cinderella%20-%20Rodgers*s*Hammerstein*s*Beane/works,Theater
Don Juan in Soho - Marber,4,https://archiveofourown.org/tags/Don%20Juan%20in%20Soho%20-%20Marber/works,Theater
Evita - All Media Types,4,https://archiveofourown.org/tags/Evita%20-%20All%20Media%20Types/works,Theater
Giulietta e Romeo - Cocciante/Panella,4,https://archiveofourown.org/tags/Giulietta%20e%20Romeo%20-%20Cocciante*s*Panella/works,Theater
Hedda Gabler - Ibsen,4,https://archiveofourown.org/tags/Hedda%20Gabler%20-%20Ibsen/works,Theater
The Hunchback of Notre Dame - Menken/Schwartz/Parnell,4,https://archiveofourown.org/tags/The%20Hunchback%20of%20Notre%20Dame%20-%20Menken*s*Schwartz*s*Parnell/works,Theater
The Jew of Malta - Marlowe,4,https://archiveofourown.org/tags/The%20Jew%20of%20Malta%20-%20Marlowe/works,Theater
Matthew Bourne's Sleeping Beauty: A Gothic Romance,4,https://archiveofourown.org/tags/Matthew%20Bourne's%20Sleeping%20Beauty:%20A%20Gothic%20Romance/works,Theater
Picnic - Inge,4,https://archiveofourown.org/tags/Picnic%20-%20Inge/works,Theater
Pippin - Schwartz/Hirson,4,https://archiveofourown.org/tags/Pippin%20-%20Schwartz*s*Hirson/works,Theater
Proof - Auburn,4,https://archiveofourown.org/tags/Proof%20-%20Auburn/works,Theater
Rebecca - Levay/Kunze,4,https://archiveofourown.org/tags/Rebecca%20-%20Levay*s*Kunze/works,Theater
Romeo & Juliet - Takarazuka Revue,4,https://archiveofourown.org/tags/Romeo%20*a*%20Juliet%20-%20Takarazuka%20Revue/works,Theater
Who's Afraid of Virginia Woolf? - Albee,4,https://archiveofourown.org/tags/Who's%20Afraid%20of%20Virginia%20Woolf*q*%20-%20Albee/works,Theater
You Can't Take It With You - All Media Types,4,https://archiveofourown.org/tags/You%20Can't%20Take%20It%20With%20You%20-%20All%20Media%20Types/works,Theater
3 Musketiers - Bolland/Bolland,3,https://archiveofourown.org/tags/3%20Musketiers%20-%20Bolland*s*Bolland/works,Theater
Adam et Eve la Seconde Chance - Obispo/Duprez,3,https://archiveofourown.org/tags/Adam%20et%20Eve%20la%20Seconde%20Chance%20-%20Obispo*s*Duprez/works,Theater
The Addams Family - Lippa/Brickman & Elice,3,https://archiveofourown.org/tags/The%20Addams%20Family%20-%20Lippa*s*Brickman%20*a*%20Elice/works,Theater
Anything Goes - Porter,3,https://archiveofourown.org/tags/Anything%20Goes%20-%20Porter/works,Theater
La Bayadère,3,https://archiveofourown.org/tags/La%20Bayad%C3%A8re/works,Theater
Blackbird - Harrower,3,https://archiveofourown.org/tags/Blackbird%20-%20Harrower/works,Theater
La bohème - Puccini/Illica/Giacosa,3,https://archiveofourown.org/tags/La%20boh%C3%A8me%20-%20Puccini*s*Illica*s*Giacosa/works,Theater
A Chorus Line - Hamlisch/Klebin/Kirkwood & Dante,3,https://archiveofourown.org/tags/A%20Chorus%20Line%20-%20Hamlisch*s*Klebin*s*Kirkwood%20*a*%20Dante/works,Theater
Les Contes d'Hoffman - Offenbach/Barbier,3,https://archiveofourown.org/tags/Les%20Contes%20d'Hoffman%20-%20Offenbach*s*Barbier/works,Theater
Così fan tutte - Mozart/Da Ponte,3,https://archiveofourown.org/tags/Cos%C3%AC%20fan%20tutte%20-%20Mozart*s*Da%20Ponte/works,Theater
Damn Yankees - Adler/Ross/Abbott/Wallop,3,https://archiveofourown.org/tags/Damn%20Yankees%20-%20Adler*s*Ross*s*Abbott*s*Wallop/works,Theater
Don Carlos - Friedrich Schiller,3,https://archiveofourown.org/tags/Don%20Carlos%20-%20Friedrich%20Schiller/works,Theater
Don Juan - Gray,3,https://archiveofourown.org/tags/Don%20Juan%20-%20Gray/works,Theater
The Fix - Rowe/Dempsey,3,https://archiveofourown.org/tags/The%20Fix%20-%20Rowe*s*Dempsey/works,Theater
The Fourth Messenger - Teng/Shaffer,3,https://archiveofourown.org/tags/The%20Fourth%20Messenger%20-%20Teng*s*Shaffer/works,Theater
Fun Home - Tesori/Kron,3,https://archiveofourown.org/tags/Fun%20Home%20-%20Tesori*s*Kron/works,Theater
銀の狼 | Gin no Ookami | Silver Wolf - Takarazuka Revue,3,https://archiveofourown.org/tags/%E9%8A%80%E3%81%AE%E7%8B%BC%20%7C%20Gin%20no%20Ookami%20%7C%20Silver%20Wolf%20-%20Takarazuka%20Revue/works,Theater
The Glass Menagerie - Williams,3,https://archiveofourown.org/tags/The%20Glass%20Menagerie%20-%20Williams/works,Theater
ごがくゆう | Gogakuyuu,3,https://archiveofourown.org/tags/%E3%81%94%E3%81%8C%E3%81%8F%E3%82%86%E3%81%86%20%7C%20Gogakuyuu/works,Theater
How To Succeed In Business Without Really Trying - Loesser/Burrows & Weinstock & Gilbert,3,https://archiveofourown.org/tags/How%20To%20Succeed%20In%20Business%20Without%20Really%20Trying%20-%20Loesser*s*Burrows%20*a*%20Weinstock%20*a*%20Gilbert/works,Theater
Die Kameliendame | Lady of the Camellias - Chopin/Neumeier,3,https://archiveofourown.org/tags/Die%20Kameliendame%20%7C%20Lady%20of%20the%20Camellias%20-%20Chopin*s*Neumeier/works,Theater
Kiss of the Spider Woman - All Media Types,3,https://archiveofourown.org/tags/Kiss%20of%20the%20Spider%20Woman%20-%20All%20Media%20Types/works,Theater
The Lady's Not for Burning - Fry,3,https://archiveofourown.org/tags/The%20Lady's%20Not%20for%20Burning%20-%20Fry/works,Theater
A Little Night Music - Sondheim/Wheeler,3,https://archiveofourown.org/tags/A%20Little%20Night%20Music%20-%20Sondheim*s*Wheeler/works,Theater
Paris Letter - Jon Robin Baitz,3,https://archiveofourown.org/tags/Paris%20Letter%20-%20Jon%20Robin%20Baitz/works,Theater
Passion - Sondheim/Lapine,3,https://archiveofourown.org/tags/Passion%20-%20Sondheim*s*Lapine/works,Theater
Ruddigore - Sullivan/Gilbert,3,https://archiveofourown.org/tags/Ruddigore%20-%20Sullivan*s*Gilbert/works,Theater
Sunday in the Park with George - Sondheim/Lapine,3,https://archiveofourown.org/tags/Sunday%20in%20the%20Park%20with%20George%20-%20Sondheim*s*Lapine/works,Theater
La Sylphide,3,https://archiveofourown.org/tags/La%20Sylphide/works,Theater
Tosca - Puccini/Illica/Giacosa,3,https://archiveofourown.org/tags/Tosca%20-%20Puccini*s*Illica*s*Giacosa/works,Theater
Troades | The Trojan Women - Euripides,3,https://archiveofourown.org/tags/Troades%20%7C%20The%20Trojan%20Women%20-%20Euripides/works,Theater
Twisted: The Untold Story of a Royal Vizier - Holmes/McMahon/Lang & Lang & Gale,3,https://archiveofourown.org/tags/Twisted:%20The%20Untold%20Story%20of%20a%20Royal%20Vizier%20-%20Holmes*s*McMahon*s*Lang%20*a*%20Lang%20*a*%20Gale/works,Theater
The Unfortunates - Beavers/Monsef/Merrigan/Hurt,3,https://archiveofourown.org/tags/The%20Unfortunates%20-%20Beavers*s*Monsef*s*Merrigan*s*Hurt/works,Theater
Venice - Sax/Rosen,3,https://archiveofourown.org/tags/Venice%20-%20Sax*s*Rosen/works,Theater
A View from the Bridge - Miller,3,https://archiveofourown.org/tags/A%20View%20from%20the%20Bridge%20-%20Miller/works,Theater
The Woman in White - Webber/Zippel/Jones,3,https://archiveofourown.org/tags/The%20Woman%20in%20White%20-%20Webber*s*Zippel*s*Jones/works,Theater
YANK! - Zellnik/Zellnik,3,https://archiveofourown.org/tags/YANK!%20-%20Zellnik*s*Zellnik/works,Theater
1789 - バスティーユの恋人たち | 1789: Les Amants de la Bastille - Takarazuka Revue,2,https://archiveofourown.org/tags/1789%20-%20%E3%83%90%E3%82%B9%E3%83%86%E3%82%A3%E3%83%BC%E3%83%A6%E3%81%AE%E6%81%8B%E4%BA%BA%E3%81%9F%E3%81%A1%20%7C%201789:%20Les%20Amants%20de%20la%20Bastille%20-%20Takarazuka%20Revue/works,Theater
9 to 5 the Musical - Parton/Resnick,2,https://archiveofourown.org/tags/9%20to%205%20the%20Musical%20-%20Parton*s*Resnick/works,Theater
Aladdin - Menken/Ashman,2,https://archiveofourown.org/tags/Aladdin%20-%20Menken*s*Ashman/works,Theater
Altar Boyz - Adler/Walker/Del Aguila,2,https://archiveofourown.org/tags/Altar%20Boyz%20-%20Adler*s*Walker*s*Del%20Aguila/works,Theater
Amélie - Messé/Tysen/Lucas,2,https://archiveofourown.org/tags/Am%C3%A9lie%20-%20Mess%C3%A9*s*Tysen*s*Lucas/works,Theater
Another Country - Julian Mitchell,2,https://archiveofourown.org/tags/Another%20Country%20-%20Julian%20Mitchell/works,Theater
Antigone - Anouilh,2,https://archiveofourown.org/tags/Antigone%20-%20Anouilh/works,Theater
Artaserse - Pietro Metastasio,2,https://archiveofourown.org/tags/Artaserse%20-%20Pietro%20Metastasio/works,Theater
Ascunion - Eisenberg,2,https://archiveofourown.org/tags/Ascunion%20-%20Eisenberg/works,Theater
Av. Larco: El Musical - Tondero Producciones,2,https://archiveofourown.org/tags/Av*d*%20Larco:%20El%20Musical%20-%20Tondero%20Producciones/works,Theater
Bara no Fuuin | Seal of Roses - Takarazuka Revue,2,https://archiveofourown.org/tags/Bara%20no%20Fuuin%20%7C%20Seal%20of%20Roses%20-%20Takarazuka%20Revue/works,Theater
Becket - Anouilh,2,https://archiveofourown.org/tags/Becket%20-%20Anouilh/works,Theater
The Beggar's Opera - Pepusch/Gay,2,https://archiveofourown.org/tags/The%20Beggar's%20Opera%20-%20Pepusch*s*Gay/works,Theater
Bérénice - Racine,2,https://archiveofourown.org/tags/B%C3%A9r%C3%A9nice%20-%20Racine/works,Theater
The Black Rider - Waits/Burroughs,2,https://archiveofourown.org/tags/The%20Black%20Rider%20-%20Waits*s*Burroughs/works,Theater
Bring It On - Miranda & Kitt/Green & Miranda/Whitty,2,https://archiveofourown.org/tags/Bring%20It%20On%20-%20Miranda%20*a*%20Kitt*s*Green%20*a*%20Miranda*s*Whitty/works,Theater
Circle Mirror Transformation - Baker,2,https://archiveofourown.org/tags/Circle%20Mirror%20Transformation%20-%20Baker/works,Theater
Crazy For You - Ludwig/Gershwin,2,https://archiveofourown.org/tags/Crazy%20For%20You%20-%20Ludwig*s*Gershwin/works,Theater
Death Note: The Musical - Wildhorn/Murphy,2,https://archiveofourown.org/tags/Death%20Note:%20The%20Musical%20-%20Wildhorn*s*Murphy/works,Theater
Drood - Holmes,2,https://archiveofourown.org/tags/Drood%20-%20Holmes/works,Theater
Dziady | Forefather's Eve - Mickiewicz,2,https://archiveofourown.org/tags/Dziady%20%7C%20Forefather's%20Eve%20-%20Mickiewicz/works,Theater
Et dukkehjem | A Doll's House - Henrik Ibsen,2,https://archiveofourown.org/tags/Et%20dukkehjem%20%7C%20A%20Doll's%20House%20-%20Henrik%20Ibsen/works,Theater
Evita - Webber/Rice,2,https://archiveofourown.org/tags/Evita%20-%20Webber*s*Rice/works,Theater
Faust - Gounod/Barbier,2,https://archiveofourown.org/tags/Faust%20-%20Gounod*s*Barbier/works,Theater
The Female Odd Couple - Simon,2,https://archiveofourown.org/tags/The%20Female%20Odd%20Couple%20-%20Simon/works,Theater
Die Fledermaus - Strauss II/Haffner/Genée,2,https://archiveofourown.org/tags/Die%20Fledermaus%20-%20Strauss%20II*s*Haffner*s*Gen%C3%A9e/works,Theater
Godspell - Schwartz,2,https://archiveofourown.org/tags/Godspell%20-%20Schwartz/works,Theater
Grease - Jacobs & Casey & Farrar,2,https://archiveofourown.org/tags/Grease%20-%20Jacobs%20*a*%20Casey%20*a*%20Farrar/works,Theater
The Hard Problem - Stoppard,2,https://archiveofourown.org/tags/The%20Hard%20Problem%20-%20Stoppard/works,Theater
Hernani; ou l’Honneur castillan - Hugo,2,https://archiveofourown.org/tags/Hernani;%20ou%20l%E2%80%99Honneur%20castillan%20-%20Hugo/works,Theater
An Ideal Husband - Wilde,2,https://archiveofourown.org/tags/An%20Ideal%20Husband%20-%20Wilde/works,Theater
Idomeneo - Mozart/Varesco,2,https://archiveofourown.org/tags/Idomeneo%20-%20Mozart*s*Varesco/works,Theater
Invention of Love - Stoppard,2,https://archiveofourown.org/tags/Invention%20of%20Love%20-%20Stoppard/works,Theater
James I: The Key Will Keep the Lock - Munro,2,https://archiveofourown.org/tags/James%20I:%20The%20Key%20Will%20Keep%20the%20Lock%20-%20Munro/works,Theater
Kiss Me Kate - All Media Types,2,https://archiveofourown.org/tags/Kiss%20Me%20Kate%20-%20All%20Media%20Types/works,Theater
Koozå - Cirque du Soleil,2,https://archiveofourown.org/tags/Kooz%C3%A5%20-%20Cirque%20du%20Soleil/works,Theater
Kordian - Słowacki,2,https://archiveofourown.org/tags/Kordian%20-%20S%C5%82owacki/works,Theater
L'italiana in Algeri | The Italian Girl in Algiers - Rossini/Anelli,2,https://archiveofourown.org/tags/L'italiana%20in%20Algeri%20%7C%20The%20Italian%20Girl%20in%20Algiers%20-%20Rossini*s*Anelli/works,Theater
Machine - Tan Tarn How,2,https://archiveofourown.org/tags/Machine%20-%20Tan%20Tarn%20How/works,Theater
Madama Butterfly - Puccini/Illica/Giacosa,2,https://archiveofourown.org/tags/Madama%20Butterfly%20-%20Puccini*s*Illica*s*Giacosa/works,Theater
Mary Poppins - Sherman/Stiles/Drew/Fellowes,2,https://archiveofourown.org/tags/Mary%20Poppins%20-%20Sherman*s*Stiles*s*Drew*s*Fellowes/works,Theater
Matilda the Musical - Minchin/Kelly,2,https://archiveofourown.org/tags/Matilda%20the%20Musical%20-%20Minchin*s*Kelly/works,Theater
Moses und Aron - Schoenberg,2,https://archiveofourown.org/tags/Moses%20und%20Aron%20-%20Schoenberg/works,Theater
Murder in the Cathedral - Eliot,2,https://archiveofourown.org/tags/Murder%20in%20the%20Cathedral%20-%20Eliot/works,Theater
Mutter Courage und ihre Kinder | Mother Courage - Brecht/Steffin,2,https://archiveofourown.org/tags/Mutter%20Courage%20und%20ihre%20Kinder%20%7C%20Mother%20Courage%20-%20Brecht*s*Steffin/works,Theater
Nuestras Vidas Privadas | Our Private Life - Rozo,2,https://archiveofourown.org/tags/Nuestras%20Vidas%20Privadas%20%7C%20Our%20Private%20Life%20-%20Rozo/works,Theater
L'Oiseau bleu | The Blue Bird - Maeterlinck,2,https://archiveofourown.org/tags/L'Oiseau%20bleu%20%7C%20The%20Blue%20Bird%20-%20Maeterlinck/works,Theater
Once Upon a Mattress - Rodgers/Barer/Fuller/Thompson,2,https://archiveofourown.org/tags/Once%20Upon%20a%20Mattress%20-%20Rodgers*s*Barer*s*Fuller*s*Thompson/works,Theater
Our Boys - Jonathan Lewis,2,https://archiveofourown.org/tags/Our%20Boys%20-%20Jonathan%20Lewis/works,Theater
The Perfect American - Glass/Wurlitzer,2,https://archiveofourown.org/tags/The%20Perfect%20American%20-%20Glass*s*Wurlitzer/works,Theater
Pericles: Prince of Tyre - Shakespeare,2,https://archiveofourown.org/tags/Pericles:%20Prince%20of%20Tyre%20-%20Shakespeare/works,Theater
Peter and the Starcatcher - Elice,2,https://archiveofourown.org/tags/Peter%20and%20the%20Starcatcher%20-%20Elice/works,Theater
Portal 2: The (Unauthorized) Musical - geekenders,2,https://archiveofourown.org/tags/Portal%202:%20The%20(Unauthorized)%20Musical%20-%20geekenders/works,Theater
R.U.R. - Čapek,2,https://archiveofourown.org/tags/R*d*U*d*R*d*%20-%20%C4%8Capek/works,Theater
Ragtime - Flaherty/Ahrens/McNally,2,https://archiveofourown.org/tags/Ragtime%20-%20Flaherty*s*Ahrens*s*McNally/works,Theater
The Rake's Progress - Stravinsky/Auden/Kallman,2,https://archiveofourown.org/tags/The%20Rake's%20Progress%20-%20Stravinsky*s*Auden*s*Kallman/works,Theater
Rudolf - Wildhorn/Murphy/Huang/Knighton,2,https://archiveofourown.org/tags/Rudolf%20-%20Wildhorn*s*Murphy*s*Huang*s*Knighton/works,Theater
Sea Fret - Brown,2,https://archiveofourown.org/tags/Sea%20Fret%20-%20Brown/works,Theater
She Kills Monsters - Nguyen,2,https://archiveofourown.org/tags/She%20Kills%20Monsters%20-%20Nguyen/works,Theater
A Streetcar Named Desire - Previn/Littell,2,https://archiveofourown.org/tags/A%20Streetcar%20Named%20Desire%20-%20Previn*s*Littell/works,Theater
Ten Commandments: The Musical,2,https://archiveofourown.org/tags/Ten%20Commandments:%20The%20Musical/works,Theater
Thomas of Woodstock (Play),2,https://archiveofourown.org/tags/Thomas%20of%20Woodstock%20(Play)/works,Theater
Thoroughly Modern Millie - All Media Types,2,https://archiveofourown.org/tags/Thoroughly%20Modern%20Millie%20-%20All%20Media%20Types/works,Theater
'Tis Pity She's a Whore - Ford,2,https://archiveofourown.org/tags/'Tis%20Pity%20She's%20a%20Whore%20-%20Ford/works,Theater
Touch - Casemore,2,https://archiveofourown.org/tags/Touch%20-%20Casemore/works,Theater
刀剣乱舞 〜阿津賀志山異聞〜 | Touken Ranbu: Atsukashiyama Ibun - YOSHIZUMI/Mikasano,2,https://archiveofourown.org/tags/%E5%88%80%E5%89%A3%E4%B9%B1%E8%88%9E%20%E3%80%9C%E9%98%BF%E6%B4%A5%E8%B3%80%E5%BF%97%E5%B1%B1%E7%95%B0%E8%81%9E%E3%80%9C%20%7C%20Touken%20Ranbu:%20Atsukashiyama%20Ibun%20-%20YOSHIZUMI*s*Mikasano/works,Theater
La Traviata - Verdi/Piave,2,https://archiveofourown.org/tags/La%20Traviata%20-%20Verdi*s*Piave/works,Theater
Tropicana the Musical - Wong/Tan/Sharma,2,https://archiveofourown.org/tags/Tropicana%20the%20Musical%20-%20Wong*s*Tan*s*Sharma/works,Theater
The Turn of the Screw - Britten/Piper,2,https://archiveofourown.org/tags/The%20Turn%20of%20the%20Screw%20-%20Britten*s*Piper/works,Theater
Дядя Ваня - Анто́н Па́влович Че́хов | Uncle Vanya - Anton Chekhov,2,https://archiveofourown.org/tags/%D0%94%D1%8F%D0%B4%D1%8F%20%D0%92%D0%B0%D0%BD%D1%8F%20-%20%D0%90%D0%BD%D1%82%D0%BE%CC%81%D0%BD%20%D0%9F%D0%B0%CC%81%D0%B2%D0%BB%D0%BE%D0%B2%D0%B8%D1%87%20%D0%A7%D0%B5%CC%81%D1%85%D0%BE%D0%B2%20%7C%20Uncle%20Vanya%20-%20Anton%20Chekhov/works,Theater
Van Aki Forrón Szereti (Színház),2,https://archiveofourown.org/tags/Van%20Aki%20Forr%C3%B3n%20Szereti%20(Sz%C3%ADnh%C3%A1z)/works,Theater
Venus in Fur - Ives,2,https://archiveofourown.org/tags/Venus%20in%20Fur%20-%20Ives/works,Theater
The Wild Party - Lippa,2,https://archiveofourown.org/tags/The%20Wild%20Party%20-%20Lippa/works,Theater
The Wizard of Oz - Arlen/Harburg/Lloyd Webber/Sams,2,https://archiveofourown.org/tags/The%20Wizard%20of%20Oz%20-%20Arlen*s*Harburg*s*Lloyd%20Webber*s*Sams/works,Theater
Women on the Verge of a Nervous Breakdown - All Media Types,2,https://archiveofourown.org/tags/Women%20on%20the%20Verge%20of%20a%20Nervous%20Breakdown%20-%20All%20Media%20Types/works,Theater
Zanna Don't! - Acito/Dinelaris,2,https://archiveofourown.org/tags/Zanna%20Don't!%20-%20Acito*s*Dinelaris/works,Theater
Zombie Prom - Rowe/Dempsey,2,https://archiveofourown.org/tags/Zombie%20Prom%20-%20Rowe*s*Dempsey/works,Theater
100 - The Imaginary Body - Heimann & Monaghan & Petterle,1,https://archiveofourown.org/tags/100%20-%20The%20Imaginary%20Body%20-%20Heimann%20*a*%20Monaghan%20*a*%20Petterle/works,Theater
13 - Brown/Elish/Horn,1,https://archiveofourown.org/tags/13%20-%20Brown*s*Elish*s*Horn/works,Theater
4.48 Psychosis - Kane,1,https://archiveofourown.org/tags/4*d*48%20Psychosis%20-%20Kane/works,Theater
Abraham Lincoln's Big Gay Dance Party - Loeb,1,https://archiveofourown.org/tags/Abraham%20Lincoln's%20Big%20Gay%20Dance%20Party%20-%20Loeb/works,Theater
Alegría - Cirque du Soleil,1,https://archiveofourown.org/tags/Alegr%C3%ADa%20-%20Cirque%20du%20Soleil/works,Theater
All For Love - Dryden,1,https://archiveofourown.org/tags/All%20For%20Love%20-%20Dryden/works,Theater
Allegiance - Kuo/Acito/Thione,1,https://archiveofourown.org/tags/Allegiance%20-%20Kuo*s*Acito*s*Thione/works,Theater
Amaluna - Cirque du Soleil,1,https://archiveofourown.org/tags/Amaluna%20-%20Cirque%20du%20Soleil/works,Theater
Arms and the Man - Shaw,1,https://archiveofourown.org/tags/Arms%20and%20the%20Man%20-%20Shaw/works,Theater
Artus-Excalibur - Wildhorn/Lerner/Menchell,1,https://archiveofourown.org/tags/Artus-Excalibur%20-%20Wildhorn*s*Lerner*s*Menchell/works,Theater
Avenue Jew - Lopez/Marx,1,https://archiveofourown.org/tags/Avenue%20Jew%20-%20Lopez*s*Marx/works,Theater
Balladyna - Słowacki,1,https://archiveofourown.org/tags/Balladyna%20-%20S%C5%82owacki/works,Theater
Un Ballo in Maschera | A Masked Ball - Verdi/Somma,1,https://archiveofourown.org/tags/Un%20Ballo%20in%20Maschera%20%7C%20A%20Masked%20Ball%20-%20Verdi*s*Somma/works,Theater
Il barbiere di Siviglia | The Barber of Seville - Rossini/Sterbini,1,https://archiveofourown.org/tags/Il%20barbiere%20di%20Siviglia%20%7C%20The%20Barber%20of%20Seville%20-%20Rossini*s*Sterbini/works,Theater
Barnum - Coleman/Stewart/Bramble,1,https://archiveofourown.org/tags/Barnum%20-%20Coleman*s*Stewart*s*Bramble/works,Theater
Bent - Sherman,1,https://archiveofourown.org/tags/Bent%20-%20Sherman/works,Theater
Der Besuch der alten Dame | The Visit - Dürrenmatt,1,https://archiveofourown.org/tags/Der%20Besuch%20der%20alten%20Dame%20%7C%20The%20Visit%20-%20D%C3%BCrrenmatt/works,Theater
Birmingham Hippodrome Robin Hood Pantomine,1,https://archiveofourown.org/tags/Birmingham%20Hippodrome%20Robin%20Hood%20Pantomine/works,Theater
The Black Suits - Iconis,1,https://archiveofourown.org/tags/The%20Black%20Suits%20-%20Iconis/works,Theater
Black Watch - Gregory Burke,1,https://archiveofourown.org/tags/Black%20Watch%20-%20Gregory%20Burke/works,Theater
Blood Brothers - Russell,1,https://archiveofourown.org/tags/Blood%20Brothers%20-%20Russell/works,Theater
A Bronx Tale - Menken/Slater/Palminteri,1,https://archiveofourown.org/tags/A%20Bronx%20Tale%20-%20Menken*s*Slater*s*Palminteri/works,Theater
Butley - Simon Gray,1,https://archiveofourown.org/tags/Butley%20-%20Simon%20Gray/works,Theater
Camelot - Lerner/Loewe,1,https://archiveofourown.org/tags/Camelot%20-%20Lerner*s*Loewe/works,Theater
Carmen - Bizet/Halévy & Meilhac,1,https://archiveofourown.org/tags/Carmen%20-%20Bizet*s*Hal%C3%A9vy%20*a*%20Meilhac/works,Theater
Carousel - Rodgers/Hammerstein,1,https://archiveofourown.org/tags/Carousel%20-%20Rodgers*s*Hammerstein/works,Theater
The Children's Hour - Hellman,1,https://archiveofourown.org/tags/The%20Children's%20Hour%20-%20Hellman/works,Theater
The Civil War - Wildhorn/Murphy/Boyd & Wildhorn,1,https://archiveofourown.org/tags/The%20Civil%20War%20-%20Wildhorn*s*Murphy*s*Boyd%20*a*%20Wildhorn/works,Theater
Clue: The Musical,1,https://archiveofourown.org/tags/Clue:%20The%20Musical/works,Theater
The Coast of Utopia - Stoppard,1,https://archiveofourown.org/tags/The%20Coast%20of%20Utopia%20-%20Stoppard/works,Theater
Comedy of Errors - Shakespeare,1,https://archiveofourown.org/tags/Comedy%20of%20Errors%20-%20Shakespeare/works,Theater
A Connecticut Yankee in King Arthur's Court (Stage Play),1,https://archiveofourown.org/tags/A%20Connecticut%20Yankee%20in%20King%20Arthur's%20Court%20(Stage%20Play)/works,Theater
The Count of Monte Cristo - Wildhorn/Murphy,1,https://archiveofourown.org/tags/The%20Count%20of%20Monte%20Cristo%20-%20Wildhorn*s*Murphy/works,Theater
Die Csárdásfürstin | The Gypsy Princess - Kalman/Stein/Jenbach,1,https://archiveofourown.org/tags/Die%20Cs%C3%A1rd%C3%A1sf%C3%BCrstin%20%7C%20The%20Gypsy%20Princess%20-%20Kalman*s*Stein*s*Jenbach/works,Theater
Curtains - Kander/Ebb/Holmes,1,https://archiveofourown.org/tags/Curtains%20-%20Kander*s*Ebb*s*Holmes/works,Theater
D.N.A. - Dennis Kelly,1,https://archiveofourown.org/tags/D*d*N*d*A*d*%20-%20Dennis%20Kelly/works,Theater
Dancing at Lughnasa - Friel,1,https://archiveofourown.org/tags/Dancing%20at%20Lughnasa%20-%20Friel/works,Theater
Davis & McQuillan - Davis/McQuillan,1,https://archiveofourown.org/tags/Davis%20*a*%20McQuillan%20-%20Davis*s*McQuillan/works,Theater
Death of a Salesman - Miller,1,https://archiveofourown.org/tags/Death%20of%20a%20Salesman%20-%20Miller/works,Theater
The Diary of a Nobody - Pearse/Finnemore,1,https://archiveofourown.org/tags/The%20Diary%20of%20a%20Nobody%20-%20Pearse*s*Finnemore/works,Theater
The Diviners - Jim Leonard Jr.,1,https://archiveofourown.org/tags/The%20Diviners%20-%20Jim%20Leonard%20Jr*d*/works,Theater
Les Dix Commandements - Obispo/Florence & Guirao,1,https://archiveofourown.org/tags/Les%20Dix%20Commandements%20-%20Obispo*s*Florence%20*a*%20Guirao/works,Theater
DNA - Kelly,1,https://archiveofourown.org/tags/DNA%20-%20Kelly/works,Theater
Doctor Zhivago - Simon/Korie & Powers/Weller,1,https://archiveofourown.org/tags/Doctor%20Zhivago%20-%20Simon*s*Korie%20*a*%20Powers*s*Weller/works,Theater
髑髏城の七人 | Dokuro-Jo no Shichinin | Seven Souls in Skull Castle,1,https://archiveofourown.org/tags/%E9%AB%91%E9%AB%8F%E5%9F%8E%E3%81%AE%E4%B8%83%E4%BA%BA%20%7C%20Dokuro-Jo%20no%20Shichinin%20%7C%20Seven%20Souls%20in%20Skull%20Castle/works,Theater
Dom Juan - Molière,1,https://archiveofourown.org/tags/Dom%20Juan%20-%20Moli%C3%A8re/works,Theater
ドン ・ ジュアン | Don Juan - Takarazuka Revue,1,https://archiveofourown.org/tags/%E3%83%89%E3%83%B3%20%E3%83%BB%20%E3%82%B8%E3%83%A5%E3%82%A2%E3%83%B3%20%7C%20Don%20Juan%20-%20Takarazuka%20Revue/works,Theater
Dracula - Deane & Balderston,1,https://archiveofourown.org/tags/Dracula%20-%20Deane%20*a*%20Balderston/works,Theater
The Drowsy Chaperone - Lambert & Morrison/Martin & McKellar,1,https://archiveofourown.org/tags/The%20Drowsy%20Chaperone%20-%20Lambert%20*a*%20Morrison*s*Martin%20*a*%20McKellar/works,Theater
Electra - Sophocles,1,https://archiveofourown.org/tags/Electra%20-%20Sophocles/works,Theater
エリザベート | Elisabeth - Takarazuka Revue,1,https://archiveofourown.org/tags/%E3%82%A8%E3%83%AA%E3%82%B6%E3%83%99%E3%83%BC%E3%83%88%20%7C%20Elisabeth%20-%20Takarazuka%20Revue/works,Theater
Emilia Galotti - Lessing,1,https://archiveofourown.org/tags/Emilia%20Galotti%20-%20Lessing/works,Theater
En folkefiende | An Enemy of the People - Henrik Ibsen,1,https://archiveofourown.org/tags/En%20folkefiende%20%7C%20An%20Enemy%20of%20the%20People%20-%20Henrik%20Ibsen/works,Theater
Endgame - Samuel Beckett,1,https://archiveofourown.org/tags/Endgame%20-%20Samuel%20Beckett/works,Theater
Equus - Peter Shaffer,1,https://archiveofourown.org/tags/Equus%20-%20Peter%20Shaffer/works,Theater
Evangeline - Dykstra,1,https://archiveofourown.org/tags/Evangeline%20-%20Dykstra/works,Theater
Evil Dead: The Musical,1,https://archiveofourown.org/tags/Evil%20Dead:%20The%20Musical/works,Theater
L'État de Siège | The State of Siege - Camus,1,https://archiveofourown.org/tags/L'%C3%89tat%20de%20Si%C3%A8ge%20%7C%20The%20State%20of%20Siege%20-%20Camus/works,Theater
Fanny Whittington - Lashings of Ginger Beer Time (pantomime),1,https://archiveofourown.org/tags/Fanny%20Whittington%20-%20Lashings%20of%20Ginger%20Beer%20Time%20(pantomime)/works,Theater
The Fantasticks - Schmidt/Jones,1,https://archiveofourown.org/tags/The%20Fantasticks%20-%20Schmidt*s*Jones/works,Theater
Les Feluettes | Lilies - Michel Marc Bouchard,1,https://archiveofourown.org/tags/Les%20Feluettes%20%7C%20Lilies%20-%20Michel%20Marc%20Bouchard/works,Theater
Floyd Collins - Landau/Guettel,1,https://archiveofourown.org/tags/Floyd%20Collins%20-%20Landau*s*Guettel/works,Theater
Follies - Sondheim/Goldman,1,https://archiveofourown.org/tags/Follies%20-%20Sondheim*s*Goldman/works,Theater
Frankenstein and the Sharks of Doom - Hudson/Pearse,1,https://archiveofourown.org/tags/Frankenstein%20and%20the%20Sharks%20of%20Doom%20-%20Hudson*s*Pearse/works,Theater
Der Freischütz - Weber/Kind,1,https://archiveofourown.org/tags/Der%20Freisch%C3%BCtz%20-%20Weber*s*Kind/works,Theater
Frozen - Bryony Lavery,1,https://archiveofourown.org/tags/Frozen%20-%20Bryony%20Lavery/works,Theater
Gondoliers or The King of Barataria - Sullivan/Gilbert,1,https://archiveofourown.org/tags/Gondoliers%20or%20The%20King%20of%20Barataria%20-%20Sullivan*s*Gilbert/works,Theater
The Grand Duke - Sullivan/Gilbert,1,https://archiveofourown.org/tags/The%20Grand%20Duke%20-%20Sullivan*s*Gilbert/works,Theater
Der Grüne Tisch | The Green Table (Ballet),1,https://archiveofourown.org/tags/Der%20Gr%C3%BCne%20Tisch%20%7C%20The%20Green%20Table%20(Ballet)/works,Theater
Hand To God - Askins,1,https://archiveofourown.org/tags/Hand%20To%20God%20-%20Askins/works,Theater
Hello Dolly! - Herman,1,https://archiveofourown.org/tags/Hello%20Dolly!%20-%20Herman/works,Theater
Holiday Inn - Berlin/Greenberg & Hodge,1,https://archiveofourown.org/tags/Holiday%20Inn%20-%20Berlin*s*Greenberg%20*a*%20Hodge/works,Theater
I Never Saw Another Butterfly - Raspanti,1,https://archiveofourown.org/tags/I%20Never%20Saw%20Another%20Butterfly%20-%20Raspanti/works,Theater
Icarus Fights the Minotaur - Yokanaan Kearns,1,https://archiveofourown.org/tags/Icarus%20Fights%20the%20Minotaur%20-%20Yokanaan%20Kearns/works,Theater
Inherit the Wind - Lawrence & Lee,1,https://archiveofourown.org/tags/Inherit%20the%20Wind%20-%20Lawrence%20*a*%20Lee/works,Theater
Ion - Euripedes,1,https://archiveofourown.org/tags/Ion%20-%20Euripedes/works,Theater
Iphigenia in Aulis - Euripides,1,https://archiveofourown.org/tags/Iphigenia%20in%20Aulis%20-%20Euripides/works,Theater
Iphigenia in Tauris - Euripides,1,https://archiveofourown.org/tags/Iphigenia%20in%20Tauris%20-%20Euripides/works,Theater
It Shoulda Been You - Anselmi/Hargrove,1,https://archiveofourown.org/tags/It%20Shoulda%20Been%20You%20-%20Anselmi*s*Hargrove/works,Theater
Jasper in Deadland - Oliver/Oliver & Foster,1,https://archiveofourown.org/tags/Jasper%20in%20Deadland%20-%20Oliver*s*Oliver%20*a*%20Foster/works,Theater
Jerry Springer: The Opera - Thomas/Lee,1,https://archiveofourown.org/tags/Jerry%20Springer:%20The%20Opera%20-%20Thomas*s*Lee/works,Theater
カラフトお祖父さん - 鄭 | Karafuto Ojiisan - Chong,1,https://archiveofourown.org/tags/%E3%82%AB%E3%83%A9%E3%83%95%E3%83%88%E3%81%8A%E7%A5%96%E7%88%B6%E3%81%95%E3%82%93%20-%20%E9%84%AD%20%7C%20Karafuto%20Ojiisan%20-%20Chong/works,Theater
Káťa Kabanová - Janáček/Červinka,1,https://archiveofourown.org/tags/K%C3%A1%C5%A5a%20Kabanov%C3%A1%20-%20Jan%C3%A1%C4%8Dek*s*%C4%8Cervinka/works,Theater
A kékszakállú herceg vára | Duke Bluebeard's Castle - Bartók/Balázs,1,https://archiveofourown.org/tags/A%20k%C3%A9kszak%C3%A1ll%C3%BA%20herceg%20v%C3%A1ra%20%7C%20Duke%20Bluebeard's%20Castle%20-%20Bart%C3%B3k*s*Bal%C3%A1zs/works,Theater
The King and I - Rodgers/Hammerstein,1,https://archiveofourown.org/tags/The%20King%20and%20I%20-%20Rodgers*s*Hammerstein/works,Theater
L'elisir d'amore | The Elixir of Love - Donzietti/Romani,1,https://archiveofourown.org/tags/L'elisir%20d'amore%20%7C%20The%20Elixir%20of%20Love%20-%20Donzietti*s*Romani/works,Theater
アーサー王伝説 | La Légende du Roi Arthur - Takarazuka Revue,1,https://archiveofourown.org/tags/%E3%82%A2%E3%83%BC%E3%82%B5%E3%83%BC%E7%8E%8B%E4%BC%9D%E8%AA%AC%20%7C%20La%20L%C3%A9gende%20du%20Roi%20Arthur%20-%20Takarazuka%20Revue/works,Theater
La Triviata (Discworld Opera),1,https://archiveofourown.org/tags/La%20Triviata%20(Discworld%20Opera)/works,Theater
Leben des Galilei | Life of Galileo - Brecht/Eisler,1,https://archiveofourown.org/tags/Leben%20des%20Galilei%20%7C%20Life%20of%20Galileo%20-%20Brecht*s*Eisler/works,Theater
Lettice and Lovage - Shaffer,1,https://archiveofourown.org/tags/Lettice%20and%20Lovage%20-%20Shaffer/works,Theater
Li'l Abner - de Paul/Mercer/Panama/Frank,1,https://archiveofourown.org/tags/Li'l%20Abner%20-%20de%20Paul*s*Mercer*s*Panama*s*Frank/works,Theater
The Light Princess - Amos/Adamson,1,https://archiveofourown.org/tags/The%20Light%20Princess%20-%20Amos*s*Adamson/works,Theater
The Lightning Thief - Rokicki/Tracz,1,https://archiveofourown.org/tags/The%20Lightning%20Thief%20-%20Rokicki*s*Tracz/works,Theater
黒豹の如く | Like a Black Panther - Takarazuka Revue,1,https://archiveofourown.org/tags/%E9%BB%92%E8%B1%B9%E3%81%AE%E5%A6%82%E3%81%8F%20%7C%20Like%20a%20Black%20Panther%20-%20Takarazuka%20Revue/works,Theater
Little Women - Howland/Dickstein/Knee,1,https://archiveofourown.org/tags/Little%20Women%20-%20Howland*s*Dickstein*s*Knee/works,Theater
Lord of the Dance (Musical),1,https://archiveofourown.org/tags/Lord%20of%20the%20Dance%20(Musical)/works,Theater
Love! Valour! Compassion! - McNally,1,https://archiveofourown.org/tags/Love!%20Valour!%20Compassion!%20-%20McNally/works,Theater
Lucia di Lammermoor - Donizetti/Cammarano,1,https://archiveofourown.org/tags/Lucia%20di%20Lammermoor%20-%20Donizetti*s*Cammarano/works,Theater
Lysistrata - Aristophanes,1,https://archiveofourown.org/tags/Lysistrata%20-%20Aristophanes/works,Theater
マグダラなマリア - 湯澤 | Magdalena na Maria - Yuwaza,1,https://archiveofourown.org/tags/%E3%83%9E%E3%82%B0%E3%83%80%E3%83%A9%E3%81%AA%E3%83%9E%E3%83%AA%E3%82%A2%20-%20%E6%B9%AF%E6%BE%A4%20%7C%20Magdalena%20na%20Maria%20-%20Yuwaza/works,Theater
Majishan no Yuutsu | A Magician's Misfortunes - Takarazuka Revue,1,https://archiveofourown.org/tags/Majishan%20no%20Yuutsu%20%7C%20A%20Magician's%20Misfortunes%20-%20Takarazuka%20Revue/works,Theater
Les Malheurs de Sophie | The Misfortunes of Sophie - All Media Types,1,https://archiveofourown.org/tags/Les%20Malheurs%20de%20Sophie%20%7C%20The%20Misfortunes%20of%20Sophie%20-%20All%20Media%20Types/works,Theater
Die Malteser - Friedrich Schiller,1,https://archiveofourown.org/tags/Die%20Malteser%20-%20Friedrich%20Schiller/works,Theater
Marie Antoinette - Levay/Kunze,1,https://archiveofourown.org/tags/Marie%20Antoinette%20-%20Levay*s*Kunze/works,Theater
Martin Guerre - Schönberg/Boublil/Clark,1,https://archiveofourown.org/tags/Martin%20Guerre%20-%20Sch%C3%B6nberg*s*Boublil*s*Clark/works,Theater
Medieval Times Dinner & Tournament,1,https://archiveofourown.org/tags/Medieval%20Times%20Dinner%20*a*%20Tournament/works,Theater
The Medium - Menotti,1,https://archiveofourown.org/tags/The%20Medium%20-%20Menotti/works,Theater
Menyasszonytánc - Jávori/Miklós/Böhm & Kállai,1,https://archiveofourown.org/tags/Menyasszonyt%C3%A1nc%20-%20J%C3%A1vori*s*Mikl%C3%B3s*s*B%C3%B6hm%20*a*%20K%C3%A1llai/works,Theater
La Mère coupable | The Guilty Mother - Beaumarchais,1,https://archiveofourown.org/tags/La%20M%C3%A8re%20coupable%20%7C%20The%20Guilty%20Mother%20-%20Beaumarchais/works,Theater
Le Misanthrope ou l'Atrabilaire amoureux | The Misanthrope or the Cantankerous Lover - Molière,1,https://archiveofourown.org/tags/Le%20Misanthrope%20ou%20l'Atrabilaire%20amoureux%20%7C%20The%20Misanthrope%20or%20the%20Cantankerous%20Lover%20-%20Moli%C3%A8re/works,Theater
Miserable Les (Discworld Musical),1,https://archiveofourown.org/tags/Miserable%20Les%20(Discworld%20Musical)/works,Theater
もののふ白き虎 - 西田大輔 | Mononofu Shiroki Tora - Nishida Daisuke,1,https://archiveofourown.org/tags/%E3%82%82%E3%81%AE%E3%81%AE%E3%81%B5%E7%99%BD%E3%81%8D%E8%99%8E%20-%20%E8%A5%BF%E7%94%B0%E5%A4%A7%E8%BC%94%20%7C%20Mononofu%20Shiroki%20Tora%20-%20Nishida%20Daisuke/works,Theater
Monster Mash Bash - Six Flags Fiesta Texas,1,https://archiveofourown.org/tags/Monster%20Mash%20Bash%20-%20Six%20Flags%20Fiesta%20Texas/works,Theater
The Most Incredible Thing - Pet Shop Boys,1,https://archiveofourown.org/tags/The%20Most%20Incredible%20Thing%20-%20Pet%20Shop%20Boys/works,Theater
Mrs. Warren's Profession - Shaw,1,https://archiveofourown.org/tags/Mrs*d*%20Warren's%20Profession%20-%20Shaw/works,Theater
眠らない男ナポレオン | Napoléon the Man Who Never Sleeps - Takarazuka Revue,1,https://archiveofourown.org/tags/%E7%9C%A0%E3%82%89%E3%81%AA%E3%81%84%E7%94%B7%E3%83%8A%E3%83%9D%E3%83%AC%E3%82%AA%E3%83%B3%20%7C%20Napol%C3%A9on%20the%20Man%20Who%20Never%20Sleeps%20-%20Takarazuka%20Revue/works,Theater
Never Say Goodbye - Takarazuka Revue,1,https://archiveofourown.org/tags/Never%20Say%20Goodbye%20-%20Takarazuka%20Revue/works,Theater
Noah's Flood - Chester Mystery Cycle,1,https://archiveofourown.org/tags/Noah's%20Flood%20-%20Chester%20Mystery%20Cycle/works,Theater
Normal - Ng,1,https://archiveofourown.org/tags/Normal%20-%20Ng/works,Theater
Not About Heroes - MacDonald,1,https://archiveofourown.org/tags/Not%20About%20Heroes%20-%20MacDonald/works,Theater
ノバ ボサ ノバ | Nova Bossa Nova - Takarazuka Revue,1,https://archiveofourown.org/tags/%E3%83%8E%E3%83%90%20%E3%83%9C%E3%82%B5%20%E3%83%8E%E3%83%90%20%7C%20Nova%20Bossa%20Nova%20-%20Takarazuka%20Revue/works,Theater
Les nuits d'été - Berlioz,1,https://archiveofourown.org/tags/Les%20nuits%20d'%C3%A9t%C3%A9%20-%20Berlioz/works,Theater
Nunsense,1,https://archiveofourown.org/tags/Nunsense/works,Theater
O - Cirque du Soleil,1,https://archiveofourown.org/tags/O%20-%20Cirque%20du%20Soleil/works,Theater
Off Centre - Haresh Sharma,1,https://archiveofourown.org/tags/Off%20Centre%20-%20Haresh%20Sharma/works,Theater
Once - Hansard/Irglová/Walsh,1,https://archiveofourown.org/tags/Once%20-%20Hansard*s*Irglov%C3%A1*s*Walsh/works,Theater
Orestes - Euripides,1,https://archiveofourown.org/tags/Orestes%20-%20Euripides/works,Theater
Our Town - Wilder,1,https://archiveofourown.org/tags/Our%20Town%20-%20Wilder/works,Theater
Paradis - Cederholm,1,https://archiveofourown.org/tags/Paradis%20-%20Cederholm/works,Theater
Les pêcheurs de perles | The Pearl Fishers - Bizet/Cormon & Carré,1,https://archiveofourown.org/tags/Les%20p%C3%AAcheurs%20de%20perles%20%7C%20The%20Pearl%20Fishers%20-%20Bizet*s*Cormon%20*a*%20Carr%C3%A9/works,Theater
Peer Gynt - Henrik Ibsen,1,https://archiveofourown.org/tags/Peer%20Gynt%20-%20Henrik%20Ibsen/works,Theater
Peter Pan - Charlap & Styne/Leigh & Comden & Green/Barrie,1,https://archiveofourown.org/tags/Peter%20Pan%20-%20Charlap%20*a*%20Styne*s*Leigh%20*a*%20Comden%20*a*%20Green*s*Barrie/works,Theater
Phantom: The American Musical Sensation - Yeston/Kopit,1,https://archiveofourown.org/tags/Phantom:%20The%20American%20Musical%20Sensation%20-%20Yeston*s*Kopit/works,Theater
Picasso at the Lapin Agile - Martin,1,https://archiveofourown.org/tags/Picasso%20at%20the%20Lapin%20Agile%20-%20Martin/works,Theater
The Pirate Queen - Boublil/Schönberg,1,https://archiveofourown.org/tags/The%20Pirate%20Queen%20-%20Boublil*s*Sch%C3%B6nberg/works,Theater
Pleasuredome: The Musical - Various/Beesley,1,https://archiveofourown.org/tags/Pleasuredome:%20The%20Musical%20-%20Various*s*Beesley/works,Theater
Porgy and Bess - Gershwin/Gershwin/Heyward,1,https://archiveofourown.org/tags/Porgy%20and%20Bess%20-%20Gershwin*s*Gershwin*s*Heyward/works,Theater
A Prayer for My Daughter - Babe,1,https://archiveofourown.org/tags/A%20Prayer%20for%20My%20Daughter%20-%20Babe/works,Theater
Present Laughter - Coward,1,https://archiveofourown.org/tags/Present%20Laughter%20-%20Coward/works,Theater
The Pride - Kaye Campbell,1,https://archiveofourown.org/tags/The%20Pride%20-%20Kaye%20Campbell/works,Theater
Князь Игорь - Бороди́н | Prince Igor - Borodin,1,https://archiveofourown.org/tags/%D0%9A%D0%BD%D1%8F%D0%B7%D1%8C%20%D0%98%D0%B3%D0%BE%D1%80%D1%8C%20-%20%D0%91%D0%BE%D1%80%D0%BE%D0%B4%D0%B8%CC%81%D0%BD%20%7C%20Prince%20Igor%20-%20Borodin/works,Theater
Princess Ida - Sullivan/Gilbert,1,https://archiveofourown.org/tags/Princess%20Ida%20-%20Sullivan*s*Gilbert/works,Theater
Prodigal Son - Shanley,1,https://archiveofourown.org/tags/Prodigal%20Son%20-%20Shanley/works,Theater
Punch and Judy (Puppet Show),1,https://archiveofourown.org/tags/Punch%20and%20Judy%20(Puppet%20Show)/works,Theater
Queen Lear - Shakespeare,1,https://archiveofourown.org/tags/Queen%20Lear%20-%20Shakespeare/works,Theater
Return to the Forbidden Planet - Carlton,1,https://archiveofourown.org/tags/Return%20to%20the%20Forbidden%20Planet%20-%20Carlton/works,Theater
Rigoletto - Verdi/Piave,1,https://archiveofourown.org/tags/Rigoletto%20-%20Verdi*s*Piave/works,Theater
The Rivals - Sheridan,1,https://archiveofourown.org/tags/The%20Rivals%20-%20Sheridan/works,Theater
The River - Jez Butterworth,1,https://archiveofourown.org/tags/The%20River%20-%20Jez%20Butterworth/works,Theater
Rock 'n' Roll - Stoppard,1,https://archiveofourown.org/tags/Rock%20'n'%20Roll%20-%20Stoppard/works,Theater
Le Roi Soleil - Florence/Guirano/Ouali,1,https://archiveofourown.org/tags/Le%20Roi%20Soleil%20-%20Florence*s*Guirano*s*Ouali/works,Theater
Romeo i Julia - Stokłosa/Wermer,1,https://archiveofourown.org/tags/Romeo%20i%20Julia%20-%20Stok%C5%82osa*s*Wermer/works,Theater
The Rover - Behn,1,https://archiveofourown.org/tags/The%20Rover%20-%20Behn/works,Theater
Rumors - Simon,1,https://archiveofourown.org/tags/Rumors%20-%20Simon/works,Theater
Rustlers of Red Rock - Chapelle,1,https://archiveofourown.org/tags/Rustlers%20of%20Red%20Rock%20-%20Chapelle/works,Theater
Salomé - Oscar Wilde,1,https://archiveofourown.org/tags/Salom%C3%A9%20-%20Oscar%20Wilde/works,Theater
The Scarlet Pimpernel - Takarazuka Revue,1,https://archiveofourown.org/tags/The%20Scarlet%20Pimpernel%20-%20Takarazuka%20Revue/works,Theater
School of Rock - Lloyd Webber/Slater/Fellowes,1,https://archiveofourown.org/tags/School%20of%20Rock%20-%20Lloyd%20Webber*s*Slater*s*Fellowes/works,Theater
Seesaw - Coleman/Fields/Bennett,1,https://archiveofourown.org/tags/Seesaw%20-%20Coleman*s*Fields*s*Bennett/works,Theater
Sei Personaggi in Cerca d'Autore | Six Characters in Search of an Author - Pirandello,1,https://archiveofourown.org/tags/Sei%20Personaggi%20in%20Cerca%20d'Autore%20%7C%20Six%20Characters%20in%20Search%20of%20an%20Author%20-%20Pirandello/works,Theater
Seminar - Rebeck,1,https://archiveofourown.org/tags/Seminar%20-%20Rebeck/works,Theater
Il servitore di due padroni | Servant of Two Masters - Goldoni,1,https://archiveofourown.org/tags/Il%20servitore%20di%20due%20padroni%20%7C%20Servant%20of%20Two%20Masters%20-%20Goldoni/works,Theater
The Seven Year Itch - All Media Types,1,https://archiveofourown.org/tags/The%20Seven%20Year%20Itch%20-%20All%20Media%20Types/works,Theater
Shadowlands - Nicholson,1,https://archiveofourown.org/tags/Shadowlands%20-%20Nicholson/works,Theater
She Stoops to Conquer - Goldsmith,1,https://archiveofourown.org/tags/She%20Stoops%20to%20Conquer%20-%20Goldsmith/works,Theater
The Shoemaker's Holiday - Dekker,1,https://archiveofourown.org/tags/The%20Shoemaker's%20Holiday%20-%20Dekker/works,Theater
Shuffle Along; or the Making of the Musical Sensation of 1921 - Blake & Sissle/Wolfe,1,https://archiveofourown.org/tags/Shuffle%20Along;%20or%20the%20Making%20of%20the%20Musical%20Sensation%20of%201921%20-%20Blake%20*a*%20Sissle*s*Wolfe/works,Theater
Side Show - Krieger/Russell,1,https://archiveofourown.org/tags/Side%20Show%20-%20Krieger*s*Russell/works,Theater
Silver Rose Chronicle (Play),1,https://archiveofourown.org/tags/Silver%20Rose%20Chronicle%20(Play)/works,Theater
Simon Boccanegra - Verdi/Piave,1,https://archiveofourown.org/tags/Simon%20Boccanegra%20-%20Verdi*s*Piave/works,Theater
Спящая красавица - Чайковски | The Sleeping Beauty - Tchaikovsky,1,https://archiveofourown.org/tags/%D0%A1%D0%BF%D1%8F%D1%89%D0%B0%D1%8F%20%D0%BA%D1%80%D0%B0%D1%81%D0%B0%D0%B2%D0%B8%D1%86%D0%B0%20-%20%D0%A7%D0%B0%D0%B9%D0%BA%D0%BE%D0%B2%D1%81%D0%BA%D0%B8%20%7C%20The%20Sleeping%20Beauty%20-%20Tchaikovsky/works,Theater
Снегу́рочка - Ри́мский-Ко́рсаков | The Snow Maiden - Rimsky-Korsakov,1,https://archiveofourown.org/tags/%D0%A1%D0%BD%D0%B5%D0%B3%D1%83%CC%81%D1%80%D0%BE%D1%87%D0%BA%D0%B0%20-%20%D0%A0%D0%B8%CC%81%D0%BC%D1%81%D0%BA%D0%B8%D0%B9-%D0%9A%D0%BE%CC%81%D1%80%D1%81%D0%B0%D0%BA%D0%BE%D0%B2%20%7C%20The%20Snow%20Maiden%20-%20Rimsky-Korsakov/works,Theater
Songs for a New World - Brown,1,https://archiveofourown.org/tags/Songs%20for%20a%20New%20World%20-%20Brown/works,Theater
The Sorcerer - Sullivan/Gilbert,1,https://archiveofourown.org/tags/The%20Sorcerer%20-%20Sullivan*s*Gilbert/works,Theater
The Sparrow - Chris Mathews & Jake Minto,1,https://archiveofourown.org/tags/The%20Sparrow%20-%20Chris%20Mathews%20*a*%20Jake%20Minto/works,Theater
Street Scene - Weill/Hughes/Rice,1,https://archiveofourown.org/tags/Street%20Scene%20-%20Weill*s*Hughes*s*Rice/works,Theater
Sundown: Whispers of Ragnarok - Sassafrass,1,https://archiveofourown.org/tags/Sundown:%20Whispers%20of%20Ragnarok%20-%20Sassafrass/works,Theater
Sympathy Jones - Asare/Pierce,1,https://archiveofourown.org/tags/Sympathy%20Jones%20-%20Asare*s*Pierce/works,Theater
Taboo - Various/Boy George/Davies Markham & Busch,1,https://archiveofourown.org/tags/Taboo%20-%20Various*s*Boy%20George*s*Davies%20Markham%20*a*%20Busch/works,Theater
Про Федота-стрельца удалого молодца - Филатов | The Tale of Fedot the Strelets - Filatov,1,https://archiveofourown.org/tags/%D0%9F%D1%80%D0%BE%20%D0%A4%D0%B5%D0%B4%D0%BE%D1%82%D0%B0-%D1%81%D1%82%D1%80%D0%B5%D0%BB%D1%8C%D1%86%D0%B0%20%D1%83%D0%B4%D0%B0%D0%BB%D0%BE%D0%B3%D0%BE%20%D0%BC%D0%BE%D0%BB%D0%BE%D0%B4%D1%86%D0%B0%20-%20%D0%A4%D0%B8%D0%BB%D0%B0%D1%82%D0%BE%D0%B2%20%7C%20The%20Tale%20of%20Fedot%20the%20Strelets%20-%20Filatov/works,Theater
Talking Heads - Bennett,1,https://archiveofourown.org/tags/Talking%20Heads%20-%20Bennett/works,Theater
Tannhäuser - Wagner,1,https://archiveofourown.org/tags/Tannh%C3%A4user%20-%20Wagner/works,Theater
Teenage Mutant Ninja Turtles: Coming Out of Their Shells - Bejan & Nelson,1,https://archiveofourown.org/tags/Teenage%20Mutant%20Ninja%20Turtles:%20Coming%20Out%20of%20Their%20Shells%20-%20Bejan%20*a*%20Nelson/works,Theater
Tender Green - Takarazuka Revue,1,https://archiveofourown.org/tags/Tender%20Green%20-%20Takarazuka%20Revue/works,Theater
Медведь - Че́хов | The Bear - Chekhov,1,https://archiveofourown.org/tags/%D0%9C%D0%B5%D0%B4%D0%B2%D0%B5%D0%B4%D1%8C%20-%20%D0%A7%D0%B5%CC%81%D1%85%D0%BE%D0%B2%20%7C%20The%20Bear%20-%20Chekhov/works,Theater
The Pillowman - McDonagh,1,https://archiveofourown.org/tags/The%20Pillowman%20-%20McDonagh/works,Theater
The Prom - Sklar/Beguelin/Martin,1,https://archiveofourown.org/tags/The%20Prom%20-%20Sklar*s*Beguelin*s*Martin/works,Theater
The Spoils - Eisenberg,1,https://archiveofourown.org/tags/The%20Spoils%20-%20Eisenberg/works,Theater
This is Our Youth - Lonergan,1,https://archiveofourown.org/tags/This%20is%20Our%20Youth%20-%20Lonergan/works,Theater
The Time of Your Life - Saroyan,1,https://archiveofourown.org/tags/The%20Time%20of%20Your%20Life%20-%20Saroyan/works,Theater
Trails - Thomson/Mann/Hall,1,https://archiveofourown.org/tags/Trails%20-%20Thomson*s*Mann*s*Hall/works,Theater
Il trovatore - Verdi/Cammarano,1,https://archiveofourown.org/tags/Il%20trovatore%20-%20Verdi*s*Cammarano/works,Theater
Two Noble Kinsmen - Shakespeare,1,https://archiveofourown.org/tags/Two%20Noble%20Kinsmen%20-%20Shakespeare/works,Theater
Vagina Monologues - Ensler,1,https://archiveofourown.org/tags/Vagina%20Monologues%20-%20Ensler/works,Theater
Le Vampire - Dumas & Maquet,1,https://archiveofourown.org/tags/Le%20Vampire%20-%20Dumas%20*a*%20Maquet/works,Theater
The View UpStairs - Vernon,1,https://archiveofourown.org/tags/The%20View%20UpStairs%20-%20Vernon/works,Theater
The Warrior Virgin - Duder & Baynton,1,https://archiveofourown.org/tags/The%20Warrior%20Virgin%20-%20Duder%20*a*%20Baynton/works,Theater
Where Words Once Were - Kruckemeyer,1,https://archiveofourown.org/tags/Where%20Words%20Once%20Were%20-%20Kruckemeyer/works,Theater
The Who's Tommy - McAnuff/Townshend,1,https://archiveofourown.org/tags/The%20Who's%20Tommy%20-%20McAnuff*s*Townshend/works,Theater
Wild Party - LaChiusa/LaChiusa & Wolfe,1,https://archiveofourown.org/tags/Wild%20Party%20-%20LaChiusa*s*LaChiusa%20*a*%20Wolfe/works,Theater
The Woman's Prize or The Tamer Tamed - Fletcher,1,https://archiveofourown.org/tags/The%20Woman's%20Prize%20or%20The%20Tamer%20Tamed%20-%20Fletcher/works,Theater
Wonderful Town - Bernstein/Comden/Green/Fields/Chodorov,1,https://archiveofourown.org/tags/Wonderful%20Town%20-%20Bernstein*s*Comden*s*Green*s*Fields*s*Chodorov/works,Theater
Woyzeck - Büchner,1,https://archiveofourown.org/tags/Woyzeck%20-%20B%C3%BCchner/works,Theater
The Yeomen of the Guard - Sullivan/Gilbert,1,https://archiveofourown.org/tags/The%20Yeomen%20of%20the%20Guard%20-%20Sullivan*s*Gilbert/works,Theater
Zaïre | The Tragedy of Zara - Voltaire,1,https://archiveofourown.org/tags/Za%C3%AFre%20%7C%20The%20Tragedy%20of%20Zara%20-%20Voltaire/works,Theater
Zemsta - Fredro,1,https://archiveofourown.org/tags/Zemsta%20-%20Fredro/works,Theater
[title of show] - Bell/Bowen,1,https://archiveofourown.org/tags/%5Btitle%20of%20show%5D%20-%20Bell*s*Bowen/works,Theater
